target,feature_set,scheme,horizon,window,alpha,n_nonzero,warnings_total,final_n_iter,final_dual_gap,final_converged,pred_max_abs_diff
return,A,expanding,1,0,0.1,0,0,1,0.0,True,0.0
return,A,expanding,1,1,0.1,0,0,1,0.0,True,0.0
return,A,expanding,1,2,0.1,0,0,1,0.0,True,0.0
return,A,expanding,1,3,0.1,0,0,1,0.0,True,0.0
return,A,expanding,1,4,0.1,0,0,1,0.0,True,0.0
return,A,expanding,1,5,0.1,0,0,1,0.0,True,0.0
return,A,expanding,1,6,0.1,0,0,1,0.0,True,0.0
return,A,expanding,1,7,0.1,0,0,1,0.0,True,0.0
return,A,expanding,1,8,0.1,0,0,1,0.0,True,0.0
return,A,expanding,1,9,0.1,0,0,1,0.0,True,0.0
return,A,expanding,1,10,0.1,0,0,1,0.0,True,0.0
return,A,expanding,1,11,0.1,0,0,1,0.0,True,0.0
return,A,expanding,1,12,0.1,0,0,1,0.0,True,0.0
return,A,expanding,1,13,0.1,0,0,1,0.0,True,0.0
return,A,expanding,1,14,0.1,0,0,1,0.0,True,0.0
return,A,expanding,1,15,0.1,0,0,1,0.0,True,0.0
return,A,expanding,1,16,0.1,0,0,1,0.0,True,0.0
return,A,expanding,1,17,0.1,0,0,1,0.0,True,0.0
return,A,expanding,1,18,0.1,0,0,1,0.0,True,0.0
return,A,expanding,1,19,0.1,0,0,1,0.0,True,0.0
return,A,expanding,1,20,0.1,0,0,1,0.0,True,0.0
return,A,expanding,1,21,0.1,0,0,1,0.0,True,0.0
return,A,expanding,1,22,0.1,0,0,1,0.0,True,0.0
return,A,expanding,1,23,0.1,0,0,1,0.0,True,0.0
return,A,expanding,1,24,0.1,0,0,1,0.0,True,0.0
return,A,expanding,1,25,0.1,0,0,1,0.0,True,0.0
return,A,expanding,1,26,0.1,0,0,1,0.0,True,0.0
return,A,expanding,3,0,0.1,0,0,1,0.0,True,0.0
return,A,expanding,3,1,0.1,0,0,1,0.0,True,0.0
return,A,expanding,3,2,0.1,0,0,1,0.0,True,0.0
return,A,expanding,3,3,0.1,0,0,1,0.0,True,0.0
return,A,expanding,3,4,0.001,4,0,6,4.316898411990237e-12,True,0.0
return,A,expanding,3,5,0.001,5,0,7,3.368926106002665e-12,True,0.0
return,A,expanding,3,6,0.001,5,0,7,1.734662556601081e-12,True,0.0
return,A,expanding,3,7,0.001,5,0,6,3.6144634240919603e-12,True,0.0
return,A,expanding,3,8,0.001,4,0,7,2.1368631379151243e-12,True,0.0
return,A,expanding,3,9,0.001,4,0,4,1.8641659137954238e-13,True,0.0
return,A,expanding,3,10,0.001,5,0,4,1.9244607680290955e-13,True,0.0
return,A,expanding,3,11,0.001,5,0,4,5.918352589225287e-13,True,0.0
return,A,expanding,3,12,0.001,4,0,4,8.480247756449006e-13,True,0.0
return,A,expanding,3,13,0.001,5,0,6,7.164077088528856e-13,True,0.0
return,A,expanding,3,14,0.001,5,0,6,5.491537687656415e-13,True,0.0
return,A,expanding,3,15,0.001,5,0,6,4.992139187668498e-13,True,0.0
return,A,expanding,3,16,0.001,4,0,4,8.372710123729302e-14,True,0.0
return,A,expanding,3,17,0.001,4,0,4,4.387281355769253e-14,True,0.0
return,A,expanding,3,18,0.001,4,0,4,6.7746557582514325e-15,True,0.0
return,A,expanding,3,19,0.001,4,0,4,3.106872177523327e-15,True,0.0
return,A,expanding,3,20,0.001,1,0,2,5.640850925445616e-19,True,0.0
return,A,expanding,3,21,0.001,3,0,3,2.0071149195362939e-13,True,0.0
return,A,expanding,3,22,0.001,3,0,4,1.5967946351493657e-15,True,0.0
return,A,expanding,3,23,0.001,3,0,4,1.4107788178737217e-15,True,0.0
return,A,expanding,3,24,0.1,0,0,1,0.0,True,0.0
return,A,expanding,3,25,0.001,2,0,3,1.4012501030657411e-14,True,0.0
return,A,expanding,3,26,0.001,4,0,5,6.968013093732488e-13,True,0.0
return,A,expanding,5,0,0.1,0,0,1,0.0,True,0.0
return,A,expanding,5,1,0.1,0,0,1,0.0,True,0.0
return,A,expanding,5,2,0.001,8,0,7,1.5117904551491654e-10,True,0.0
return,A,expanding,5,3,0.001,8,0,7,2.3628114683502907e-10,True,0.0
return,A,expanding,5,4,0.1,0,0,1,0.0,True,0.0
return,A,expanding,5,5,0.001,8,0,10,1.1174448765543675e-11,True,0.0
return,A,expanding,5,6,0.001,7,0,10,8.908177456010216e-12,True,0.0
return,A,expanding,5,7,0.001,6,0,9,8.419839465218901e-11,True,0.0
return,A,expanding,5,8,0.001,6,0,9,1.545194571221328e-11,True,0.0
return,A,expanding,5,9,0.1,0,0,1,0.0,True,0.0
return,A,expanding,5,10,0.001,9,0,6,1.562051030244736e-11,True,0.0
return,A,expanding,5,11,0.001,9,0,5,8.43278156118823e-12,True,0.0
return,A,expanding,5,12,0.001,7,0,6,1.278598483128482e-11,True,0.0
return,A,expanding,5,13,0.1,0,0,1,0.0,True,0.0
return,A,expanding,5,14,0.1,0,0,1,0.0,True,0.0
return,A,expanding,5,15,0.1,0,0,1,0.0,True,0.0
return,A,expanding,5,16,0.001,6,0,7,5.440753240248726e-11,True,0.0
return,A,expanding,5,17,0.001,6,0,6,2.4323734485079637e-12,True,0.0
return,A,expanding,5,18,0.001,5,0,4,2.1065534453232607e-12,True,0.0
return,A,expanding,5,19,0.001,5,0,4,1.8549214779404994e-12,True,0.0
return,A,expanding,5,20,0.001,5,0,4,8.490633435269251e-13,True,0.0
return,A,expanding,5,21,0.001,5,0,9,1.5179421791949567e-11,True,0.0
return,A,expanding,5,22,0.1,0,0,1,0.0,True,0.0
return,A,expanding,5,23,0.1,0,0,1,0.0,True,0.0
return,A,expanding,5,24,0.1,0,0,1,0.0,True,0.0
return,A,expanding,5,25,0.1,0,0,1,0.0,True,0.0
return,A,expanding,5,26,0.1,0,0,1,0.0,True,0.0
return,A,rolling_9m_3m,1,0,0.001,1,0,2,1.523835523995313e-19,True,0.0
return,A,rolling_9m_3m,1,1,0.001,2,0,5,1.4209207004103023e-13,True,0.0
return,A,rolling_9m_3m,1,2,0.001,1,0,2,-8.502569593146901e-20,True,0.0
return,A,rolling_9m_3m,1,3,0.001,1,0,2,0.0,True,0.0
return,A,rolling_9m_3m,1,4,0.1,0,0,1,0.0,True,0.0
return,A,rolling_9m_3m,1,5,0.001,0,0,1,0.0,True,0.0
return,A,rolling_9m_3m,1,6,0.001,1,0,2,0.0,True,0.0
return,A,rolling_9m_3m,1,7,0.001,1,0,2,4.117274335713542e-20,True,0.0
return,A,rolling_9m_3m,1,8,0.001,1,0,2,-6.159920610089642e-20,True,0.0
return,A,rolling_9m_3m,1,9,0.1,0,0,1,0.0,True,0.0
return,A,rolling_9m_3m,1,10,0.1,0,0,1,0.0,True,0.0
return,A,rolling_9m_3m,1,11,0.1,0,0,1,0.0,True,0.0
return,A,rolling_9m_3m,1,12,0.1,0,0,1,0.0,True,0.0
return,A,rolling_9m_3m,1,13,0.001,0,0,1,0.0,True,0.0
return,A,rolling_9m_3m,1,14,0.001,2,0,3,4.795396529292198e-16,True,0.0
return,A,rolling_9m_3m,1,15,0.001,3,0,4,4.160414788570885e-13,True,0.0
return,A,rolling_9m_3m,1,16,0.001,3,0,4,3.1096594209003947e-13,True,0.0
return,A,rolling_9m_3m,1,17,0.001,2,0,4,4.415579094092267e-13,True,0.0
return,A,rolling_9m_3m,1,18,0.001,1,0,2,-4.027289469937994e-20,True,0.0
return,A,rolling_9m_3m,1,19,0.001,1,0,2,-4.0353403893690377e-20,True,0.0
return,A,rolling_9m_3m,1,20,0.1,0,0,1,0.0,True,0.0
return,A,rolling_9m_3m,1,21,0.001,0,0,1,0.0,True,0.0
return,A,rolling_9m_3m,1,22,0.1,0,0,1,0.0,True,0.0
return,A,rolling_9m_3m,1,23,0.1,0,0,1,0.0,True,0.0
return,A,rolling_9m_3m,1,24,0.1,0,0,1,0.0,True,0.0
return,A,rolling_9m_3m,1,25,0.001,1,0,2,4.0519088489969214e-20,True,0.0
return,A,rolling_9m_3m,1,26,0.001,1,0,3,-4.025464193709777e-20,True,0.0
return,A,rolling_9m_3m,1,27,0.001,3,0,5,6.243394725356804e-12,True,0.0
return,A,rolling_9m_3m,1,28,0.001,2,0,5,3.331581416567007e-12,True,0.0
return,A,rolling_9m_3m,1,29,0.1,0,0,1,0.0,True,0.0
return,A,rolling_9m_3m,1,30,0.1,0,0,1,0.0,True,0.0
return,A,rolling_9m_3m,1,31,0.001,2,0,5,9.762307310314819e-15,True,0.0
return,A,rolling_9m_3m,3,0,0.1,0,0,1,0.0,True,0.0
return,A,rolling_9m_3m,3,1,0.1,0,0,1,0.0,True,0.0
return,A,rolling_9m_3m,3,2,0.001,11,0,10,3.3008564992056145e-10,True,0.0
return,A,rolling_9m_3m,3,3,0.1,0,0,1,0.0,True,0.0
return,A,rolling_9m_3m,3,4,0.1,0,0,1,0.0,True,0.0
return,A,rolling_9m_3m,3,5,0.1,0,0,1,0.0,True,0.0
return,A,rolling_9m_3m,3,6,0.1,0,0,1,0.0,True,0.0
return,A,rolling_9m_3m,3,7,0.1,0,0,1,0.0,True,0.0
return,A,rolling_9m_3m,3,8,0.1,0,0,1,0.0,True,0.0
return,A,rolling_9m_3m,3,9,0.1,0,0,1,0.0,True,0.0
return,A,rolling_9m_3m,3,10,0.1,0,0,1,0.0,True,0.0
return,A,rolling_9m_3m,3,11,0.1,0,0,1,0.0,True,0.0
return,A,rolling_9m_3m,3,12,0.001,11,0,7,8.33930471764665e-11,True,0.0
return,A,rolling_9m_3m,3,13,0.1,0,0,1,0.0,True,0.0
return,A,rolling_9m_3m,3,14,0.1,0,0,1,0.0,True,0.0
return,A,rolling_9m_3m,3,15,0.001,26,0,11,8.676758053319494e-09,True,0.0
return,A,rolling_9m_3m,3,16,0.001,28,0,12,1.1669582637313125e-08,True,0.0
return,A,rolling_9m_3m,3,17,0.1,0,0,1,0.0,True,0.0
return,A,rolling_9m_3m,3,18,0.001,12,0,15,3.207181770538579e-10,True,0.0
return,A,rolling_9m_3m,3,19,0.001,12,0,16,4.31224547075753e-10,True,0.0
return,A,rolling_9m_3m,3,20,0.1,0,0,1,0.0,True,0.0
return,A,rolling_9m_3m,3,21,0.1,0,0,1,0.0,True,0.0
return,A,rolling_9m_3m,3,22,0.1,0,0,1,0.0,True,0.0
return,A,rolling_9m_3m,3,23,0.001,24,0,9,2.032118910426355e-09,True,0.0
return,A,rolling_9m_3m,3,24,0.1,0,0,1,0.0,True,0.0
return,A,rolling_9m_3m,3,25,0.1,0,0,1,0.0,True,0.0
return,A,rolling_9m_3m,3,26,0.001,9,0,4,7.309482809508666e-10,True,0.0
return,A,rolling_9m_3m,3,27,0.1,0,0,1,0.0,True,0.0
return,A,rolling_9m_3m,3,28,0.001,24,0,14,4.766920555465677e-09,True,0.0
return,A,rolling_9m_3m,3,29,0.001,12,0,7,1.566616216091894e-10,True,0.0
return,A,rolling_9m_3m,3,30,0.1,0,0,1,0.0,True,0.0
return,A,rolling_9m_3m,3,31,0.1,0,0,1,0.0,True,0.0
return,A,rolling_9m_3m,5,0,0.1,0,0,1,0.0,True,0.0
return,A,rolling_9m_3m,5,1,0.1,0,0,1,0.0,True,0.0
return,A,rolling_9m_3m,5,2,0.1,0,0,1,0.0,True,0.0
return,A,rolling_9m_3m,5,3,0.1,0,0,1,0.0,True,0.0
return,A,rolling_9m_3m,5,4,0.1,0,0,1,0.0,True,0.0
return,A,rolling_9m_3m,5,5,0.1,0,0,1,0.0,True,0.0
return,A,rolling_9m_3m,5,6,0.1,0,0,1,0.0,True,0.0
return,A,rolling_9m_3m,5,7,0.1,0,0,1,0.0,True,0.0
return,A,rolling_9m_3m,5,8,0.01,0,0,1,0.0,True,0.0
return,A,rolling_9m_3m,5,9,0.1,0,0,1,0.0,True,0.0
return,A,rolling_9m_3m,5,10,0.1,0,0,1,0.0,True,0.0
return,A,rolling_9m_3m,5,11,0.1,0,0,1,0.0,True,0.0
return,A,rolling_9m_3m,5,12,0.1,0,0,1,0.0,True,0.0
return,A,rolling_9m_3m,5,13,0.1,0,0,1,0.0,True,0.0
return,A,rolling_9m_3m,5,14,0.01,0,0,1,0.0,True,0.0
return,A,rolling_9m_3m,5,15,0.01,1,0,2,6.662379144492266e-19,True,0.0
return,A,rolling_9m_3m,5,16,0.01,1,0,2,9.939514162455939e-19,True,0.0
return,A,rolling_9m_3m,5,17,0.1,0,0,1,0.0,True,0.0
return,A,rolling_9m_3m,5,18,0.1,0,0,1,0.0,True,0.0
return,A,rolling_9m_3m,5,19,0.1,0,0,1,0.0,True,0.0
return,A,rolling_9m_3m,5,20,0.001,23,0,64,2.594588093279301e-08,True,0.0
return,A,rolling_9m_3m,5,21,0.1,0,0,1,0.0,True,0.0
return,A,rolling_9m_3m,5,22,0.1,0,0,1,0.0,True,0.0
return,A,rolling_9m_3m,5,23,0.1,0,0,1,0.0,True,0.0
return,A,rolling_9m_3m,5,24,0.1,0,0,1,0.0,True,0.0
return,A,rolling_9m_3m,5,25,0.1,0,0,1,0.0,True,0.0
return,A,rolling_9m_3m,5,26,0.001,21,0,10,6.899033206890845e-09,True,0.0
return,A,rolling_9m_3m,5,27,0.01,0,0,1,0.0,True,0.0
return,A,rolling_9m_3m,5,28,0.01,0,0,1,0.0,True,0.0
return,A,rolling_9m_3m,5,29,0.1,0,0,1,0.0,True,0.0
return,A,rolling_9m_3m,5,30,0.1,0,0,1,0.0,True,0.0
return,A,rolling_9m_3m,5,31,0.1,0,0,1,0.0,True,0.0
return,B,expanding,1,0,0.1,0,0,1,0.0,True,0.0
return,B,expanding,1,1,0.1,0,0,1,0.0,True,0.0
return,B,expanding,1,2,0.1,0,0,1,0.0,True,0.0
return,B,expanding,1,3,0.001,0,0,1,0.0,True,0.0
return,B,expanding,1,4,0.1,0,0,1,0.0,True,0.0
return,B,expanding,1,5,0.1,0,0,1,0.0,True,0.0
return,B,expanding,1,6,0.1,0,0,1,0.0,True,0.0
return,B,expanding,1,7,0.1,0,0,1,0.0,True,0.0
return,B,expanding,1,8,0.0001,17,0,8,7.45266625817927e-12,True,0.0
return,B,expanding,1,9,0.1,0,0,1,0.0,True,0.0
return,B,expanding,1,10,0.1,0,0,1,0.0,True,0.0
return,B,expanding,1,11,0.1,0,0,1,0.0,True,0.0
return,B,expanding,1,12,0.1,0,0,1,0.0,True,0.0
return,B,expanding,1,13,0.1,0,0,1,0.0,True,0.0
return,B,expanding,1,14,0.1,0,0,1,0.0,True,0.0
return,B,expanding,1,15,0.1,0,0,1,0.0,True,0.0
return,B,expanding,1,16,0.1,0,0,1,0.0,True,0.0
return,B,expanding,1,17,0.1,0,0,1,0.0,True,0.0
return,B,expanding,1,18,0.1,0,0,1,0.0,True,0.0
return,B,expanding,1,19,0.1,0,0,1,0.0,True,0.0
return,B,expanding,1,20,0.1,0,0,1,0.0,True,0.0
return,B,expanding,1,21,0.1,0,0,1,0.0,True,0.0
return,B,expanding,1,22,0.1,0,0,1,0.0,True,0.0
return,B,expanding,1,23,0.1,0,0,1,0.0,True,0.0
return,B,expanding,1,24,0.1,0,0,1,0.0,True,0.0
return,B,expanding,1,25,0.1,0,0,1,0.0,True,0.0
return,B,expanding,1,26,0.1,0,0,1,0.0,True,0.0
return,B,expanding,3,0,0.001,4,0,5,2.896944312179655e-12,True,0.0
return,B,expanding,3,1,0.001,4,0,5,2.3094821588803146e-12,True,0.0
return,B,expanding,3,2,0.001,3,0,4,1.8551297343551646e-11,True,0.0
return,B,expanding,3,3,0.001,4,0,7,3.8949718978667165e-11,True,0.0
return,B,expanding,3,4,0.001,4,0,4,5.121652552335847e-12,True,0.0
return,B,expanding,3,5,0.001,5,0,6,3.326366201288739e-11,True,0.0
return,B,expanding,3,6,0.001,5,0,6,1.9087672543450976e-11,True,0.0
return,B,expanding,3,7,0.001,5,0,6,1.207017664555821e-11,True,0.0
return,B,expanding,3,8,0.001,5,0,6,3.302660462805308e-11,True,0.0
return,B,expanding,3,9,0.001,6,0,6,3.4944024898489243e-12,True,0.0
return,B,expanding,3,10,0.001,6,0,7,5.688358258154681e-12,True,0.0
return,B,expanding,3,11,0.001,6,0,7,8.71768282551819e-12,True,0.0
return,B,expanding,3,12,0.001,5,0,7,8.782276037046229e-12,True,0.0
return,B,expanding,3,13,0.001,5,0,6,2.4893725177306302e-11,True,0.0
return,B,expanding,3,14,0.001,5,0,6,2.1726602353580045e-11,True,0.0
return,B,expanding,3,15,0.001,5,0,6,2.2357354292850686e-11,True,0.0
return,B,expanding,3,16,0.001,5,0,7,7.651797141881984e-12,True,0.0
return,B,expanding,3,17,0.001,5,0,7,5.377036724829549e-12,True,0.0
return,B,expanding,3,18,0.001,5,0,7,1.981346147845457e-12,True,0.0
return,B,expanding,3,19,0.001,4,0,5,2.920471998532581e-12,True,0.0
return,B,expanding,3,20,0.001,3,0,4,4.33754642124872e-14,True,0.0
return,B,expanding,3,21,0.001,2,0,4,3.238943566665687e-13,True,0.0
return,B,expanding,3,22,0.001,2,0,4,6.42993316696771e-13,True,0.0
return,B,expanding,3,23,0.0001,56,0,11,8.744434295380682e-10,True,0.0
return,B,expanding,3,24,0.0001,54,0,12,5.271415821883242e-10,True,0.0
return,B,expanding,3,25,0.001,2,0,4,1.1191020655060155e-12,True,0.0
return,B,expanding,3,26,0.0001,55,0,12,9.7177001227473e-10,True,0.0
return,B,expanding,5,0,0.001,9,0,10,4.3816660914240353e-10,True,0.0
return,B,expanding,5,1,0.1,0,0,1,0.0,True,0.0
return,B,expanding,5,2,0.001,10,0,9,4.980595955669966e-10,True,0.0
return,B,expanding,5,3,0.001,9,0,8,3.097381672200909e-10,True,0.0
return,B,expanding,5,4,0.001,7,0,11,3.168053036919833e-10,True,0.0
return,B,expanding,5,5,0.001,6,0,11,2.1094530566172288e-10,True,0.0
return,B,expanding,5,6,0.001,6,0,12,1.10361487461156e-10,True,0.0
return,B,expanding,5,7,0.001,6,0,12,1.4335457015988726e-10,True,0.0
return,B,expanding,5,8,0.001,6,0,11,1.6881861548233124e-10,True,0.0
return,B,expanding,5,9,0.1,0,0,1,0.0,True,0.0
return,B,expanding,5,10,0.1,0,0,1,0.0,True,0.0
return,B,expanding,5,11,0.001,11,0,8,4.6429679559468865e-11,True,0.0
return,B,expanding,5,12,0.001,10,0,7,1.6806160552646319e-10,True,0.0
return,B,expanding,5,13,0.001,9,0,8,7.72921752976868e-11,True,0.0
return,B,expanding,5,14,0.001,8,0,7,1.1727972252935707e-10,True,0.0
return,B,expanding,5,15,0.001,8,0,7,1.1573466803520057e-10,True,0.0
return,B,expanding,5,16,0.001,8,0,7,1.2741885339487647e-10,True,0.0
return,B,expanding,5,17,0.001,8,0,7,5.451025313734145e-11,True,0.0
return,B,expanding,5,18,0.001,9,0,13,4.769916869120789e-11,True,0.0
return,B,expanding,5,19,0.001,8,0,8,2.9717747237319376e-12,True,0.0
return,B,expanding,5,20,0.001,8,0,6,5.3933429185327655e-11,True,0.0
return,B,expanding,5,21,0.001,8,0,7,7.209376570951306e-11,True,0.0
return,B,expanding,5,22,0.001,7,0,7,8.304075038713541e-11,True,0.0
return,B,expanding,5,23,0.001,6,0,7,7.472469951543083e-11,True,0.0
return,B,expanding,5,24,0.001,6,0,7,7.074966449338219e-11,True,0.0
return,B,expanding,5,25,0.001,6,0,7,6.365791601509762e-11,True,0.0
return,B,expanding,5,26,0.001,6,0,7,8.89762468353719e-11,True,0.0
return,B,rolling_9m_3m,1,0,0.001,1,0,2,1.523835523995313e-19,True,0.0
return,B,rolling_9m_3m,1,1,0.1,0,0,1,0.0,True,0.0
return,B,rolling_9m_3m,1,2,0.001,2,0,5,6.117548444544355e-13,True,0.0
return,B,rolling_9m_3m,1,3,0.001,2,0,5,6.564416551043544e-14,True,0.0
return,B,rolling_9m_3m,1,4,0.1,0,0,1,0.0,True,0.0
return,B,rolling_9m_3m,1,5,0.001,0,0,1,0.0,True,0.0
return,B,rolling_9m_3m,1,6,0.001,1,0,2,0.0,True,0.0
return,B,rolling_9m_3m,1,7,0.001,1,0,2,4.117274335713542e-20,True,0.0
return,B,rolling_9m_3m,1,8,0.001,2,0,7,2.5608180064893655e-13,True,0.0
return,B,rolling_9m_3m,1,9,0.1,0,0,1,0.0,True,0.0
return,B,rolling_9m_3m,1,10,0.1,0,0,1,0.0,True,0.0
return,B,rolling_9m_3m,1,11,0.1,0,0,1,0.0,True,0.0
return,B,rolling_9m_3m,1,12,0.1,0,0,1,0.0,True,0.0
return,B,rolling_9m_3m,1,13,0.001,0,0,1,0.0,True,0.0
return,B,rolling_9m_3m,1,14,0.1,0,0,1,0.0,True,0.0
return,B,rolling_9m_3m,1,15,0.1,0,0,1,0.0,True,0.0
return,B,rolling_9m_3m,1,16,0.1,0,0,1,0.0,True,0.0
return,B,rolling_9m_3m,1,17,0.1,0,0,1,0.0,True,0.0
return,B,rolling_9m_3m,1,18,0.001,3,0,4,1.37524766823126e-13,True,0.0
return,B,rolling_9m_3m,1,19,0.001,3,0,4,1.4645868444516375e-13,True,0.0
return,B,rolling_9m_3m,1,20,0.1,0,0,1,0.0,True,0.0
return,B,rolling_9m_3m,1,21,0.001,0,0,1,0.0,True,0.0
return,B,rolling_9m_3m,1,22,0.1,0,0,1,0.0,True,0.0
return,B,rolling_9m_3m,1,23,0.1,0,0,1,0.0,True,0.0
return,B,rolling_9m_3m,1,24,0.1,0,0,1,0.0,True,0.0
return,B,rolling_9m_3m,1,25,0.1,0,0,1,0.0,True,0.0
return,B,rolling_9m_3m,1,26,0.001,1,0,2,0.0,True,0.0
return,B,rolling_9m_3m,1,27,0.1,0,0,1,0.0,True,0.0
return,B,rolling_9m_3m,1,28,0.001,2,0,4,1.4998706028053397e-11,True,0.0
return,B,rolling_9m_3m,1,29,0.001,1,0,2,8.121602228421043e-20,True,0.0
return,B,rolling_9m_3m,1,30,0.1,0,0,1,0.0,True,0.0
return,B,rolling_9m_3m,1,31,0.1,0,0,1,0.0,True,0.0
return,B,rolling_9m_3m,3,0,0.1,0,0,1,0.0,True,0.0
return,B,rolling_9m_3m,3,1,0.001,17,0,11,4.539138392376627e-10,True,0.0
return,B,rolling_9m_3m,3,2,0.001,14,0,6,6.171211238764847e-10,True,0.0
return,B,rolling_9m_3m,3,3,0.001,10,0,7,2.290566363892614e-10,True,0.0
return,B,rolling_9m_3m,3,4,0.001,8,0,9,1.0535594575490422e-11,True,0.0
return,B,rolling_9m_3m,3,5,0.001,9,0,4,5.564088872184974e-12,True,0.0
return,B,rolling_9m_3m,3,6,0.1,0,0,1,0.0,True,0.0
return,B,rolling_9m_3m,3,7,0.001,12,0,5,3.1259431849602927e-10,True,0.0
return,B,rolling_9m_3m,3,8,0.001,14,0,9,1.7338955090468342e-10,True,0.0
return,B,rolling_9m_3m,3,9,0.1,0,0,1,0.0,True,0.0
return,B,rolling_9m_3m,3,10,0.1,0,0,1,0.0,True,0.0
return,B,rolling_9m_3m,3,11,0.1,0,0,1,0.0,True,0.0
return,B,rolling_9m_3m,3,12,0.001,8,0,4,9.071297829246034e-13,True,0.0
return,B,rolling_9m_3m,3,13,0.1,0,0,1,0.0,True,0.0
return,B,rolling_9m_3m,3,14,0.1,0,0,1,0.0,True,0.0
return,B,rolling_9m_3m,3,15,0.01,0,0,1,0.0,True,0.0
return,B,rolling_9m_3m,3,16,0.001,33,0,9,2.3842954519939726e-08,True,0.0
return,B,rolling_9m_3m,3,17,0.001,25,0,15,4.503342537078964e-09,True,0.0
return,B,rolling_9m_3m,3,18,0.001,15,0,11,2.3119031999656082e-10,True,0.0
return,B,rolling_9m_3m,3,19,0.001,21,0,7,4.817361581327005e-10,True,0.0
return,B,rolling_9m_3m,3,20,0.1,0,0,1,0.0,True,0.0
return,B,rolling_9m_3m,3,21,0.1,0,0,1,0.0,True,0.0
return,B,rolling_9m_3m,3,22,0.1,0,0,1,0.0,True,0.0
return,B,rolling_9m_3m,3,23,0.1,0,0,1,0.0,True,0.0
return,B,rolling_9m_3m,3,24,0.001,20,0,6,7.178251568614493e-10,True,0.0
return,B,rolling_9m_3m,3,25,0.001,14,0,6,5.862836325431363e-11,True,0.0
return,B,rolling_9m_3m,3,26,0.001,11,0,7,2.2792168768049496e-09,True,0.0
return,B,rolling_9m_3m,3,27,0.001,16,0,8,5.450950376673946e-10,True,0.0
return,B,rolling_9m_3m,3,28,0.001,24,0,8,1.411521755628999e-09,True,0.0
return,B,rolling_9m_3m,3,29,0.001,18,0,5,2.966712438251149e-10,True,0.0
return,B,rolling_9m_3m,3,30,0.001,13,0,8,5.215772805794642e-10,True,0.0
return,B,rolling_9m_3m,3,31,0.1,0,0,1,0.0,True,0.0
return,B,rolling_9m_3m,5,0,0.1,0,0,1,0.0,True,0.0
return,B,rolling_9m_3m,5,1,0.001,27,0,13,1.6575328793266068e-08,True,0.0
return,B,rolling_9m_3m,5,2,0.001,24,0,11,1.0552365924999049e-08,True,0.0
return,B,rolling_9m_3m,5,3,0.01,0,0,1,0.0,True,0.0
return,B,rolling_9m_3m,5,4,0.1,0,0,1,0.0,True,0.0
return,B,rolling_9m_3m,5,5,0.1,0,0,1,0.0,True,0.0
return,B,rolling_9m_3m,5,6,0.1,0,0,1,0.0,True,0.0
return,B,rolling_9m_3m,5,7,0.001,29,0,8,1.0300168721060017e-09,True,0.0
return,B,rolling_9m_3m,5,8,0.01,0,0,1,0.0,True,0.0
return,B,rolling_9m_3m,5,9,0.1,0,0,1,0.0,True,0.0
return,B,rolling_9m_3m,5,10,0.1,0,0,1,0.0,True,0.0
return,B,rolling_9m_3m,5,11,0.1,0,0,1,0.0,True,0.0
return,B,rolling_9m_3m,5,12,0.1,0,0,1,0.0,True,0.0
return,B,rolling_9m_3m,5,13,0.1,0,0,1,0.0,True,0.0
return,B,rolling_9m_3m,5,14,0.01,0,0,1,0.0,True,0.0
return,B,rolling_9m_3m,5,15,0.01,1,0,2,6.662379144492266e-19,True,0.0
return,B,rolling_9m_3m,5,16,0.001,46,0,12,2.43577007157662e-07,True,0.0
return,B,rolling_9m_3m,5,17,0.001,43,0,11,2.880938546687312e-08,True,0.0
return,B,rolling_9m_3m,5,18,0.001,34,0,14,7.633829459870937e-10,True,0.0
return,B,rolling_9m_3m,5,19,0.001,40,0,9,3.614265009846761e-09,True,0.0
return,B,rolling_9m_3m,5,20,0.001,21,0,6,8.268386343697265e-11,True,0.0
return,B,rolling_9m_3m,5,21,0.001,30,0,8,5.961643267177007e-09,True,0.0
return,B,rolling_9m_3m,5,22,0.1,0,0,1,0.0,True,0.0
return,B,rolling_9m_3m,5,23,0.1,0,0,1,0.0,True,0.0
return,B,rolling_9m_3m,5,24,0.1,0,0,1,0.0,True,0.0
return,B,rolling_9m_3m,5,25,0.1,0,0,1,0.0,True,0.0
return,B,rolling_9m_3m,5,26,0.001,24,0,11,1.6681721401953662e-08,True,0.0
return,B,rolling_9m_3m,5,27,0.001,36,0,19,6.653335541261208e-09,True,0.0
return,B,rolling_9m_3m,5,28,0.001,38,0,10,6.041499836730802e-09,True,0.0
return,B,rolling_9m_3m,5,29,0.001,23,0,6,2.242498573636727e-09,True,0.0
return,B,rolling_9m_3m,5,30,0.1,0,0,1,0.0,True,0.0
return,B,rolling_9m_3m,5,31,0.1,0,0,1,0.0,True,0.0
return,C,expanding,1,0,0.1,0,0,1,0.0,True,0.0
return,C,expanding,1,1,0.1,0,0,1,0.0,True,0.0
return,C,expanding,1,2,0.1,0,0,1,0.0,True,0.0
return,C,expanding,1,3,0.001,0,0,1,0.0,True,0.0
return,C,expanding,1,4,0.1,0,0,1,0.0,True,0.0
return,C,expanding,1,5,0.1,0,0,1,0.0,True,0.0
return,C,expanding,1,6,0.1,0,0,1,0.0,True,0.0
return,C,expanding,1,7,0.1,0,0,1,0.0,True,0.0
return,C,expanding,1,8,0.1,0,0,1,0.0,True,0.0
return,C,expanding,1,9,0.1,0,0,1,0.0,True,0.0
return,C,expanding,1,10,0.1,0,0,1,0.0,True,0.0
return,C,expanding,1,11,0.1,0,0,1,0.0,True,0.0
return,C,expanding,1,12,0.1,0,0,1,0.0,True,0.0
return,C,expanding,1,13,0.1,0,0,1,0.0,True,0.0
return,C,expanding,1,14,0.1,0,0,1,0.0,True,0.0
return,C,expanding,1,15,0.1,0,0,1,0.0,True,0.0
return,C,expanding,1,16,0.1,0,0,1,0.0,True,0.0
return,C,expanding,1,17,0.1,0,0,1,0.0,True,0.0
return,C,expanding,1,18,0.1,0,0,1,0.0,True,0.0
return,C,expanding,1,19,0.1,0,0,1,0.0,True,0.0
return,C,expanding,1,20,0.1,0,0,1,0.0,True,0.0
return,C,expanding,1,21,0.1,0,0,1,0.0,True,0.0
return,C,expanding,1,22,0.1,0,0,1,0.0,True,0.0
return,C,expanding,1,23,0.1,0,0,1,0.0,True,0.0
return,C,expanding,1,24,0.1,0,0,1,0.0,True,0.0
return,C,expanding,1,25,0.1,0,0,1,0.0,True,0.0
return,C,expanding,1,26,0.1,0,0,1,0.0,True,0.0
return,C,expanding,3,0,0.001,7,0,7,6.710290782256303e-11,True,0.0
return,C,expanding,3,1,0.1,0,0,1,0.0,True,0.0
return,C,expanding,3,2,0.001,4,0,5,2.6431111722646285e-10,True,0.0
return,C,expanding,3,3,0.001,4,0,7,3.665019005045705e-11,True,0.0
return,C,expanding,3,4,0.001,4,0,4,5.121652552335847e-12,True,0.0
return,C,expanding,3,5,0.001,6,0,6,6.739298043016831e-11,True,0.0
return,C,expanding,3,6,0.001,5,0,6,1.9087672543450976e-11,True,0.0
return,C,expanding,3,7,0.001,5,0,6,1.207017664555821e-11,True,0.0
return,C,expanding,3,8,0.001,5,0,6,3.302660462805308e-11,True,0.0
return,C,expanding,3,9,0.001,7,0,7,3.226348559046843e-12,True,0.0
return,C,expanding,3,10,0.001,7,0,7,1.3312484813885766e-11,True,0.0
return,C,expanding,3,11,0.001,7,0,7,1.880424378858512e-11,True,0.0
return,C,expanding,3,12,0.001,6,0,7,1.852477418363357e-11,True,0.0
return,C,expanding,3,13,0.001,6,0,7,1.1210162886022631e-11,True,0.0
return,C,expanding,3,14,0.001,6,0,7,9.482254660212207e-12,True,0.0
return,C,expanding,3,15,0.001,6,0,7,9.53674402483999e-12,True,0.0
return,C,expanding,3,16,0.001,6,0,7,1.3817135148199987e-11,True,0.0
return,C,expanding,3,17,0.001,5,0,7,5.377036724829549e-12,True,0.0
return,C,expanding,3,18,0.001,6,0,7,3.5921581159485124e-12,True,0.0
return,C,expanding,3,19,0.001,5,0,5,4.971707893443846e-12,True,0.0
return,C,expanding,3,20,0.001,3,0,4,4.33754642124872e-14,True,0.0
return,C,expanding,3,21,0.001,2,0,4,3.238943566665687e-13,True,0.0
return,C,expanding,3,22,0.001,2,0,4,6.42993316696771e-13,True,0.0
return,C,expanding,3,23,0.001,2,0,4,7.234982375194463e-13,True,0.0
return,C,expanding,3,24,0.001,2,0,4,7.055904775302431e-13,True,0.0
return,C,expanding,3,25,0.001,2,0,4,1.1191020655060155e-12,True,0.0
return,C,expanding,3,26,0.001,2,0,4,1.5942876271135471e-12,True,0.0
return,C,expanding,5,0,0.1,0,0,1,0.0,True,0.0
return,C,expanding,5,1,0.1,0,0,1,0.0,True,0.0
return,C,expanding,5,2,0.001,11,0,10,3.705727562809742e-10,True,0.0
return,C,expanding,5,3,0.001,11,0,8,1.1493425190326234e-09,True,0.0
return,C,expanding,5,4,0.001,8,0,11,3.0697677616350353e-10,True,0.0
return,C,expanding,5,5,0.001,7,0,11,2.0548475490492446e-10,True,0.0
return,C,expanding,5,6,0.001,9,0,12,4.1796614387553015e-10,True,0.0
return,C,expanding,5,7,0.001,8,0,12,1.3817946239804765e-10,True,0.0
return,C,expanding,5,8,0.001,8,0,11,1.7586285327429347e-10,True,0.0
return,C,expanding,5,9,0.1,0,0,1,0.0,True,0.0
return,C,expanding,5,10,0.001,13,0,9,7.90257639904391e-11,True,0.0
return,C,expanding,5,11,0.001,13,0,8,2.099840042190302e-10,True,0.0
return,C,expanding,5,12,0.001,11,0,9,7.046646929473457e-11,True,0.0
return,C,expanding,5,13,0.001,11,0,10,9.19142872038899e-11,True,0.0
return,C,expanding,5,14,0.001,9,0,9,5.808450577910426e-11,True,0.0
return,C,expanding,5,15,0.001,9,0,8,1.168571667743062e-10,True,0.0
return,C,expanding,5,16,0.001,9,0,8,8.385207691138073e-11,True,0.0
return,C,expanding,5,17,0.001,9,0,8,4.940837000433045e-11,True,0.0
return,C,expanding,5,18,0.001,9,0,7,7.770815748783857e-11,True,0.0
return,C,expanding,5,19,0.001,9,0,7,7.452772443787374e-11,True,0.0
return,C,expanding,5,20,0.001,9,0,7,3.609607063102163e-11,True,0.0
return,C,expanding,5,21,0.001,8,0,7,7.209376570951306e-11,True,0.0
return,C,expanding,5,22,0.001,7,0,7,8.986556607558207e-11,True,0.0
return,C,expanding,5,23,0.001,6,0,7,7.472469951543083e-11,True,0.0
return,C,expanding,5,24,0.001,6,0,7,7.572945544706662e-11,True,0.0
return,C,expanding,5,25,0.001,6,0,7,6.825639664025648e-11,True,0.0
return,C,expanding,5,26,0.001,6,0,7,1.1482220403685912e-10,True,0.0
return,C,rolling_9m_3m,1,0,0.001,1,0,2,1.523835523995313e-19,True,0.0
return,C,rolling_9m_3m,1,1,0.1,0,0,1,0.0,True,0.0
return,C,rolling_9m_3m,1,2,0.001,3,0,10,6.9456733002337804e-12,True,0.0
return,C,rolling_9m_3m,1,3,0.001,3,0,8,1.6939766521083484e-12,True,0.0
return,C,rolling_9m_3m,1,4,0.1,0,0,1,0.0,True,0.0
return,C,rolling_9m_3m,1,5,0.001,0,0,1,0.0,True,0.0
return,C,rolling_9m_3m,1,6,0.001,1,0,2,0.0,True,0.0
return,C,rolling_9m_3m,1,7,0.001,1,0,2,4.117274335713542e-20,True,0.0
return,C,rolling_9m_3m,1,8,0.001,2,0,7,2.5608180064893655e-13,True,0.0
return,C,rolling_9m_3m,1,9,0.1,0,0,1,0.0,True,0.0
return,C,rolling_9m_3m,1,10,0.1,0,0,1,0.0,True,0.0
return,C,rolling_9m_3m,1,11,0.1,0,0,1,0.0,True,0.0
return,C,rolling_9m_3m,1,12,0.1,0,0,1,0.0,True,0.0
return,C,rolling_9m_3m,1,13,0.001,0,0,1,0.0,True,0.0
return,C,rolling_9m_3m,1,14,0.1,0,0,1,0.0,True,0.0
return,C,rolling_9m_3m,1,15,0.1,0,0,1,0.0,True,0.0
return,C,rolling_9m_3m,1,16,0.1,0,0,1,0.0,True,0.0
return,C,rolling_9m_3m,1,17,0.001,2,0,5,2.6675575709285942e-12,True,0.0
return,C,rolling_9m_3m,1,18,0.001,3,0,4,1.37524766823126e-13,True,0.0
return,C,rolling_9m_3m,1,19,0.001,3,0,4,1.4645868444516375e-13,True,0.0
return,C,rolling_9m_3m,1,20,0.0001,65,0,45,7.598948479333203e-09,True,0.0
return,C,rolling_9m_3m,1,21,0.001,0,0,1,0.0,True,0.0
return,C,rolling_9m_3m,1,22,0.1,0,0,1,0.0,True,0.0
return,C,rolling_9m_3m,1,23,0.1,0,0,1,0.0,True,0.0
return,C,rolling_9m_3m,1,24,0.1,0,0,1,0.0,True,0.0
return,C,rolling_9m_3m,1,25,0.1,0,0,1,0.0,True,0.0
return,C,rolling_9m_3m,1,26,0.001,2,0,14,1.409902450207581e-12,True,0.0
return,C,rolling_9m_3m,1,27,0.001,3,0,5,5.339221243735299e-13,True,0.0
return,C,rolling_9m_3m,1,28,0.001,2,0,4,1.4825903966241948e-11,True,0.0
return,C,rolling_9m_3m,1,29,0.001,2,0,9,4.0619019161765615e-12,True,0.0
return,C,rolling_9m_3m,1,30,0.1,0,0,1,0.0,True,0.0
return,C,rolling_9m_3m,1,31,0.1,0,0,1,0.0,True,0.0
return,C,rolling_9m_3m,3,0,0.1,0,0,1,0.0,True,0.0
return,C,rolling_9m_3m,3,1,0.1,0,0,1,0.0,True,0.0
return,C,rolling_9m_3m,3,2,0.001,15,0,10,7.40038241902936e-10,True,0.0
return,C,rolling_9m_3m,3,3,0.001,14,0,9,1.4269644446362786e-09,True,0.0
return,C,rolling_9m_3m,3,4,0.1,0,0,1,0.0,True,0.0
return,C,rolling_9m_3m,3,5,0.1,0,0,1,0.0,True,0.0
return,C,rolling_9m_3m,3,6,0.1,0,0,1,0.0,True,0.0
return,C,rolling_9m_3m,3,7,0.001,12,0,5,3.1259431849602927e-10,True,0.0
return,C,rolling_9m_3m,3,8,0.001,14,0,9,1.7779555555743399e-10,True,0.0
return,C,rolling_9m_3m,3,9,0.1,0,0,1,0.0,True,0.0
return,C,rolling_9m_3m,3,10,0.1,0,0,1,0.0,True,0.0
return,C,rolling_9m_3m,3,11,0.1,0,0,1,0.0,True,0.0
return,C,rolling_9m_3m,3,12,0.001,13,0,10,1.8198344418708856e-10,True,0.0
return,C,rolling_9m_3m,3,13,0.1,0,0,1,0.0,True,0.0
return,C,rolling_9m_3m,3,14,0.1,0,2,1,0.0,True,0.0
return,C,rolling_9m_3m,3,15,0.001,33,2,14,2.2365283950673728e-08,True,0.0
return,C,rolling_9m_3m,3,16,0.001,35,2,13,2.8308690287547955e-08,True,0.0
return,C,rolling_9m_3m,3,17,0.001,25,0,13,6.215460565411216e-09,True,0.0
return,C,rolling_9m_3m,3,18,0.001,16,0,19,4.406182190053446e-10,True,0.0
return,C,rolling_9m_3m,3,19,0.001,22,0,20,6.135123768693521e-10,True,0.0
return,C,rolling_9m_3m,3,20,0.1,0,0,1,0.0,True,0.0
return,C,rolling_9m_3m,3,21,0.1,0,0,1,0.0,True,0.0
return,C,rolling_9m_3m,3,22,0.1,0,0,1,0.0,True,0.0
return,C,rolling_9m_3m,3,23,0.001,28,0,11,1.4670909744748866e-09,True,0.0
return,C,rolling_9m_3m,3,24,0.001,22,0,11,9.607983006752686e-10,True,0.0
return,C,rolling_9m_3m,3,25,0.1,0,0,1,0.0,True,0.0
return,C,rolling_9m_3m,3,26,0.001,14,0,12,1.5157308052585252e-09,True,0.0
return,C,rolling_9m_3m,3,27,0.001,20,0,11,1.067636547866524e-09,True,0.0
return,C,rolling_9m_3m,3,28,0.001,26,0,12,6.875752573025171e-09,True,0.0
return,C,rolling_9m_3m,3,29,0.001,19,0,8,4.857163693226184e-10,True,0.0
return,C,rolling_9m_3m,3,30,0.1,0,0,1,0.0,True,0.0
return,C,rolling_9m_3m,3,31,0.1,0,0,1,0.0,True,0.0
return,C,rolling_9m_3m,5,0,0.1,0,0,1,0.0,True,0.0
return,C,rolling_9m_3m,5,1,0.1,0,0,1,0.0,True,0.0
return,C,rolling_9m_3m,5,2,0.001,31,0,12,1.611501802034957e-08,True,0.0
return,C,rolling_9m_3m,5,3,0.01,0,0,1,0.0,True,0.0
return,C,rolling_9m_3m,5,4,0.1,0,0,1,0.0,True,0.0
return,C,rolling_9m_3m,5,5,0.1,0,0,1,0.0,True,0.0
return,C,rolling_9m_3m,5,6,0.1,0,0,1,0.0,True,0.0
return,C,rolling_9m_3m,5,7,0.1,0,0,1,0.0,True,0.0
return,C,rolling_9m_3m,5,8,0.01,0,0,1,0.0,True,0.0
return,C,rolling_9m_3m,5,9,0.1,0,0,1,0.0,True,0.0
return,C,rolling_9m_3m,5,10,0.1,0,0,1,0.0,True,0.0
return,C,rolling_9m_3m,5,11,0.1,0,0,1,0.0,True,0.0
return,C,rolling_9m_3m,5,12,0.001,26,0,14,2.5641027128243815e-09,True,0.0
return,C,rolling_9m_3m,5,13,0.1,0,0,1,0.0,True,0.0
return,C,rolling_9m_3m,5,14,0.01,0,2,1,0.0,True,0.0
return,C,rolling_9m_3m,5,15,0.01,1,2,2,6.662379144492266e-19,True,0.0
return,C,rolling_9m_3m,5,16,0.001,48,2,19,3.293788709567061e-07,True,0.0
return,C,rolling_9m_3m,5,17,0.001,44,0,10,2.3294673228737544e-08,True,0.0
return,C,rolling_9m_3m,5,18,0.001,37,0,11,8.48021937026023e-09,True,0.0
return,C,rolling_9m_3m,5,19,0.1,0,0,1,0.0,True,0.0
return,C,rolling_9m_3m,5,20,0.001,29,0,63,2.6376985686607316e-08,True,0.0
return,C,rolling_9m_3m,5,21,0.1,0,0,1,0.0,True,0.0
return,C,rolling_9m_3m,5,22,0.1,0,0,1,0.0,True,0.0
return,C,rolling_9m_3m,5,23,0.1,0,0,1,0.0,True,0.0
return,C,rolling_9m_3m,5,24,0.1,0,0,1,0.0,True,0.0
return,C,rolling_9m_3m,5,25,0.1,0,0,1,0.0,True,0.0
return,C,rolling_9m_3m,5,26,0.001,27,0,18,1.1148058657837136e-08,True,0.0
return,C,rolling_9m_3m,5,27,0.001,39,0,20,2.8315689081829564e-08,True,0.0
return,C,rolling_9m_3m,5,28,0.001,47,0,58,1.1470686564980199e-08,True,0.0
return,C,rolling_9m_3m,5,29,0.001,28,0,16,4.042320817162051e-09,True,0.0
return,C,rolling_9m_3m,5,30,0.1,0,0,1,0.0,True,0.0
return,C,rolling_9m_3m,5,31,0.1,0,0,1,0.0,True,0.0
return,D,expanding,1,0,0.1,0,0,1,0.0,True,0.0
return,D,expanding,1,1,0.1,0,0,1,0.0,True,0.0
return,D,expanding,1,2,0.1,0,0,1,0.0,True,0.0
return,D,expanding,1,3,0.001,0,0,1,0.0,True,0.0
return,D,expanding,1,4,0.1,0,0,1,0.0,True,0.0
return,D,expanding,1,5,0.001,0,0,1,0.0,True,0.0
return,D,expanding,1,6,0.1,0,0,1,0.0,True,0.0
return,D,expanding,1,7,0.1,0,0,1,0.0,True,0.0
return,D,expanding,1,8,0.1,0,0,1,0.0,True,0.0
return,D,expanding,1,9,0.001,0,0,1,0.0,True,0.0
return,D,expanding,1,10,0.001,0,0,1,0.0,True,0.0
return,D,expanding,1,11,0.001,0,0,1,0.0,True,0.0
return,D,expanding,1,12,0.001,0,0,1,0.0,True,0.0
return,D,expanding,1,13,0.001,0,0,1,0.0,True,0.0
return,D,expanding,1,14,0.001,0,0,1,0.0,True,0.0
return,D,expanding,1,15,0.001,0,0,1,0.0,True,0.0
return,D,expanding,1,16,0.001,0,0,1,0.0,True,0.0
return,D,expanding,1,17,0.1,0,0,1,0.0,True,0.0
return,D,expanding,1,18,0.1,0,0,1,0.0,True,0.0
return,D,expanding,1,19,0.1,0,0,1,0.0,True,0.0
return,D,expanding,1,20,0.1,0,0,1,0.0,True,0.0
return,D,expanding,1,21,0.1,0,0,1,0.0,True,0.0
return,D,expanding,1,22,0.1,0,0,1,0.0,True,0.0
return,D,expanding,1,23,0.1,0,0,1,0.0,True,0.0
return,D,expanding,1,24,0.1,0,0,1,0.0,True,0.0
return,D,expanding,1,25,0.1,0,0,1,0.0,True,0.0
return,D,expanding,1,26,0.1,0,0,1,0.0,True,0.0
return,D,expanding,3,0,0.001,7,0,11,4.4613386872646886e-10,True,0.0
return,D,expanding,3,1,0.001,3,0,42,2.19423229071298e-12,True,0.0
return,D,expanding,3,2,0.001,5,0,101,3.1546320805325556e-11,True,0.0
return,D,expanding,3,3,0.001,6,0,34,2.6356455270006235e-10,True,0.0
return,D,expanding,3,4,0.001,4,0,30,1.7299796533271036e-11,True,0.0
return,D,expanding,3,5,0.001,6,0,29,2.0061897809925678e-10,True,0.0
return,D,expanding,3,6,0.001,4,0,14,7.873277997520706e-11,True,0.0
return,D,expanding,3,7,0.001,5,0,10,4.451026239420766e-11,True,0.0
return,D,expanding,3,8,0.001,5,0,19,7.089001598537684e-11,True,0.0
return,D,expanding,3,9,0.001,6,0,92,3.3451257659268726e-12,True,0.0
return,D,expanding,3,10,0.001,7,0,91,7.148243706753503e-11,True,0.0
return,D,expanding,3,11,0.001,8,0,90,8.433047617801754e-11,True,0.0
return,D,expanding,3,12,0.001,7,0,26,8.0501605699291e-11,True,0.0
return,D,expanding,3,13,0.001,5,0,29,1.3346398183634817e-10,True,0.0
return,D,expanding,3,14,0.001,4,0,36,2.203133995857167e-10,True,0.0
return,D,expanding,3,15,0.001,6,0,30,3.5638990113704983e-10,True,0.0
return,D,expanding,3,16,0.001,6,0,27,4.578044635462286e-10,True,0.0
return,D,expanding,3,17,0.001,4,0,31,1.5062453393228817e-10,True,0.0
return,D,expanding,3,18,0.001,6,0,107,4.45551325301894e-11,True,0.0
return,D,expanding,3,19,0.001,4,0,58,2.026820295187321e-11,True,0.0
return,D,expanding,3,20,0.001,2,0,52,3.846665161342328e-11,True,0.0
return,D,expanding,3,21,0.001,3,0,20,7.573225638874498e-11,True,0.0
return,D,expanding,3,22,0.001,4,0,55,1.0067138317664237e-10,True,0.0
return,D,expanding,3,23,0.001,4,0,54,8.387890574285118e-11,True,0.0
return,D,expanding,3,24,0.001,4,0,55,9.963108600154727e-11,True,0.0
return,D,expanding,3,25,0.001,5,0,47,1.2441894524059044e-10,True,0.0
return,D,expanding,3,26,0.001,4,0,42,1.46868948535975e-10,True,0.0
return,D,expanding,5,0,0.1,0,0,1,0.0,True,0.0
return,D,expanding,5,1,0.1,0,0,1,0.0,True,0.0
return,D,expanding,5,2,0.001,12,0,58,6.057403163923497e-10,True,0.0
return,D,expanding,5,3,0.001,11,0,21,8.536048257687648e-10,True,0.0
return,D,expanding,5,4,0.001,6,0,30,4.3202410374324083e-10,True,0.0
return,D,expanding,5,5,0.001,8,0,60,1.6797219747098208e-09,True,0.0
return,D,expanding,5,6,0.001,7,0,24,9.513339373840273e-10,True,0.0
return,D,expanding,5,7,0.001,8,0,19,1.0513088741911036e-09,True,0.0
return,D,expanding,5,8,0.001,9,0,70,3.0144751540252886e-10,True,0.0
return,D,expanding,5,9,0.001,8,0,81,1.2609944093499988e-10,True,0.0
return,D,expanding,5,10,0.001,9,0,34,2.288906518355609e-09,True,0.0
return,D,expanding,5,11,0.001,9,0,30,8.262653083115538e-10,True,0.0
return,D,expanding,5,12,0.001,9,0,20,1.074205175895911e-09,True,0.0
return,D,expanding,5,13,0.001,9,0,26,1.3187542361999774e-09,True,0.0
return,D,expanding,5,14,0.001,8,0,24,1.058826920121216e-09,True,0.0
return,D,expanding,5,15,0.001,9,0,26,4.822317101006447e-10,True,0.0
return,D,expanding,5,16,0.001,8,0,55,3.584403843471606e-10,True,0.0
return,D,expanding,5,17,0.001,9,0,68,4.603692075335393e-10,True,0.0
return,D,expanding,5,18,0.001,8,0,45,5.62449551148565e-10,True,0.0
return,D,expanding,5,19,0.001,8,0,27,4.02683699586667e-10,True,0.0
return,D,expanding,5,20,0.001,8,0,26,3.6092107096659595e-10,True,0.0
return,D,expanding,5,21,0.001,7,0,17,5.413981546108969e-10,True,0.0
return,D,expanding,5,22,0.001,7,0,24,7.893588835836999e-10,True,0.0
return,D,expanding,5,23,0.001,6,0,25,6.920041463676034e-10,True,0.0
return,D,expanding,5,24,0.001,7,0,49,4.003908871557549e-10,True,0.0
return,D,expanding,5,25,0.001,5,0,46,4.80236737816614e-10,True,0.0
return,D,expanding,5,26,0.001,6,0,47,5.070714834751066e-10,True,0.0
return,D,rolling_9m_3m,1,0,0.001,1,0,2,1.523835523995313e-19,True,0.0
return,D,rolling_9m_3m,1,1,0.001,3,0,7,1.8628517086941126e-12,True,0.0
return,D,rolling_9m_3m,1,2,0.001,1,0,35,-1.4879496788007076e-19,True,0.0
return,D,rolling_9m_3m,1,3,0.001,2,0,12,3.486077051320844e-12,True,0.0
return,D,rolling_9m_3m,1,4,0.1,0,0,1,0.0,True,0.0
return,D,rolling_9m_3m,1,5,0.001,0,0,1,0.0,True,0.0
return,D,rolling_9m_3m,1,6,0.001,1,0,2,0.0,True,0.0
return,D,rolling_9m_3m,1,7,0.001,1,0,2,4.117274335713542e-20,True,0.0
return,D,rolling_9m_3m,1,8,0.001,3,0,8,1.0862496607971913e-12,True,0.0
return,D,rolling_9m_3m,1,9,0.001,2,0,3,7.809065235679028e-19,True,0.0
return,D,rolling_9m_3m,1,10,0.001,1,0,2,4.114222807578864e-20,True,0.0
return,D,rolling_9m_3m,1,11,0.1,0,0,1,0.0,True,0.0
return,D,rolling_9m_3m,1,12,0.1,0,0,1,0.0,True,0.0
return,D,rolling_9m_3m,1,13,0.1,0,0,1,0.0,True,0.0
return,D,rolling_9m_3m,1,14,0.1,0,0,1,0.0,True,0.0
return,D,rolling_9m_3m,1,15,0.1,0,0,1,0.0,True,0.0
return,D,rolling_9m_3m,1,16,0.1,0,0,1,0.0,True,0.0
return,D,rolling_9m_3m,1,17,0.001,4,0,9,2.498114522948938e-10,True,0.0
return,D,rolling_9m_3m,1,18,0.1,0,0,1,0.0,True,0.0
return,D,rolling_9m_3m,1,19,0.1,0,0,1,0.0,True,0.0
return,D,rolling_9m_3m,1,20,0.1,0,0,1,0.0,True,0.0
return,D,rolling_9m_3m,1,21,0.001,0,0,1,0.0,True,0.0
return,D,rolling_9m_3m,1,22,0.1,0,0,1,0.0,True,0.0
return,D,rolling_9m_3m,1,23,0.001,2,0,5,5.423307438380818e-14,True,0.0
return,D,rolling_9m_3m,1,24,0.1,0,0,1,0.0,True,0.0
return,D,rolling_9m_3m,1,25,0.001,1,0,2,4.0519088489969214e-20,True,0.0
return,D,rolling_9m_3m,1,26,0.001,3,0,6,2.445330582934829e-11,True,0.0
return,D,rolling_9m_3m,1,27,0.001,3,0,4,4.903308895403925e-12,True,0.0
return,D,rolling_9m_3m,1,28,0.001,4,0,14,1.8244274492728554e-10,True,0.0
return,D,rolling_9m_3m,1,29,0.001,2,0,10,4.673448493189903e-13,True,0.0
return,D,rolling_9m_3m,1,30,0.1,0,0,1,0.0,True,0.0
return,D,rolling_9m_3m,1,31,0.1,0,0,1,0.0,True,0.0
return,D,rolling_9m_3m,3,0,0.1,0,0,1,0.0,True,0.0
return,D,rolling_9m_3m,3,1,0.1,0,0,1,0.0,True,0.0
return,D,rolling_9m_3m,3,2,0.001,16,0,96,3.1226188920768395e-09,True,0.0
return,D,rolling_9m_3m,3,3,0.001,12,0,74,4.946302783987599e-10,True,0.0
return,D,rolling_9m_3m,3,4,0.1,0,0,1,0.0,True,0.0
return,D,rolling_9m_3m,3,5,0.1,0,0,1,0.0,True,0.0
return,D,rolling_9m_3m,3,6,0.1,0,0,1,0.0,True,0.0
return,D,rolling_9m_3m,3,7,0.001,11,0,12,2.479415859281136e-09,True,0.0
return,D,rolling_9m_3m,3,8,0.1,0,0,1,0.0,True,0.0
return,D,rolling_9m_3m,3,9,0.1,0,0,1,0.0,True,0.0
return,D,rolling_9m_3m,3,10,0.1,0,0,1,0.0,True,0.0
return,D,rolling_9m_3m,3,11,0.1,0,0,1,0.0,True,0.0
return,D,rolling_9m_3m,3,12,0.001,15,0,11,2.3363002141327538e-09,True,0.0
return,D,rolling_9m_3m,3,13,0.1,0,0,1,0.0,True,0.0
return,D,rolling_9m_3m,3,14,0.1,0,1,1,0.0,True,0.0
return,D,rolling_9m_3m,3,15,0.001,31,1,17,1.6581703618863137e-08,True,0.0
return,D,rolling_9m_3m,3,16,0.001,32,2,14,3.686468042660198e-08,True,0.0
return,D,rolling_9m_3m,3,17,0.1,0,0,1,0.0,True,0.0
return,D,rolling_9m_3m,3,18,0.001,16,0,18,7.962326290515197e-10,True,0.0
return,D,rolling_9m_3m,3,19,0.001,14,0,21,7.660789425298634e-10,True,0.0
return,D,rolling_9m_3m,3,20,0.001,12,0,23,1.4829884102761826e-09,True,0.0
return,D,rolling_9m_3m,3,21,0.1,0,0,1,0.0,True,0.0
return,D,rolling_9m_3m,3,22,0.1,0,0,1,0.0,True,0.0
return,D,rolling_9m_3m,3,23,0.1,0,0,1,0.0,True,0.0
return,D,rolling_9m_3m,3,24,0.1,0,0,1,0.0,True,0.0
return,D,rolling_9m_3m,3,25,0.1,0,0,1,0.0,True,0.0
return,D,rolling_9m_3m,3,26,0.001,11,0,9,5.383187339664e-09,True,0.0
return,D,rolling_9m_3m,3,27,0.001,16,0,10,2.9405156609646955e-09,True,0.0
return,D,rolling_9m_3m,3,28,0.001,27,0,22,3.32768924654909e-09,True,0.0
return,D,rolling_9m_3m,3,29,0.001,17,0,32,2.242035368286867e-09,True,0.0
return,D,rolling_9m_3m,3,30,0.1,0,0,1,0.0,True,0.0
return,D,rolling_9m_3m,3,31,0.001,23,0,15,3.4809449693519266e-10,True,0.0
return,D,rolling_9m_3m,5,0,0.1,0,0,1,0.0,True,0.0
return,D,rolling_9m_3m,5,1,0.1,0,0,1,0.0,True,0.0
return,D,rolling_9m_3m,5,2,0.001,27,0,64,3.824462956556708e-09,True,0.0
return,D,rolling_9m_3m,5,3,0.01,0,0,1,0.0,True,0.0
return,D,rolling_9m_3m,5,4,0.1,0,0,1,0.0,True,0.0
return,D,rolling_9m_3m,5,5,0.1,0,0,1,0.0,True,0.0
return,D,rolling_9m_3m,5,6,0.1,0,0,1,0.0,True,0.0
return,D,rolling_9m_3m,5,7,0.1,0,0,1,0.0,True,0.0
return,D,rolling_9m_3m,5,8,0.01,0,0,1,0.0,True,0.0
return,D,rolling_9m_3m,5,9,0.1,0,0,1,0.0,True,0.0
return,D,rolling_9m_3m,5,10,0.1,0,0,1,0.0,True,0.0
return,D,rolling_9m_3m,5,11,0.1,0,0,1,0.0,True,0.0
return,D,rolling_9m_3m,5,12,0.1,0,0,1,0.0,True,0.0
return,D,rolling_9m_3m,5,13,0.1,0,0,1,0.0,True,0.0
return,D,rolling_9m_3m,5,14,0.01,0,1,1,0.0,True,0.0
return,D,rolling_9m_3m,5,15,0.001,51,2,22,1.888727563956237e-07,True,0.0
return,D,rolling_9m_3m,5,16,0.001,47,2,20,1.0139128681076588e-07,True,0.0
return,D,rolling_9m_3m,5,17,0.1,0,0,1,0.0,True,0.0
return,D,rolling_9m_3m,5,18,0.1,0,1,1,0.0,True,0.0
return,D,rolling_9m_3m,5,19,0.1,0,0,1,0.0,True,0.0
return,D,rolling_9m_3m,5,20,0.1,0,0,1,0.0,True,0.0
return,D,rolling_9m_3m,5,21,0.1,0,0,1,0.0,True,0.0
return,D,rolling_9m_3m,5,22,0.1,0,0,1,0.0,True,0.0
return,D,rolling_9m_3m,5,23,0.1,0,0,1,0.0,True,0.0
return,D,rolling_9m_3m,5,24,0.1,0,0,1,0.0,True,0.0
return,D,rolling_9m_3m,5,25,0.1,0,0,1,0.0,True,0.0
return,D,rolling_9m_3m,5,26,0.001,23,0,11,3.548066943504752e-08,True,0.0
return,D,rolling_9m_3m,5,27,0.001,36,0,20,1.3659954344228245e-08,True,0.0
return,D,rolling_9m_3m,5,28,0.001,45,0,54,1.2961418855889747e-08,True,0.0
return,D,rolling_9m_3m,5,29,0.001,29,0,123,1.7132464382575801e-09,True,0.0
return,D,rolling_9m_3m,5,30,0.1,0,0,1,0.0,True,0.0
return,D,rolling_9m_3m,5,31,0.1,0,0,1,0.0,True,0.0
return,candidate_6,expanding,1,0,0.1,0,0,1,0.0,True,0.0
return,candidate_6,expanding,1,1,0.1,0,0,1,0.0,True,0.0
return,candidate_6,expanding,1,2,0.0001,22,0,9,1.567291241664948e-11,True,0.0
return,candidate_6,expanding,1,3,0.0001,21,0,13,4.029143308942924e-11,True,0.0
return,candidate_6,expanding,1,4,0.0001,19,0,8,1.8452716324461633e-11,True,0.0
return,candidate_6,expanding,1,5,0.0001,19,0,10,2.2466198165510785e-11,True,0.0
return,candidate_6,expanding,1,6,0.1,0,0,1,0.0,True,0.0
return,candidate_6,expanding,1,7,0.0001,16,0,9,7.668299581074557e-12,True,0.0
return,candidate_6,expanding,1,8,0.0001,14,0,7,8.879191904721183e-12,True,0.0
return,candidate_6,expanding,1,9,0.1,0,0,1,0.0,True,0.0
return,candidate_6,expanding,1,10,0.1,0,0,1,0.0,True,0.0
return,candidate_6,expanding,1,11,0.1,0,0,1,0.0,True,0.0
return,candidate_6,expanding,1,12,0.1,0,0,1,0.0,True,0.0
return,candidate_6,expanding,1,13,0.1,0,0,1,0.0,True,0.0
return,candidate_6,expanding,1,14,0.1,0,0,1,0.0,True,0.0
return,candidate_6,expanding,1,15,0.1,0,0,1,0.0,True,0.0
return,candidate_6,expanding,1,16,0.1,0,0,1,0.0,True,0.0
return,candidate_6,expanding,1,17,0.1,0,0,1,0.0,True,0.0
return,candidate_6,expanding,1,18,0.1,0,0,1,0.0,True,0.0
return,candidate_6,expanding,1,19,0.1,0,0,1,0.0,True,0.0
return,candidate_6,expanding,1,20,0.1,0,0,1,0.0,True,0.0
return,candidate_6,expanding,1,21,0.1,0,0,1,0.0,True,0.0
return,candidate_6,expanding,1,22,0.0001,16,0,7,1.0224912453859691e-11,True,0.0
return,candidate_6,expanding,1,23,0.0001,17,0,7,1.0577917824452401e-11,True,0.0
return,candidate_6,expanding,1,24,0.0001,17,0,7,9.41939411740385e-12,True,0.0
return,candidate_6,expanding,1,25,0.0001,15,0,7,8.082222151867067e-12,True,0.0
return,candidate_6,expanding,1,26,0.0001,16,0,7,1.280508356980294e-11,True,0.0
return,candidate_6,expanding,3,0,0.001,3,0,5,1.33299174216928e-12,True,0.0
return,candidate_6,expanding,3,1,0.001,3,0,5,1.168358385838754e-12,True,0.0
return,candidate_6,expanding,3,2,0.001,3,0,4,1.8551297343551646e-11,True,0.0
return,candidate_6,expanding,3,3,0.001,4,0,7,3.8949718978667165e-11,True,0.0
return,candidate_6,expanding,3,4,0.001,3,0,4,1.3059953194827637e-12,True,0.0
return,candidate_6,expanding,3,5,0.001,4,0,6,3.2849514517943973e-11,True,0.0
return,candidate_6,expanding,3,6,0.001,4,0,6,1.919381486408812e-11,True,0.0
return,candidate_6,expanding,3,7,0.001,4,0,6,1.1295960521293101e-11,True,0.0
return,candidate_6,expanding,3,8,0.001,4,0,6,3.423328927661892e-11,True,0.0
return,candidate_6,expanding,3,9,0.001,4,0,6,3.3298090117925895e-12,True,0.0
return,candidate_6,expanding,3,10,0.1,0,0,1,0.0,True,0.0
return,candidate_6,expanding,3,11,0.001,5,0,7,8.175025327733764e-12,True,0.0
return,candidate_6,expanding,3,12,0.001,4,0,7,8.266179697541371e-12,True,0.0
return,candidate_6,expanding,3,13,0.001,4,0,6,2.3264842114969642e-11,True,0.0
return,candidate_6,expanding,3,14,0.001,4,0,6,2.0355674380190196e-11,True,0.0
return,candidate_6,expanding,3,15,0.001,4,0,6,2.1131291826849405e-11,True,0.0
return,candidate_6,expanding,3,16,0.001,4,0,7,7.300092071136676e-12,True,0.0
return,candidate_6,expanding,3,17,0.001,4,0,7,5.140987795296158e-12,True,0.0
return,candidate_6,expanding,3,18,0.001,4,0,7,1.894261851832247e-12,True,0.0
return,candidate_6,expanding,3,19,0.001,3,0,5,2.764870862293884e-12,True,0.0
return,candidate_6,expanding,3,20,0.001,2,0,4,3.59467455862216e-14,True,0.0
return,candidate_6,expanding,3,21,0.001,2,0,4,3.238943566665687e-13,True,0.0
return,candidate_6,expanding,3,22,0.001,2,0,4,6.42993316696771e-13,True,0.0
return,candidate_6,expanding,3,23,0.0001,41,0,9,7.838261142135096e-10,True,0.0
return,candidate_6,expanding,3,24,0.0001,38,0,9,1.989118234831045e-10,True,0.0
return,candidate_6,expanding,3,25,0.001,2,0,4,1.1191020655060155e-12,True,0.0
return,candidate_6,expanding,3,26,0.0001,42,0,9,9.366694316758216e-10,True,0.0
return,candidate_6,expanding,5,0,0.001,5,0,5,1.248228638520129e-11,True,0.0
return,candidate_6,expanding,5,1,0.001,6,0,5,1.6040594036510625e-10,True,0.0
return,candidate_6,expanding,5,2,0.001,6,0,5,2.2775987431655237e-10,True,0.0
return,candidate_6,expanding,5,3,0.001,7,0,8,2.68979523096458e-10,True,0.0
return,candidate_6,expanding,5,4,0.001,4,0,6,1.833538527730707e-10,True,0.0
return,candidate_6,expanding,5,5,0.001,4,0,7,8.65663781622603e-11,True,0.0
return,candidate_6,expanding,5,6,0.001,4,0,7,7.481002328131861e-11,True,0.0
return,candidate_6,expanding,5,7,0.001,4,0,7,5.036338230494379e-11,True,0.0
return,candidate_6,expanding,5,8,0.001,4,0,7,8.557992249595904e-11,True,0.0
return,candidate_6,expanding,5,9,0.001,6,0,6,8.066915734223004e-11,True,0.0
return,candidate_6,expanding,5,10,0.001,9,0,8,6.293046896291699e-11,True,0.0
return,candidate_6,expanding,5,11,0.001,9,0,7,1.6127088041023668e-10,True,0.0
return,candidate_6,expanding,5,12,0.001,7,0,7,1.023728328512632e-10,True,0.0
return,candidate_6,expanding,5,13,0.001,5,0,7,6.377033785491035e-11,True,0.0
return,candidate_6,expanding,5,14,0.001,5,0,7,6.202361468829376e-11,True,0.0
return,candidate_6,expanding,5,15,0.001,5,0,7,6.228772275663428e-11,True,0.0
return,candidate_6,expanding,5,16,0.001,5,0,7,7.322890445709196e-11,True,0.0
return,candidate_6,expanding,5,17,0.001,5,0,7,6.196366767609401e-11,True,0.0
return,candidate_6,expanding,5,18,0.001,5,0,7,3.419628255863664e-11,True,0.0
return,candidate_6,expanding,5,19,0.001,5,0,7,3.498585460039341e-11,True,0.0
return,candidate_6,expanding,5,20,0.001,5,0,7,1.9055167274890437e-11,True,0.0
return,candidate_6,expanding,5,21,0.001,5,0,7,4.3017699168258276e-11,True,0.0
return,candidate_6,expanding,5,22,0.001,4,0,7,4.60235482460679e-11,True,0.0
return,candidate_6,expanding,5,23,0.001,4,0,7,4.459593522241329e-11,True,0.0
return,candidate_6,expanding,5,24,0.001,4,0,7,4.1895489061050206e-11,True,0.0
return,candidate_6,expanding,5,25,0.001,4,0,7,3.6283380432889886e-11,True,0.0
return,candidate_6,expanding,5,26,0.001,4,0,7,5.31738508771821e-11,True,0.0
return,candidate_6,rolling_9m_3m,1,0,0.001,1,0,2,1.523835523995313e-19,True,0.0
return,candidate_6,rolling_9m_3m,1,1,0.0001,35,0,15,1.711053158981037e-10,True,0.0
return,candidate_6,rolling_9m_3m,1,2,0.0001,35,0,17,1.7700533117002244e-10,True,0.0
return,candidate_6,rolling_9m_3m,1,3,0.0001,38,0,27,9.88433724065962e-11,True,0.0
return,candidate_6,rolling_9m_3m,1,4,0.1,0,0,1,0.0,True,0.0
return,candidate_6,rolling_9m_3m,1,5,0.001,0,0,1,0.0,True,0.0
return,candidate_6,rolling_9m_3m,1,6,0.001,1,0,2,0.0,True,0.0
return,candidate_6,rolling_9m_3m,1,7,0.0001,37,0,10,1.402845389763363e-10,True,0.0
return,candidate_6,rolling_9m_3m,1,8,0.001,2,0,7,2.5608180064893655e-13,True,0.0
return,candidate_6,rolling_9m_3m,1,9,0.0001,33,0,7,1.155017509164099e-10,True,0.0
return,candidate_6,rolling_9m_3m,1,10,0.001,0,0,1,0.0,True,0.0
return,candidate_6,rolling_9m_3m,1,11,0.0001,44,0,10,5.516849686083091e-11,True,0.0
return,candidate_6,rolling_9m_3m,1,12,0.1,0,0,1,0.0,True,0.0
return,candidate_6,rolling_9m_3m,1,13,0.001,0,0,1,0.0,True,0.0
return,candidate_6,rolling_9m_3m,1,14,0.001,1,0,2,4.079452598291959e-20,True,0.0
return,candidate_6,rolling_9m_3m,1,15,0.001,2,0,3,5.6562323956857423e-14,True,0.0
return,candidate_6,rolling_9m_3m,1,16,0.001,3,0,4,1.510486841606085e-14,True,0.0
return,candidate_6,rolling_9m_3m,1,17,0.1,0,0,1,0.0,True,0.0
return,candidate_6,rolling_9m_3m,1,18,0.0001,43,0,13,6.309625933185552e-11,True,0.0
return,candidate_6,rolling_9m_3m,1,19,0.0001,48,0,8,8.589976436553209e-10,True,0.0
return,candidate_6,rolling_9m_3m,1,20,0.1,0,0,1,0.0,True,0.0
return,candidate_6,rolling_9m_3m,1,21,0.001,0,0,1,0.0,True,0.0
return,candidate_6,rolling_9m_3m,1,22,0.1,0,0,1,0.0,True,0.0
return,candidate_6,rolling_9m_3m,1,23,0.1,0,0,1,0.0,True,0.0
return,candidate_6,rolling_9m_3m,1,24,0.1,0,0,1,0.0,True,0.0
return,candidate_6,rolling_9m_3m,1,25,0.1,0,0,1,0.0,True,0.0
return,candidate_6,rolling_9m_3m,1,26,0.0001,36,0,16,1.819220953563917e-08,True,0.0
return,candidate_6,rolling_9m_3m,1,27,0.0001,45,0,17,6.349691415800458e-10,True,0.0
return,candidate_6,rolling_9m_3m,1,28,0.0001,46,0,18,1.0453486462252691e-09,True,0.0
return,candidate_6,rolling_9m_3m,1,29,0.0001,40,0,12,2.1816762856173898e-10,True,0.0
return,candidate_6,rolling_9m_3m,1,30,0.1,0,0,1,0.0,True,0.0
return,candidate_6,rolling_9m_3m,1,31,0.1,0,0,1,0.0,True,0.0
return,candidate_6,rolling_9m_3m,3,0,0.1,0,0,1,0.0,True,0.0
return,candidate_6,rolling_9m_3m,3,1,0.001,12,0,10,5.990450602101335e-10,True,0.0
return,candidate_6,rolling_9m_3m,3,2,0.001,9,0,9,1.0969798595429427e-09,True,0.0
return,candidate_6,rolling_9m_3m,3,3,0.001,5,0,5,1.790776859871704e-11,True,0.0
return,candidate_6,rolling_9m_3m,3,4,0.001,6,0,6,1.6884594179432558e-11,True,0.0
return,candidate_6,rolling_9m_3m,3,5,0.1,0,0,1,0.0,True,0.0
return,candidate_6,rolling_9m_3m,3,6,0.1,0,0,1,0.0,True,0.0
return,candidate_6,rolling_9m_3m,3,7,0.001,10,0,5,3.146990081486409e-11,True,0.0
return,candidate_6,rolling_9m_3m,3,8,0.001,9,0,9,1.1288520713319686e-10,True,0.0
return,candidate_6,rolling_9m_3m,3,9,0.1,0,0,1,0.0,True,0.0
return,candidate_6,rolling_9m_3m,3,10,0.001,3,0,4,1.988270321313531e-14,True,0.0
return,candidate_6,rolling_9m_3m,3,11,0.001,7,0,4,5.169146132228067e-12,True,0.0
return,candidate_6,rolling_9m_3m,3,12,0.001,7,0,4,8.34913391161e-13,True,0.0
return,candidate_6,rolling_9m_3m,3,13,0.1,0,0,1,0.0,True,0.0
return,candidate_6,rolling_9m_3m,3,14,0.001,18,0,5,6.925724332810709e-10,True,0.0
return,candidate_6,rolling_9m_3m,3,15,0.01,0,0,1,0.0,True,0.0
return,candidate_6,rolling_9m_3m,3,16,0.001,24,0,11,1.2634476330612304e-09,True,0.0
return,candidate_6,rolling_9m_3m,3,17,0.001,18,0,8,3.798913594570014e-09,True,0.0
return,candidate_6,rolling_9m_3m,3,18,0.001,13,0,9,1.5434603938625357e-10,True,0.0
return,candidate_6,rolling_9m_3m,3,19,0.001,12,0,5,9.58136551089107e-11,True,0.0
return,candidate_6,rolling_9m_3m,3,20,0.1,0,0,1,0.0,True,0.0
return,candidate_6,rolling_9m_3m,3,21,0.001,12,0,4,1.3015904376400547e-11,True,0.0
return,candidate_6,rolling_9m_3m,3,22,0.001,16,0,4,1.0168361382829783e-10,True,0.0
return,candidate_6,rolling_9m_3m,3,23,0.1,0,0,1,0.0,True,0.0
return,candidate_6,rolling_9m_3m,3,24,0.1,0,0,1,0.0,True,0.0
return,candidate_6,rolling_9m_3m,3,25,0.1,0,0,1,0.0,True,0.0
return,candidate_6,rolling_9m_3m,3,26,0.001,9,0,7,1.176876872501045e-09,True,0.0
return,candidate_6,rolling_9m_3m,3,27,0.001,14,0,8,3.158230479500274e-10,True,0.0
return,candidate_6,rolling_9m_3m,3,28,0.001,18,0,8,1.227061771995794e-09,True,0.0
return,candidate_6,rolling_9m_3m,3,29,0.001,11,0,5,2.437979787243769e-10,True,0.0
return,candidate_6,rolling_9m_3m,3,30,0.001,11,0,7,7.988227466394759e-10,True,0.0
return,candidate_6,rolling_9m_3m,3,31,0.1,0,0,1,0.0,True,0.0
return,candidate_6,rolling_9m_3m,5,0,0.1,0,0,1,0.0,True,0.0
return,candidate_6,rolling_9m_3m,5,1,0.001,20,0,11,1.6174683954290342e-09,True,0.0
return,candidate_6,rolling_9m_3m,5,2,0.001,20,0,13,2.7735043860772844e-09,True,0.0
return,candidate_6,rolling_9m_3m,5,3,0.001,19,0,12,2.6358119635182e-09,True,0.0
return,candidate_6,rolling_9m_3m,5,4,0.001,15,0,7,2.921221694205764e-10,True,0.0
return,candidate_6,rolling_9m_3m,5,5,0.1,0,0,1,0.0,True,0.0
return,candidate_6,rolling_9m_3m,5,6,0.1,0,0,1,0.0,True,0.0
return,candidate_6,rolling_9m_3m,5,7,0.001,24,0,7,1.162152332752273e-09,True,0.0
return,candidate_6,rolling_9m_3m,5,8,0.001,28,0,13,2.1233274232087743e-09,True,0.0
return,candidate_6,rolling_9m_3m,5,9,0.1,0,0,1,0.0,True,0.0
return,candidate_6,rolling_9m_3m,5,10,0.001,15,0,5,7.380638539686329e-10,True,0.0
return,candidate_6,rolling_9m_3m,5,11,0.001,18,0,4,5.954040110339304e-10,True,0.0
return,candidate_6,rolling_9m_3m,5,12,0.1,0,0,1,0.0,True,0.0
return,candidate_6,rolling_9m_3m,5,13,0.001,12,0,7,1.5174548682799323e-10,True,0.0
return,candidate_6,rolling_9m_3m,5,14,0.001,28,0,6,2.6906689668803536e-09,True,0.0
return,candidate_6,rolling_9m_3m,5,15,0.01,1,0,2,6.662379144492266e-19,True,0.0
return,candidate_6,rolling_9m_3m,5,16,0.001,35,0,11,1.1554929681175612e-08,True,0.0
return,candidate_6,rolling_9m_3m,5,17,0.1,0,0,1,0.0,True,0.0
return,candidate_6,rolling_9m_3m,5,18,0.001,29,0,10,9.409123654471181e-10,True,0.0
return,candidate_6,rolling_9m_3m,5,19,0.001,32,0,7,3.41603833001817e-10,True,0.0
return,candidate_6,rolling_9m_3m,5,20,0.1,0,0,1,0.0,True,0.0
return,candidate_6,rolling_9m_3m,5,21,0.001,24,0,5,1.478328297155238e-09,True,0.0
return,candidate_6,rolling_9m_3m,5,22,0.001,31,0,12,8.923587780433387e-09,True,0.0
return,candidate_6,rolling_9m_3m,5,23,0.1,0,0,1,0.0,True,0.0
return,candidate_6,rolling_9m_3m,5,24,0.1,0,0,1,0.0,True,0.0
return,candidate_6,rolling_9m_3m,5,25,0.1,0,0,1,0.0,True,0.0
return,candidate_6,rolling_9m_3m,5,26,0.001,21,0,10,1.921573818659348e-08,True,0.0
return,candidate_6,rolling_9m_3m,5,27,0.001,28,0,11,2.018140367911643e-09,True,0.0
return,candidate_6,rolling_9m_3m,5,28,0.001,33,0,11,7.968326256204216e-09,True,0.0
return,candidate_6,rolling_9m_3m,5,29,0.001,18,0,7,8.803088461884177e-10,True,0.0
return,candidate_6,rolling_9m_3m,5,30,0.001,29,0,13,1.2994746033702658e-08,True,0.0
return,candidate_6,rolling_9m_3m,5,31,0.1,0,0,1,0.0,True,0.0
return,repr_bkm,expanding,1,0,0.1,0,0,1,0.0,True,0.0
return,repr_bkm,expanding,1,1,0.1,0,0,1,0.0,True,0.0
return,repr_bkm,expanding,1,2,0.1,0,0,1,0.0,True,0.0
return,repr_bkm,expanding,1,3,0.1,0,0,1,0.0,True,0.0
return,repr_bkm,expanding,1,4,0.1,0,0,1,0.0,True,0.0
return,repr_bkm,expanding,1,5,0.1,0,0,1,0.0,True,0.0
return,repr_bkm,expanding,1,6,0.1,0,0,1,0.0,True,0.0
return,repr_bkm,expanding,1,7,0.1,0,0,1,0.0,True,0.0
return,repr_bkm,expanding,1,8,0.1,0,0,1,0.0,True,0.0
return,repr_bkm,expanding,1,9,0.1,0,0,1,0.0,True,0.0
return,repr_bkm,expanding,1,10,0.1,0,0,1,0.0,True,0.0
return,repr_bkm,expanding,1,11,0.1,0,0,1,0.0,True,0.0
return,repr_bkm,expanding,1,12,0.1,0,0,1,0.0,True,0.0
return,repr_bkm,expanding,1,13,0.1,0,0,1,0.0,True,0.0
return,repr_bkm,expanding,1,14,0.1,0,0,1,0.0,True,0.0
return,repr_bkm,expanding,1,15,0.1,0,0,1,0.0,True,0.0
return,repr_bkm,expanding,1,16,0.1,0,0,1,0.0,True,0.0
return,repr_bkm,expanding,1,17,0.1,0,0,1,0.0,True,0.0
return,repr_bkm,expanding,1,18,0.1,0,0,1,0.0,True,0.0
return,repr_bkm,expanding,1,19,0.1,0,0,1,0.0,True,0.0
return,repr_bkm,expanding,1,20,0.1,0,0,1,0.0,True,0.0
return,repr_bkm,expanding,1,21,0.1,0,0,1,0.0,True,0.0
return,repr_bkm,expanding,1,22,0.1,0,0,1,0.0,True,0.0
return,repr_bkm,expanding,1,23,0.1,0,0,1,0.0,True,0.0
return,repr_bkm,expanding,1,24,0.1,0,0,1,0.0,True,0.0
return,repr_bkm,expanding,1,25,0.1,0,0,1,0.0,True,0.0
return,repr_bkm,expanding,1,26,0.1,0,0,1,0.0,True,0.0
return,repr_bkm,expanding,3,0,0.1,0,0,1,0.0,True,0.0
return,repr_bkm,expanding,3,1,0.1,0,0,1,0.0,True,0.0
return,repr_bkm,expanding,3,2,0.1,0,0,1,0.0,True,0.0
return,repr_bkm,expanding,3,3,0.1,0,0,1,0.0,True,0.0
return,repr_bkm,expanding,3,4,0.001,4,0,6,4.316898411990237e-12,True,0.0
return,repr_bkm,expanding,3,5,0.001,5,0,7,3.368926106002665e-12,True,0.0
return,repr_bkm,expanding,3,6,0.001,5,0,7,1.734662556601081e-12,True,0.0
return,repr_bkm,expanding,3,7,0.001,5,0,6,3.6144634240919603e-12,True,0.0
return,repr_bkm,expanding,3,8,0.001,4,0,7,2.1368631379151243e-12,True,0.0
return,repr_bkm,expanding,3,9,0.001,4,0,4,1.8641659137954238e-13,True,0.0
return,repr_bkm,expanding,3,10,0.001,5,0,4,1.9244607680290955e-13,True,0.0
return,repr_bkm,expanding,3,11,0.001,5,0,4,6.265474769723922e-13,True,0.0
return,repr_bkm,expanding,3,12,0.001,4,0,4,1.5590788559164913e-12,True,0.0
return,repr_bkm,expanding,3,13,0.001,5,0,6,8.122094049482991e-13,True,0.0
return,repr_bkm,expanding,3,14,0.001,5,0,6,6.001115439593612e-13,True,0.0
return,repr_bkm,expanding,3,15,0.001,5,0,6,5.466971898741991e-13,True,0.0
return,repr_bkm,expanding,3,16,0.001,4,0,4,2.0419063842530143e-13,True,0.0
return,repr_bkm,expanding,3,17,0.001,4,0,4,4.387281355769253e-14,True,0.0
return,repr_bkm,expanding,3,18,0.001,4,0,4,6.7746557582514325e-15,True,0.0
return,repr_bkm,expanding,3,19,0.001,4,0,4,3.106872177523327e-15,True,0.0
return,repr_bkm,expanding,3,20,0.001,1,0,2,5.640850925445616e-19,True,0.0
return,repr_bkm,expanding,3,21,0.001,3,0,3,2.0071149195362939e-13,True,0.0
return,repr_bkm,expanding,3,22,0.001,3,0,4,1.6220217041815946e-15,True,0.0
return,repr_bkm,expanding,3,23,0.001,3,0,4,1.4107788178737217e-15,True,0.0
return,repr_bkm,expanding,3,24,0.1,0,0,1,0.0,True,0.0
return,repr_bkm,expanding,3,25,0.001,2,0,3,1.4012501030657411e-14,True,0.0
return,repr_bkm,expanding,3,26,0.001,4,0,5,6.968013093732488e-13,True,0.0
return,repr_bkm,expanding,5,0,0.1,0,0,1,0.0,True,0.0
return,repr_bkm,expanding,5,1,0.1,0,0,1,0.0,True,0.0
return,repr_bkm,expanding,5,2,0.001,8,0,7,1.6105493537173604e-10,True,0.0
return,repr_bkm,expanding,5,3,0.1,0,0,1,0.0,True,0.0
return,repr_bkm,expanding,5,4,0.1,0,0,1,0.0,True,0.0
return,repr_bkm,expanding,5,5,0.001,8,0,10,1.1851577563570952e-11,True,0.0
return,repr_bkm,expanding,5,6,0.001,7,0,10,9.171777340358065e-12,True,0.0
return,repr_bkm,expanding,5,7,0.001,6,0,9,8.450427056893947e-11,True,0.0
return,repr_bkm,expanding,5,8,0.001,6,0,9,1.641112004262353e-11,True,0.0
return,repr_bkm,expanding,5,9,0.1,0,0,1,0.0,True,0.0
return,repr_bkm,expanding,5,10,0.001,9,0,6,2.11596711445238e-11,True,0.0
return,repr_bkm,expanding,5,11,0.001,9,0,5,1.1872885562656663e-11,True,0.0
return,repr_bkm,expanding,5,12,0.001,8,0,7,7.054329568030542e-11,True,0.0
return,repr_bkm,expanding,5,13,0.1,0,0,1,0.0,True,0.0
return,repr_bkm,expanding,5,14,0.1,0,0,1,0.0,True,0.0
return,repr_bkm,expanding,5,15,0.001,8,0,7,2.550069560316176e-10,True,0.0
return,repr_bkm,expanding,5,16,0.001,7,0,7,5.506535700328725e-11,True,0.0
return,repr_bkm,expanding,5,17,0.001,7,0,6,2.1686619375588986e-10,True,0.0
return,repr_bkm,expanding,5,18,0.001,5,0,4,2.6756643050285452e-12,True,0.0
return,repr_bkm,expanding,5,19,0.001,6,0,4,1.0446531035960228e-10,True,0.0
return,repr_bkm,expanding,5,20,0.001,6,0,4,5.973310003414441e-12,True,0.0
return,repr_bkm,expanding,5,21,0.001,6,0,7,1.3709182051275577e-11,True,0.0
return,repr_bkm,expanding,5,22,0.001,5,0,6,1.2215523311239518e-10,True,0.0
return,repr_bkm,expanding,5,23,0.001,6,0,7,2.5654848193464782e-11,True,0.0
return,repr_bkm,expanding,5,24,0.1,0,0,1,0.0,True,0.0
return,repr_bkm,expanding,5,25,0.1,0,0,1,0.0,True,0.0
return,repr_bkm,expanding,5,26,0.1,0,0,1,0.0,True,0.0
return,repr_bkm,rolling_9m_3m,1,0,0.001,1,0,2,1.523835523995313e-19,True,0.0
return,repr_bkm,rolling_9m_3m,1,1,0.001,2,0,5,1.4209207004103023e-13,True,0.0
return,repr_bkm,rolling_9m_3m,1,2,0.001,1,0,2,-8.502569593146901e-20,True,0.0
return,repr_bkm,rolling_9m_3m,1,3,0.001,1,0,2,0.0,True,0.0
return,repr_bkm,rolling_9m_3m,1,4,0.1,0,0,1,0.0,True,0.0
return,repr_bkm,rolling_9m_3m,1,5,0.001,0,0,1,0.0,True,0.0
return,repr_bkm,rolling_9m_3m,1,6,0.001,1,0,2,0.0,True,0.0
return,repr_bkm,rolling_9m_3m,1,7,0.001,1,0,2,4.117274335713542e-20,True,0.0
return,repr_bkm,rolling_9m_3m,1,8,0.001,1,0,2,-6.159920610089642e-20,True,0.0
return,repr_bkm,rolling_9m_3m,1,9,0.1,0,0,1,0.0,True,0.0
return,repr_bkm,rolling_9m_3m,1,10,0.1,0,0,1,0.0,True,0.0
return,repr_bkm,rolling_9m_3m,1,11,0.1,0,0,1,0.0,True,0.0
return,repr_bkm,rolling_9m_3m,1,12,0.1,0,0,1,0.0,True,0.0
return,repr_bkm,rolling_9m_3m,1,13,0.001,0,0,1,0.0,True,0.0
return,repr_bkm,rolling_9m_3m,1,14,0.001,2,0,3,4.795396529292198e-16,True,0.0
return,repr_bkm,rolling_9m_3m,1,15,0.001,3,0,4,4.160414788570885e-13,True,0.0
return,repr_bkm,rolling_9m_3m,1,16,0.001,3,0,4,3.1096594209003947e-13,True,0.0
return,repr_bkm,rolling_9m_3m,1,17,0.001,2,0,4,2.9960198620531168e-12,True,0.0
return,repr_bkm,rolling_9m_3m,1,18,0.001,2,0,5,1.7542470202102908e-15,True,0.0
return,repr_bkm,rolling_9m_3m,1,19,0.001,1,0,2,-4.0353403893690377e-20,True,0.0
return,repr_bkm,rolling_9m_3m,1,20,0.1,0,0,1,0.0,True,0.0
return,repr_bkm,rolling_9m_3m,1,21,0.001,0,0,1,0.0,True,0.0
return,repr_bkm,rolling_9m_3m,1,22,0.1,0,0,1,0.0,True,0.0
return,repr_bkm,rolling_9m_3m,1,23,0.1,0,0,1,0.0,True,0.0
return,repr_bkm,rolling_9m_3m,1,24,0.1,0,0,1,0.0,True,0.0
return,repr_bkm,rolling_9m_3m,1,25,0.001,1,0,2,4.0519088489969214e-20,True,0.0
return,repr_bkm,rolling_9m_3m,1,26,0.001,1,0,3,-4.025464193709777e-20,True,0.0
return,repr_bkm,rolling_9m_3m,1,27,0.001,3,0,5,6.243394725356804e-12,True,0.0
return,repr_bkm,rolling_9m_3m,1,28,0.001,2,0,5,3.443582937757666e-12,True,0.0
return,repr_bkm,rolling_9m_3m,1,29,0.1,0,0,1,0.0,True,0.0
return,repr_bkm,rolling_9m_3m,1,30,0.1,0,0,1,0.0,True,0.0
return,repr_bkm,rolling_9m_3m,1,31,0.001,2,0,5,9.762307310314819e-15,True,0.0
return,repr_bkm,rolling_9m_3m,3,0,0.1,0,0,1,0.0,True,0.0
return,repr_bkm,rolling_9m_3m,3,1,0.1,0,0,1,0.0,True,0.0
return,repr_bkm,rolling_9m_3m,3,2,0.001,11,0,11,1.879641658458834e-10,True,0.0
return,repr_bkm,rolling_9m_3m,3,3,0.1,0,0,1,0.0,True,0.0
return,repr_bkm,rolling_9m_3m,3,4,0.1,0,0,1,0.0,True,0.0
return,repr_bkm,rolling_9m_3m,3,5,0.1,0,0,1,0.0,True,0.0
return,repr_bkm,rolling_9m_3m,3,6,0.1,0,0,1,0.0,True,0.0
return,repr_bkm,rolling_9m_3m,3,7,0.1,0,0,1,0.0,True,0.0
return,repr_bkm,rolling_9m_3m,3,8,0.001,10,0,5,1.2533701792937784e-11,True,0.0
return,repr_bkm,rolling_9m_3m,3,9,0.1,0,0,1,0.0,True,0.0
return,repr_bkm,rolling_9m_3m,3,10,0.1,0,0,1,0.0,True,0.0
return,repr_bkm,rolling_9m_3m,3,11,0.1,0,0,1,0.0,True,0.0
return,repr_bkm,rolling_9m_3m,3,12,0.001,12,0,8,8.46478497916582e-11,True,0.0
return,repr_bkm,rolling_9m_3m,3,13,0.1,0,0,1,0.0,True,0.0
return,repr_bkm,rolling_9m_3m,3,14,0.1,0,0,1,0.0,True,0.0
return,repr_bkm,rolling_9m_3m,3,15,0.001,26,0,11,8.570736849859168e-09,True,0.0
return,repr_bkm,rolling_9m_3m,3,16,0.001,29,0,12,1.2413139657878142e-08,True,0.0
return,repr_bkm,rolling_9m_3m,3,17,0.001,21,0,6,6.40759651816073e-09,True,0.0
return,repr_bkm,rolling_9m_3m,3,18,0.001,13,0,14,4.679498809240299e-10,True,0.0
return,repr_bkm,rolling_9m_3m,3,19,0.001,14,0,17,3.987747455743739e-10,True,0.0
return,repr_bkm,rolling_9m_3m,3,20,0.1,0,0,1,0.0,True,0.0
return,repr_bkm,rolling_9m_3m,3,21,0.1,0,0,1,0.0,True,0.0
return,repr_bkm,rolling_9m_3m,3,22,0.1,0,0,1,0.0,True,0.0
return,repr_bkm,rolling_9m_3m,3,23,0.001,24,0,9,2.03409899358951e-09,True,0.0
return,repr_bkm,rolling_9m_3m,3,24,0.1,0,0,1,0.0,True,0.0
return,repr_bkm,rolling_9m_3m,3,25,0.1,0,0,1,0.0,True,0.0
return,repr_bkm,rolling_9m_3m,3,26,0.001,9,0,6,8.993989368549571e-10,True,0.0
return,repr_bkm,rolling_9m_3m,3,27,0.1,0,0,1,0.0,True,0.0
return,repr_bkm,rolling_9m_3m,3,28,0.001,24,0,14,4.820270977046841e-09,True,0.0
return,repr_bkm,rolling_9m_3m,3,29,0.001,12,0,7,1.6792815008747405e-10,True,0.0
return,repr_bkm,rolling_9m_3m,3,30,0.1,0,0,1,0.0,True,0.0
return,repr_bkm,rolling_9m_3m,3,31,0.1,0,0,1,0.0,True,0.0
return,repr_bkm,rolling_9m_3m,5,0,0.1,0,0,1,0.0,True,0.0
return,repr_bkm,rolling_9m_3m,5,1,0.1,0,0,1,0.0,True,0.0
return,repr_bkm,rolling_9m_3m,5,2,0.1,0,0,1,0.0,True,0.0
return,repr_bkm,rolling_9m_3m,5,3,0.1,0,0,1,0.0,True,0.0
return,repr_bkm,rolling_9m_3m,5,4,0.1,0,0,1,0.0,True,0.0
return,repr_bkm,rolling_9m_3m,5,5,0.1,0,0,1,0.0,True,0.0
return,repr_bkm,rolling_9m_3m,5,6,0.1,0,0,1,0.0,True,0.0
return,repr_bkm,rolling_9m_3m,5,7,0.1,0,0,1,0.0,True,0.0
return,repr_bkm,rolling_9m_3m,5,8,0.01,0,0,1,0.0,True,0.0
return,repr_bkm,rolling_9m_3m,5,9,0.1,0,0,1,0.0,True,0.0
return,repr_bkm,rolling_9m_3m,5,10,0.1,0,0,1,0.0,True,0.0
return,repr_bkm,rolling_9m_3m,5,11,0.1,0,0,1,0.0,True,0.0
return,repr_bkm,rolling_9m_3m,5,12,0.1,0,0,1,0.0,True,0.0
return,repr_bkm,rolling_9m_3m,5,13,0.1,0,0,1,0.0,True,0.0
return,repr_bkm,rolling_9m_3m,5,14,0.01,0,0,1,0.0,True,0.0
return,repr_bkm,rolling_9m_3m,5,15,0.01,1,0,2,6.662379144492266e-19,True,0.0
return,repr_bkm,rolling_9m_3m,5,16,0.001,43,0,13,1.8387184467224866e-07,True,0.0
return,repr_bkm,rolling_9m_3m,5,17,0.1,0,0,1,0.0,True,0.0
return,repr_bkm,rolling_9m_3m,5,18,0.001,31,0,14,3.729722539480459e-09,True,0.0
return,repr_bkm,rolling_9m_3m,5,19,0.1,0,0,1,0.0,True,0.0
return,repr_bkm,rolling_9m_3m,5,20,0.001,22,0,60,2.6199382387044335e-08,True,0.0
return,repr_bkm,rolling_9m_3m,5,21,0.1,0,0,1,0.0,True,0.0
return,repr_bkm,rolling_9m_3m,5,22,0.1,0,0,1,0.0,True,0.0
return,repr_bkm,rolling_9m_3m,5,23,0.1,0,0,1,0.0,True,0.0
return,repr_bkm,rolling_9m_3m,5,24,0.1,0,0,1,0.0,True,0.0
return,repr_bkm,rolling_9m_3m,5,25,0.1,0,0,1,0.0,True,0.0
return,repr_bkm,rolling_9m_3m,5,26,0.001,21,0,10,9.189979138225004e-09,True,0.0
return,repr_bkm,rolling_9m_3m,5,27,0.01,0,0,1,0.0,True,0.0
return,repr_bkm,rolling_9m_3m,5,28,0.01,0,0,1,0.0,True,0.0
return,repr_bkm,rolling_9m_3m,5,29,0.1,0,0,1,0.0,True,0.0
return,repr_bkm,rolling_9m_3m,5,30,0.1,0,0,1,0.0,True,0.0
return,repr_bkm,rolling_9m_3m,5,31,0.1,0,0,1,0.0,True,0.0
return,repr_grid,expanding,1,0,0.1,0,0,1,0.0,True,0.0
return,repr_grid,expanding,1,1,0.1,0,0,1,0.0,True,0.0
return,repr_grid,expanding,1,2,0.1,0,0,1,0.0,True,0.0
return,repr_grid,expanding,1,3,0.001,0,0,1,0.0,True,0.0
return,repr_grid,expanding,1,4,0.1,0,0,1,0.0,True,0.0
return,repr_grid,expanding,1,5,0.1,0,0,1,0.0,True,0.0
return,repr_grid,expanding,1,6,0.1,0,0,1,0.0,True,0.0
return,repr_grid,expanding,1,7,0.1,0,0,1,0.0,True,0.0
return,repr_grid,expanding,1,8,0.1,0,0,1,0.0,True,0.0
return,repr_grid,expanding,1,9,0.001,0,0,1,0.0,True,0.0
return,repr_grid,expanding,1,10,0.001,0,0,1,0.0,True,0.0
return,repr_grid,expanding,1,11,0.001,0,0,1,0.0,True,0.0
return,repr_grid,expanding,1,12,0.001,0,0,1,0.0,True,0.0
return,repr_grid,expanding,1,13,0.001,0,0,1,0.0,True,0.0
return,repr_grid,expanding,1,14,0.001,0,0,1,0.0,True,0.0
return,repr_grid,expanding,1,15,0.001,0,0,1,0.0,True,0.0
return,repr_grid,expanding,1,16,0.001,0,0,1,0.0,True,0.0
return,repr_grid,expanding,1,17,0.1,0,0,1,0.0,True,0.0
return,repr_grid,expanding,1,18,0.1,0,0,1,0.0,True,0.0
return,repr_grid,expanding,1,19,0.1,0,0,1,0.0,True,0.0
return,repr_grid,expanding,1,20,0.1,0,0,1,0.0,True,0.0
return,repr_grid,expanding,1,21,0.1,0,0,1,0.0,True,0.0
return,repr_grid,expanding,1,22,0.1,0,0,1,0.0,True,0.0
return,repr_grid,expanding,1,23,0.1,0,0,1,0.0,True,0.0
return,repr_grid,expanding,1,24,0.0001,23,0,39,2.048570620985052e-11,True,0.0
return,repr_grid,expanding,1,25,0.0001,22,0,40,9.868140634860407e-12,True,0.0
return,repr_grid,expanding,1,26,0.0001,23,0,39,2.0460408108775455e-11,True,0.0
return,repr_grid,expanding,3,0,0.001,8,0,56,3.721000143608728e-11,True,0.0
return,repr_grid,expanding,3,1,0.001,3,0,42,1.1381907623130958e-12,True,0.0
return,repr_grid,expanding,3,2,0.001,5,0,140,3.128395303256565e-11,True,0.0
return,repr_grid,expanding,3,3,0.001,5,0,31,9.429972482806233e-11,True,0.0
return,repr_grid,expanding,3,4,0.001,4,0,29,2.052028739242802e-11,True,0.0
return,repr_grid,expanding,3,5,0.001,6,0,25,3.251172538847277e-11,True,0.0
return,repr_grid,expanding,3,6,0.001,7,0,48,1.4182677701187253e-10,True,0.0
return,repr_grid,expanding,3,7,0.1,0,0,1,0.0,True,0.0
return,repr_grid,expanding,3,8,0.001,5,0,27,1.921720911916036e-10,True,0.0
return,repr_grid,expanding,3,9,0.001,6,0,92,3.2819106868038246e-12,True,0.0
return,repr_grid,expanding,3,10,0.001,6,0,89,4.946381217133884e-11,True,0.0
return,repr_grid,expanding,3,11,0.001,7,0,86,7.160628467240527e-11,True,0.0
return,repr_grid,expanding,3,12,0.001,6,0,29,1.0907684230960381e-10,True,0.0
return,repr_grid,expanding,3,13,0.001,4,0,38,2.6813486429374525e-12,True,0.0
return,repr_grid,expanding,3,14,0.001,3,0,53,2.210960648651574e-14,True,0.0
return,repr_grid,expanding,3,15,0.001,5,0,30,2.6936088766316138e-12,True,0.0
return,repr_grid,expanding,3,16,0.001,6,0,30,4.878622799315544e-10,True,0.0
return,repr_grid,expanding,3,17,0.001,4,0,28,1.543093529363452e-10,True,0.0
return,repr_grid,expanding,3,18,0.001,6,0,107,4.4624279770082686e-11,True,0.0
return,repr_grid,expanding,3,19,0.001,4,0,58,2.0753235169219963e-11,True,0.0
return,repr_grid,expanding,3,20,0.001,2,0,51,4.093707412200913e-11,True,0.0
return,repr_grid,expanding,3,21,0.001,3,0,22,7.700389640139665e-11,True,0.0
return,repr_grid,expanding,3,22,0.001,3,0,57,1.0475481999201337e-10,True,0.0
return,repr_grid,expanding,3,23,0.001,3,0,56,9.347333988429456e-11,True,0.0
return,repr_grid,expanding,3,24,0.001,3,0,56,9.639049835289897e-11,True,0.0
return,repr_grid,expanding,3,25,0.001,4,0,50,1.0963970619356938e-10,True,0.0
return,repr_grid,expanding,3,26,0.001,3,0,48,1.536852920682051e-10,True,0.0
return,repr_grid,expanding,5,0,0.001,11,0,21,6.055723586421806e-10,True,0.0
return,repr_grid,expanding,5,1,0.1,0,0,1,0.0,True,0.0
return,repr_grid,expanding,5,2,0.001,9,0,86,1.9983242571417768e-10,True,0.0
return,repr_grid,expanding,5,3,0.001,8,0,23,8.196416002764686e-10,True,0.0
return,repr_grid,expanding,5,4,0.001,6,0,31,4.1882649825335764e-10,True,0.0
return,repr_grid,expanding,5,5,0.001,7,0,90,2.641242758136728e-10,True,0.0
return,repr_grid,expanding,5,6,0.001,6,0,49,2.1020788117466485e-10,True,0.0
return,repr_grid,expanding,5,7,0.001,7,0,80,1.1775240155722034e-10,True,0.0
return,repr_grid,expanding,5,8,0.001,9,0,73,3.338345785642672e-10,True,0.0
return,repr_grid,expanding,5,9,0.001,8,0,89,3.747088761833913e-10,True,0.0
return,repr_grid,expanding,5,10,0.001,10,0,96,7.038249790670656e-10,True,0.0
return,repr_grid,expanding,5,11,0.001,10,0,79,8.609591010272406e-10,True,0.0
return,repr_grid,expanding,5,12,0.001,9,0,24,3.705698143028918e-09,True,0.0
return,repr_grid,expanding,5,13,0.001,10,0,47,3.0987105274879113e-10,True,0.0
return,repr_grid,expanding,5,14,0.001,9,0,55,1.9038978642693513e-10,True,0.0
return,repr_grid,expanding,5,15,0.001,9,0,40,2.6300231108705555e-09,True,0.0
return,repr_grid,expanding,5,16,0.001,8,0,49,6.763415133419567e-10,True,0.0
return,repr_grid,expanding,5,17,0.001,8,0,70,4.540192711826035e-10,True,0.0
return,repr_grid,expanding,5,18,0.001,7,0,46,9.798962224880334e-10,True,0.0
return,repr_grid,expanding,5,19,0.001,7,0,29,1.3820530086477745e-10,True,0.0
return,repr_grid,expanding,5,20,0.001,7,0,30,1.0436986004099982e-10,True,0.0
return,repr_grid,expanding,5,21,0.001,7,0,56,8.532587612770044e-11,True,0.0
return,repr_grid,expanding,5,22,0.001,7,0,61,1.902145965144928e-10,True,0.0
return,repr_grid,expanding,5,23,0.001,6,0,69,2.7039547236149407e-11,True,0.0
return,repr_grid,expanding,5,24,0.001,6,0,107,1.4819798086762004e-10,True,0.0
return,repr_grid,expanding,5,25,0.001,7,0,159,2.9320386604348817e-10,True,0.0
return,repr_grid,expanding,5,26,0.001,7,0,147,1.469396246970396e-10,True,0.0
return,repr_grid,rolling_9m_3m,1,0,0.001,1,0,2,1.523835523995313e-19,True,0.0
return,repr_grid,rolling_9m_3m,1,1,0.001,2,0,5,2.8601511350912393e-13,True,0.0
return,repr_grid,rolling_9m_3m,1,2,0.001,1,0,35,-1.275385438972035e-19,True,0.0
return,repr_grid,rolling_9m_3m,1,3,0.001,1,0,7,1.0782004706469423e-19,True,0.0
return,repr_grid,rolling_9m_3m,1,4,0.1,0,0,1,0.0,True,0.0
return,repr_grid,rolling_9m_3m,1,5,0.001,0,0,1,0.0,True,0.0
return,repr_grid,rolling_9m_3m,1,6,0.001,1,0,2,0.0,True,0.0
return,repr_grid,rolling_9m_3m,1,7,0.001,1,0,2,4.117274335713542e-20,True,0.0
return,repr_grid,rolling_9m_3m,1,8,0.001,3,0,82,7.053149343367293e-13,True,0.0
return,repr_grid,rolling_9m_3m,1,9,0.1,0,0,1,0.0,True,0.0
return,repr_grid,rolling_9m_3m,1,10,0.1,0,0,1,0.0,True,0.0
return,repr_grid,rolling_9m_3m,1,11,0.1,0,0,1,0.0,True,0.0
return,repr_grid,rolling_9m_3m,1,12,0.1,0,0,1,0.0,True,0.0
return,repr_grid,rolling_9m_3m,1,13,0.001,0,0,1,0.0,True,0.0
return,repr_grid,rolling_9m_3m,1,14,0.001,3,0,5,4.158678831312867e-13,True,0.0
return,repr_grid,rolling_9m_3m,1,15,0.001,4,0,6,1.9934838478603943e-11,True,0.0
return,repr_grid,rolling_9m_3m,1,16,0.001,3,0,5,3.543265386057674e-13,True,0.0
return,repr_grid,rolling_9m_3m,1,17,0.001,3,0,7,4.96036373191417e-11,True,0.0
return,repr_grid,rolling_9m_3m,1,18,0.001,2,0,20,2.2137242212147238e-12,True,0.0
return,repr_grid,rolling_9m_3m,1,19,0.001,1,0,14,-8.070680778738075e-20,True,0.0
return,repr_grid,rolling_9m_3m,1,20,0.1,0,0,1,0.0,True,0.0
return,repr_grid,rolling_9m_3m,1,21,0.001,0,0,1,0.0,True,0.0
return,repr_grid,rolling_9m_3m,1,22,0.1,0,0,1,0.0,True,0.0
return,repr_grid,rolling_9m_3m,1,23,0.1,0,0,1,0.0,True,0.0
return,repr_grid,rolling_9m_3m,1,24,0.1,0,0,1,0.0,True,0.0
return,repr_grid,rolling_9m_3m,1,25,0.001,1,0,2,4.0519088489969214e-20,True,0.0
return,repr_grid,rolling_9m_3m,1,26,0.001,3,0,126,3.2422477401285373e-13,True,0.0
return,repr_grid,rolling_9m_3m,1,27,0.001,4,0,30,7.100854136499439e-12,True,0.0
return,repr_grid,rolling_9m_3m,1,28,0.001,3,0,37,8.361520554905471e-11,True,0.0
return,repr_grid,rolling_9m_3m,1,29,0.001,3,0,34,2.659019879027055e-12,True,0.0
return,repr_grid,rolling_9m_3m,1,30,0.1,0,0,1,0.0,True,0.0
return,repr_grid,rolling_9m_3m,1,31,0.001,2,0,5,9.762307310314819e-15,True,0.0
return,repr_grid,rolling_9m_3m,3,0,0.1,0,0,1,0.0,True,0.0
return,repr_grid,rolling_9m_3m,3,1,0.1,0,0,1,0.0,True,0.0
return,repr_grid,rolling_9m_3m,3,2,0.001,14,0,88,2.2776755007112162e-09,True,0.0
return,repr_grid,rolling_9m_3m,3,3,0.001,10,0,29,1.9276100623187274e-09,True,0.0
return,repr_grid,rolling_9m_3m,3,4,0.1,0,0,1,0.0,True,0.0
return,repr_grid,rolling_9m_3m,3,5,0.1,0,0,1,0.0,True,0.0
return,repr_grid,rolling_9m_3m,3,6,0.1,0,0,1,0.0,True,0.0
return,repr_grid,rolling_9m_3m,3,7,0.001,11,0,13,2.7247904514902116e-09,True,0.0
return,repr_grid,rolling_9m_3m,3,8,0.1,0,0,1,0.0,True,0.0
return,repr_grid,rolling_9m_3m,3,9,0.1,0,0,1,0.0,True,0.0
return,repr_grid,rolling_9m_3m,3,10,0.1,0,0,1,0.0,True,0.0
return,repr_grid,rolling_9m_3m,3,11,0.1,0,0,1,0.0,True,0.0
return,repr_grid,rolling_9m_3m,3,12,0.001,14,0,8,1.7903669711280066e-10,True,0.0
return,repr_grid,rolling_9m_3m,3,13,0.1,0,0,1,0.0,True,0.0
return,repr_grid,rolling_9m_3m,3,14,0.1,0,1,1,0.0,True,0.0
return,repr_grid,rolling_9m_3m,3,15,0.001,30,0,17,1.4592512099765028e-08,True,0.0
return,repr_grid,rolling_9m_3m,3,16,0.001,29,2,15,2.6638174356447067e-08,True,0.0
return,repr_grid,rolling_9m_3m,3,17,0.1,0,0,1,0.0,True,0.0
return,repr_grid,rolling_9m_3m,3,18,0.001,16,0,17,9.546949974630878e-10,True,0.0
return,repr_grid,rolling_9m_3m,3,19,0.001,15,0,21,1.273378223224462e-09,True,0.0
return,repr_grid,rolling_9m_3m,3,20,0.001,12,0,11,5.592671716016895e-10,True,0.0
return,repr_grid,rolling_9m_3m,3,21,0.1,0,0,1,0.0,True,0.0
return,repr_grid,rolling_9m_3m,3,22,0.1,0,0,1,0.0,True,0.0
return,repr_grid,rolling_9m_3m,3,23,0.1,0,0,1,0.0,True,0.0
return,repr_grid,rolling_9m_3m,3,24,0.1,0,0,1,0.0,True,0.0
return,repr_grid,rolling_9m_3m,3,25,0.1,0,0,1,0.0,True,0.0
return,repr_grid,rolling_9m_3m,3,26,0.001,11,0,24,5.702661598695945e-10,True,0.0
return,repr_grid,rolling_9m_3m,3,27,0.001,16,0,62,2.1291061605768927e-10,True,0.0
return,repr_grid,rolling_9m_3m,3,28,0.001,25,0,174,2.3469129788770817e-10,True,0.0
return,repr_grid,rolling_9m_3m,3,29,0.001,14,0,48,2.614119820589251e-10,True,0.0
return,repr_grid,rolling_9m_3m,3,30,0.1,0,0,1,0.0,True,0.0
return,repr_grid,rolling_9m_3m,3,31,0.001,23,0,15,5.794641698898316e-10,True,0.0
return,repr_grid,rolling_9m_3m,5,0,0.1,0,0,1,0.0,True,0.0
return,repr_grid,rolling_9m_3m,5,1,0.1,0,0,1,0.0,True,0.0
return,repr_grid,rolling_9m_3m,5,2,0.001,25,0,75,1.8882226561946803e-09,True,0.0
return,repr_grid,rolling_9m_3m,5,3,0.01,0,0,1,0.0,True,0.0
return,repr_grid,rolling_9m_3m,5,4,0.1,0,0,1,0.0,True,0.0
return,repr_grid,rolling_9m_3m,5,5,0.1,0,0,1,0.0,True,0.0
return,repr_grid,rolling_9m_3m,5,6,0.1,0,0,1,0.0,True,0.0
return,repr_grid,rolling_9m_3m,5,7,0.1,0,0,1,0.0,True,0.0
return,repr_grid,rolling_9m_3m,5,8,0.01,0,0,1,0.0,True,0.0
return,repr_grid,rolling_9m_3m,5,9,0.1,0,0,1,0.0,True,0.0
return,repr_grid,rolling_9m_3m,5,10,0.1,0,0,1,0.0,True,0.0
return,repr_grid,rolling_9m_3m,5,11,0.1,0,0,1,0.0,True,0.0
return,repr_grid,rolling_9m_3m,5,12,0.001,22,0,13,3.374771926453106e-09,True,0.0
return,repr_grid,rolling_9m_3m,5,13,0.1,0,0,1,0.0,True,0.0
return,repr_grid,rolling_9m_3m,5,14,0.01,0,1,1,0.0,True,0.0
return,repr_grid,rolling_9m_3m,5,15,0.001,50,2,25,1.9323474498286404e-07,True,0.0
return,repr_grid,rolling_9m_3m,5,16,0.001,44,2,20,8.836305532988316e-08,True,0.0
return,repr_grid,rolling_9m_3m,5,17,0.1,0,0,1,0.0,True,0.0
return,repr_grid,rolling_9m_3m,5,18,0.1,0,0,1,0.0,True,0.0
return,repr_grid,rolling_9m_3m,5,19,0.1,0,0,1,0.0,True,0.0
return,repr_grid,rolling_9m_3m,5,20,0.001,25,0,62,2.5531464485483953e-08,True,0.0
return,repr_grid,rolling_9m_3m,5,21,0.1,0,0,1,0.0,True,0.0
return,repr_grid,rolling_9m_3m,5,22,0.1,0,0,1,0.0,True,0.0
return,repr_grid,rolling_9m_3m,5,23,0.1,0,0,1,0.0,True,0.0
return,repr_grid,rolling_9m_3m,5,24,0.1,0,0,1,0.0,True,0.0
return,repr_grid,rolling_9m_3m,5,25,0.1,0,0,1,0.0,True,0.0
return,repr_grid,rolling_9m_3m,5,26,0.001,24,0,50,9.041417264376943e-09,True,0.0
return,repr_grid,rolling_9m_3m,5,27,0.001,36,0,52,7.262475103770196e-09,True,0.0
return,repr_grid,rolling_9m_3m,5,28,0.001,44,0,141,7.046161214390247e-09,True,0.0
return,repr_grid,rolling_9m_3m,5,29,0.001,29,0,217,1.336793836904037e-09,True,0.0
return,repr_grid,rolling_9m_3m,5,30,0.1,0,0,1,0.0,True,0.0
return,repr_grid,rolling_9m_3m,5,31,0.1,0,0,1,0.0,True,0.0
return,repr_grid_raw,expanding,1,0,0.1,0,0,1,0.0,True,0.0
return,repr_grid_raw,expanding,1,1,0.1,0,0,1,0.0,True,0.0
return,repr_grid_raw,expanding,1,2,0.1,0,0,1,0.0,True,0.0
return,repr_grid_raw,expanding,1,3,0.001,0,0,1,0.0,True,0.0
return,repr_grid_raw,expanding,1,4,0.1,0,0,1,0.0,True,0.0
return,repr_grid_raw,expanding,1,5,0.1,0,0,1,0.0,True,0.0
return,repr_grid_raw,expanding,1,6,0.1,0,0,1,0.0,True,0.0
return,repr_grid_raw,expanding,1,7,0.1,0,0,1,0.0,True,0.0
return,repr_grid_raw,expanding,1,8,0.1,0,0,1,0.0,True,0.0
return,repr_grid_raw,expanding,1,9,0.1,0,0,1,0.0,True,0.0
return,repr_grid_raw,expanding,1,10,0.1,0,0,1,0.0,True,0.0
return,repr_grid_raw,expanding,1,11,0.1,0,0,1,0.0,True,0.0
return,repr_grid_raw,expanding,1,12,0.1,0,0,1,0.0,True,0.0
return,repr_grid_raw,expanding,1,13,0.1,0,0,1,0.0,True,0.0
return,repr_grid_raw,expanding,1,14,0.1,0,0,1,0.0,True,0.0
return,repr_grid_raw,expanding,1,15,0.1,0,0,1,0.0,True,0.0
return,repr_grid_raw,expanding,1,16,0.1,0,0,1,0.0,True,0.0
return,repr_grid_raw,expanding,1,17,0.1,0,0,1,0.0,True,0.0
return,repr_grid_raw,expanding,1,18,0.1,0,0,1,0.0,True,0.0
return,repr_grid_raw,expanding,1,19,0.1,0,0,1,0.0,True,0.0
return,repr_grid_raw,expanding,1,20,0.1,0,0,1,0.0,True,0.0
return,repr_grid_raw,expanding,1,21,0.1,0,0,1,0.0,True,0.0
return,repr_grid_raw,expanding,1,22,0.1,0,0,1,0.0,True,0.0
return,repr_grid_raw,expanding,1,23,0.1,0,0,1,0.0,True,0.0
return,repr_grid_raw,expanding,1,24,0.1,0,0,1,0.0,True,0.0
return,repr_grid_raw,expanding,1,25,0.1,0,0,1,0.0,True,0.0
return,repr_grid_raw,expanding,1,26,0.0001,22,0,30,1.2318797999299935e-09,True,0.0
return,repr_grid_raw,expanding,3,0,0.001,7,0,23,5.022580574276279e-11,True,0.0
return,repr_grid_raw,expanding,3,1,0.1,0,0,1,0.0,True,0.0
return,repr_grid_raw,expanding,3,2,0.001,6,0,29,1.4823708112772657e-10,True,0.0
return,repr_grid_raw,expanding,3,3,0.001,6,0,30,1.7571200356599338e-10,True,0.0
return,repr_grid_raw,expanding,3,4,0.001,5,0,28,8.189305706124329e-11,True,0.0
return,repr_grid_raw,expanding,3,5,0.001,7,0,51,7.148211300742208e-11,True,0.0
return,repr_grid_raw,expanding,3,6,0.001,6,0,48,3.03510620514182e-11,True,0.0
return,repr_grid_raw,expanding,3,7,0.001,6,0,51,2.91532141829235e-11,True,0.0
return,repr_grid_raw,expanding,3,8,0.001,10,0,43,5.735877641832889e-11,True,0.0
return,repr_grid_raw,expanding,3,9,0.001,5,0,9,5.377491715643098e-12,True,0.0
return,repr_grid_raw,expanding,3,10,0.001,7,0,21,1.3802871006387529e-11,True,0.0
return,repr_grid_raw,expanding,3,11,0.001,7,0,21,1.962608240141635e-11,True,0.0
return,repr_grid_raw,expanding,3,12,0.001,7,0,24,9.683438204176823e-12,True,0.0
return,repr_grid_raw,expanding,3,13,0.001,6,0,23,2.966105414411561e-11,True,0.0
return,repr_grid_raw,expanding,3,14,0.001,6,0,22,3.1599326486572805e-11,True,0.0
return,repr_grid_raw,expanding,3,15,0.001,6,0,30,2.5501254753947875e-10,True,0.0
return,repr_grid_raw,expanding,3,16,0.001,6,0,25,1.663454696046222e-11,True,0.0
return,repr_grid_raw,expanding,3,17,0.001,5,0,26,1.0895499645880263e-11,True,0.0
return,repr_grid_raw,expanding,3,18,0.001,5,0,11,5.824709546094019e-12,True,0.0
return,repr_grid_raw,expanding,3,19,0.001,3,0,23,7.544624975017095e-13,True,0.0
return,repr_grid_raw,expanding,3,20,0.001,3,0,27,5.535079329742585e-13,True,0.0
return,repr_grid_raw,expanding,3,21,0.001,3,0,28,1.3512981055841814e-12,True,0.0
return,repr_grid_raw,expanding,3,22,0.001,3,0,28,6.333444620776846e-12,True,0.0
return,repr_grid_raw,expanding,3,23,0.001,3,0,28,2.4945590722051827e-10,True,0.0
return,repr_grid_raw,expanding,3,24,0.001,3,0,33,2.229304400543691e-10,True,0.0
return,repr_grid_raw,expanding,3,25,0.001,3,0,28,1.3825103554411805e-11,True,0.0
return,repr_grid_raw,expanding,3,26,0.001,3,0,32,2.00903767870636e-10,True,0.0
return,repr_grid_raw,expanding,5,0,0.001,11,0,17,3.4991492601881917e-09,True,0.0
return,repr_grid_raw,expanding,5,1,0.1,0,0,1,0.0,True,0.0
return,repr_grid_raw,expanding,5,2,0.001,10,0,37,1.1871126036937848e-09,True,0.0
return,repr_grid_raw,expanding,5,3,0.001,9,0,44,1.1692662665716085e-09,True,0.0
return,repr_grid_raw,expanding,5,4,0.001,7,0,22,1.759014220321512e-09,True,0.0
return,repr_grid_raw,expanding,5,5,0.001,8,0,29,1.7710728146836861e-09,True,0.0
return,repr_grid_raw,expanding,5,6,0.001,7,0,22,1.0263095523436465e-09,True,0.0
return,repr_grid_raw,expanding,5,7,0.001,8,0,21,1.1868070601398126e-09,True,0.0
return,repr_grid_raw,expanding,5,8,0.001,8,0,24,8.961882713597432e-10,True,0.0
return,repr_grid_raw,expanding,5,9,0.001,6,0,13,5.4751821451572536e-11,True,0.0
return,repr_grid_raw,expanding,5,10,0.001,9,0,23,9.638434629817528e-11,True,0.0
return,repr_grid_raw,expanding,5,11,0.001,9,0,22,1.0164471356861698e-10,True,0.0
return,repr_grid_raw,expanding,5,12,0.001,8,0,25,9.123885389357363e-11,True,0.0
return,repr_grid_raw,expanding,5,13,0.001,9,0,28,2.9104787586704683e-10,True,0.0
return,repr_grid_raw,expanding,5,14,0.001,8,0,27,2.4351531140204694e-10,True,0.0
return,repr_grid_raw,expanding,5,15,0.001,7,0,26,1.207205146812669e-10,True,0.0
return,repr_grid_raw,expanding,5,16,0.001,7,0,25,1.020596106905662e-10,True,0.0
return,repr_grid_raw,expanding,5,17,0.001,7,0,24,9.647671991368046e-11,True,0.0
return,repr_grid_raw,expanding,5,18,0.001,7,0,25,1.2053675852108817e-11,True,0.0
return,repr_grid_raw,expanding,5,19,0.001,7,0,27,4.5681615623059404e-11,True,0.0
return,repr_grid_raw,expanding,5,20,0.001,7,0,27,5.834749750844587e-11,True,0.0
return,repr_grid_raw,expanding,5,21,0.001,6,0,29,6.500194546860596e-11,True,0.0
return,repr_grid_raw,expanding,5,22,0.001,6,0,36,1.4031651832092243e-09,True,0.0
return,repr_grid_raw,expanding,5,23,0.001,6,0,36,1.1370150510981883e-09,True,0.0
return,repr_grid_raw,expanding,5,24,0.001,6,0,36,1.067695099499566e-09,True,0.0
return,repr_grid_raw,expanding,5,25,0.001,5,0,34,1.4710219016087428e-09,True,0.0
return,repr_grid_raw,expanding,5,26,0.001,6,0,33,1.8509423068311953e-09,True,0.0
return,repr_grid_raw,rolling_9m_3m,1,0,0.001,1,0,2,1.523835523995313e-19,True,0.0
return,repr_grid_raw,rolling_9m_3m,1,1,0.001,3,0,5,1.639034809426747e-11,True,0.0
return,repr_grid_raw,rolling_9m_3m,1,2,0.001,3,0,14,2.154358481555941e-11,True,0.0
return,repr_grid_raw,rolling_9m_3m,1,3,0.001,2,0,28,2.117080608994106e-12,True,0.0
return,repr_grid_raw,rolling_9m_3m,1,4,0.1,0,0,1,0.0,True,0.0
return,repr_grid_raw,rolling_9m_3m,1,5,0.001,0,0,1,0.0,True,0.0
return,repr_grid_raw,rolling_9m_3m,1,6,0.001,1,0,2,0.0,True,0.0
return,repr_grid_raw,rolling_9m_3m,1,7,0.001,1,0,2,4.117274335713542e-20,True,0.0
return,repr_grid_raw,rolling_9m_3m,1,8,0.001,3,0,7,1.2588324645261034e-12,True,0.0
return,repr_grid_raw,rolling_9m_3m,1,9,0.1,0,0,1,0.0,True,0.0
return,repr_grid_raw,rolling_9m_3m,1,10,0.1,0,0,1,0.0,True,0.0
return,repr_grid_raw,rolling_9m_3m,1,11,0.1,0,0,1,0.0,True,0.0
return,repr_grid_raw,rolling_9m_3m,1,12,0.1,0,0,1,0.0,True,0.0
return,repr_grid_raw,rolling_9m_3m,1,13,0.001,0,0,1,0.0,True,0.0
return,repr_grid_raw,rolling_9m_3m,1,14,0.001,3,0,4,1.554589637251903e-14,True,0.0
return,repr_grid_raw,rolling_9m_3m,1,15,0.001,3,0,4,1.6310944889026885e-12,True,0.0
return,repr_grid_raw,rolling_9m_3m,1,16,0.001,3,0,4,3.1096594209003947e-13,True,0.0
return,repr_grid_raw,rolling_9m_3m,1,17,0.001,3,0,5,1.6700869721567787e-11,True,0.0
return,repr_grid_raw,rolling_9m_3m,1,18,0.1,0,0,1,0.0,True,0.0
return,repr_grid_raw,rolling_9m_3m,1,19,0.001,2,0,13,5.987273678508619e-13,True,0.0
return,repr_grid_raw,rolling_9m_3m,1,20,0.1,0,0,1,0.0,True,0.0
return,repr_grid_raw,rolling_9m_3m,1,21,0.001,0,0,1,0.0,True,0.0
return,repr_grid_raw,rolling_9m_3m,1,22,0.1,0,0,1,0.0,True,0.0
return,repr_grid_raw,rolling_9m_3m,1,23,0.001,3,0,6,1.2647206206251226e-12,True,0.0
return,repr_grid_raw,rolling_9m_3m,1,24,0.1,0,0,1,0.0,True,0.0
return,repr_grid_raw,rolling_9m_3m,1,25,0.001,1,0,2,4.0519088489969214e-20,True,0.0
return,repr_grid_raw,rolling_9m_3m,1,26,0.001,2,0,7,3.1189296572863353e-16,True,0.0
return,repr_grid_raw,rolling_9m_3m,1,27,0.001,3,0,7,5.542565067247987e-13,True,0.0
return,repr_grid_raw,rolling_9m_3m,1,28,0.0001,63,0,56,1.2754733445752995e-07,True,0.0
return,repr_grid_raw,rolling_9m_3m,1,29,0.001,3,0,14,2.068509104553558e-12,True,0.0
return,repr_grid_raw,rolling_9m_3m,1,30,0.1,0,0,1,0.0,True,0.0
return,repr_grid_raw,rolling_9m_3m,1,31,0.001,2,0,5,9.762307310314819e-15,True,0.0
return,repr_grid_raw,rolling_9m_3m,3,0,0.1,0,0,1,0.0,True,0.0
return,repr_grid_raw,rolling_9m_3m,3,1,0.1,0,0,1,0.0,True,0.0
return,repr_grid_raw,rolling_9m_3m,3,2,0.001,14,0,38,2.0753426871521853e-09,True,0.0
return,repr_grid_raw,rolling_9m_3m,3,3,0.001,12,0,73,1.7953736749790718e-09,True,0.0
return,repr_grid_raw,rolling_9m_3m,3,4,0.1,0,0,1,0.0,True,0.0
return,repr_grid_raw,rolling_9m_3m,3,5,0.1,0,0,1,0.0,True,0.0
return,repr_grid_raw,rolling_9m_3m,3,6,0.1,0,0,1,0.0,True,0.0
return,repr_grid_raw,rolling_9m_3m,3,7,0.1,0,0,1,0.0,True,0.0
return,repr_grid_raw,rolling_9m_3m,3,8,0.001,12,0,17,2.1399444199164663e-10,True,0.0
return,repr_grid_raw,rolling_9m_3m,3,9,0.1,0,0,1,0.0,True,0.0
return,repr_grid_raw,rolling_9m_3m,3,10,0.1,0,0,1,0.0,True,0.0
return,repr_grid_raw,rolling_9m_3m,3,11,0.1,0,0,1,0.0,True,0.0
return,repr_grid_raw,rolling_9m_3m,3,12,0.001,11,0,7,8.33930471764665e-11,True,0.0
return,repr_grid_raw,rolling_9m_3m,3,13,0.1,0,0,1,0.0,True,0.0
return,repr_grid_raw,rolling_9m_3m,3,14,0.1,0,0,1,0.0,True,0.0
return,repr_grid_raw,rolling_9m_3m,3,15,0.001,27,0,11,1.64291581463241e-08,True,0.0
return,repr_grid_raw,rolling_9m_3m,3,16,0.001,28,0,9,2.488248152796675e-08,True,0.0
return,repr_grid_raw,rolling_9m_3m,3,17,0.1,0,0,1,0.0,True,0.0
return,repr_grid_raw,rolling_9m_3m,3,18,0.001,13,0,20,1.349805000366429e-09,True,0.0
return,repr_grid_raw,rolling_9m_3m,3,19,0.001,15,0,19,1.9025751455818004e-09,True,0.0
return,repr_grid_raw,rolling_9m_3m,3,20,0.1,0,0,1,0.0,True,0.0
return,repr_grid_raw,rolling_9m_3m,3,21,0.1,0,0,1,0.0,True,0.0
return,repr_grid_raw,rolling_9m_3m,3,22,0.1,0,0,1,0.0,True,0.0
return,repr_grid_raw,rolling_9m_3m,3,23,0.001,26,0,16,5.929883332481956e-10,True,0.0
return,repr_grid_raw,rolling_9m_3m,3,24,0.001,17,0,9,6.729144038431437e-10,True,0.0
return,repr_grid_raw,rolling_9m_3m,3,25,0.1,0,0,1,0.0,True,0.0
return,repr_grid_raw,rolling_9m_3m,3,26,0.001,10,0,23,9.132531393509481e-10,True,0.0
return,repr_grid_raw,rolling_9m_3m,3,27,0.001,17,0,32,1.747630470694485e-09,True,0.0
return,repr_grid_raw,rolling_9m_3m,3,28,0.001,25,0,87,6.1348242104851555e-09,True,0.0
return,repr_grid_raw,rolling_9m_3m,3,29,0.001,17,0,60,1.2140944259800234e-09,True,0.0
return,repr_grid_raw,rolling_9m_3m,3,30,0.1,0,0,1,0.0,True,0.0
return,repr_grid_raw,rolling_9m_3m,3,31,0.1,0,0,1,0.0,True,0.0
return,repr_grid_raw,rolling_9m_3m,5,0,0.1,0,0,1,0.0,True,0.0
return,repr_grid_raw,rolling_9m_3m,5,1,0.1,0,0,1,0.0,True,0.0
return,repr_grid_raw,rolling_9m_3m,5,2,0.001,27,0,43,1.008453185105296e-08,True,0.0
return,repr_grid_raw,rolling_9m_3m,5,3,0.01,0,0,1,0.0,True,0.0
return,repr_grid_raw,rolling_9m_3m,5,4,0.1,0,0,1,0.0,True,0.0
return,repr_grid_raw,rolling_9m_3m,5,5,0.1,0,0,1,0.0,True,0.0
return,repr_grid_raw,rolling_9m_3m,5,6,0.1,0,0,1,0.0,True,0.0
return,repr_grid_raw,rolling_9m_3m,5,7,0.1,0,0,1,0.0,True,0.0
return,repr_grid_raw,rolling_9m_3m,5,8,0.01,0,0,1,0.0,True,0.0
return,repr_grid_raw,rolling_9m_3m,5,9,0.1,0,0,1,0.0,True,0.0
return,repr_grid_raw,rolling_9m_3m,5,10,0.1,0,0,1,0.0,True,0.0
return,repr_grid_raw,rolling_9m_3m,5,11,0.1,0,0,1,0.0,True,0.0
return,repr_grid_raw,rolling_9m_3m,5,12,0.1,0,0,1,0.0,True,0.0
return,repr_grid_raw,rolling_9m_3m,5,13,0.1,0,0,1,0.0,True,0.0
return,repr_grid_raw,rolling_9m_3m,5,14,0.01,0,1,1,0.0,True,0.0
return,repr_grid_raw,rolling_9m_3m,5,15,0.01,1,0,2,6.662379144492266e-19,True,0.0
return,repr_grid_raw,rolling_9m_3m,5,16,0.01,1,1,2,9.939514162455939e-19,True,0.0
return,repr_grid_raw,rolling_9m_3m,5,17,0.1,0,0,1,0.0,True,0.0
return,repr_grid_raw,rolling_9m_3m,5,18,0.1,0,0,1,0.0,True,0.0
return,repr_grid_raw,rolling_9m_3m,5,19,0.1,0,0,1,0.0,True,0.0
return,repr_grid_raw,rolling_9m_3m,5,20,0.001,24,0,64,2.6335219178742313e-08,True,0.0
return,repr_grid_raw,rolling_9m_3m,5,21,0.1,0,0,1,0.0,True,0.0
return,repr_grid_raw,rolling_9m_3m,5,22,0.1,0,0,1,0.0,True,0.0
return,repr_grid_raw,rolling_9m_3m,5,23,0.1,0,0,1,0.0,True,0.0
return,repr_grid_raw,rolling_9m_3m,5,24,0.1,0,0,1,0.0,True,0.0
return,repr_grid_raw,rolling_9m_3m,5,25,0.1,0,0,1,0.0,True,0.0
return,repr_grid_raw,rolling_9m_3m,5,26,0.001,23,0,59,4.596810678840466e-09,True,0.0
return,repr_grid_raw,rolling_9m_3m,5,27,0.001,34,0,39,9.881238136947909e-09,True,0.0
return,repr_grid_raw,rolling_9m_3m,5,28,0.001,46,0,64,3.6256815687613196e-08,True,0.0
return,repr_grid_raw,rolling_9m_3m,5,29,0.001,31,0,34,8.797934783117184e-09,True,0.0
return,repr_grid_raw,rolling_9m_3m,5,30,0.1,0,0,1,0.0,True,0.0
return,repr_grid_raw,rolling_9m_3m,5,31,0.1,0,0,1,0.0,True,0.0
return,repr_svi,expanding,1,0,0.1,0,0,1,0.0,True,0.0
return,repr_svi,expanding,1,1,0.1,0,0,1,0.0,True,0.0
return,repr_svi,expanding,1,2,0.1,0,0,1,0.0,True,0.0
return,repr_svi,expanding,1,3,0.1,0,0,1,0.0,True,0.0
return,repr_svi,expanding,1,4,0.1,0,0,1,0.0,True,0.0
return,repr_svi,expanding,1,5,0.001,0,0,1,0.0,True,0.0
return,repr_svi,expanding,1,6,0.1,0,0,1,0.0,True,0.0
return,repr_svi,expanding,1,7,0.1,0,0,1,0.0,True,0.0
return,repr_svi,expanding,1,8,0.1,0,0,1,0.0,True,0.0
return,repr_svi,expanding,1,9,0.1,0,0,1,0.0,True,0.0
return,repr_svi,expanding,1,10,0.001,0,0,1,0.0,True,0.0
return,repr_svi,expanding,1,11,0.1,0,0,1,0.0,True,0.0
return,repr_svi,expanding,1,12,0.001,0,0,1,0.0,True,0.0
return,repr_svi,expanding,1,13,0.1,0,0,1,0.0,True,0.0
return,repr_svi,expanding,1,14,0.1,0,0,1,0.0,True,0.0
return,repr_svi,expanding,1,15,0.1,0,0,1,0.0,True,0.0
return,repr_svi,expanding,1,16,0.1,0,0,1,0.0,True,0.0
return,repr_svi,expanding,1,17,0.1,0,0,1,0.0,True,0.0
return,repr_svi,expanding,1,18,0.1,0,0,1,0.0,True,0.0
return,repr_svi,expanding,1,19,0.1,0,0,1,0.0,True,0.0
return,repr_svi,expanding,1,20,0.1,0,0,1,0.0,True,0.0
return,repr_svi,expanding,1,21,0.1,0,0,1,0.0,True,0.0
return,repr_svi,expanding,1,22,0.1,0,0,1,0.0,True,0.0
return,repr_svi,expanding,1,23,0.1,0,0,1,0.0,True,0.0
return,repr_svi,expanding,1,24,0.1,0,0,1,0.0,True,0.0
return,repr_svi,expanding,1,25,0.1,0,0,1,0.0,True,0.0
return,repr_svi,expanding,1,26,0.1,0,0,1,0.0,True,0.0
return,repr_svi,expanding,3,0,0.001,5,0,5,1.8319245375946792e-10,True,0.0
return,repr_svi,expanding,3,1,0.1,0,0,1,0.0,True,0.0
return,repr_svi,expanding,3,2,0.001,5,0,9,5.974408490148385e-11,True,0.0
return,repr_svi,expanding,3,3,0.001,6,0,10,7.251068670039508e-11,True,0.0
return,repr_svi,expanding,3,4,0.001,5,0,8,3.616026894280088e-11,True,0.0
return,repr_svi,expanding,3,5,0.001,5,0,6,3.5741020375999605e-11,True,0.0
return,repr_svi,expanding,3,6,0.001,4,0,3,8.488001496437963e-13,True,0.0
return,repr_svi,expanding,3,7,0.001,4,0,3,4.8463112574039415e-12,True,0.0
return,repr_svi,expanding,3,8,0.001,4,0,7,4.841998707014718e-11,True,0.0
return,repr_svi,expanding,3,9,0.001,5,0,8,9.725827959008204e-12,True,0.0
return,repr_svi,expanding,3,10,0.001,6,0,7,3.3435498686597605e-11,True,0.0
return,repr_svi,expanding,3,11,0.001,6,0,8,2.9659154078020316e-11,True,0.0
return,repr_svi,expanding,3,12,0.001,6,0,8,2.8657661599889315e-11,True,0.0
return,repr_svi,expanding,3,13,0.001,6,0,6,6.23798625291135e-11,True,0.0
return,repr_svi,expanding,3,14,0.001,5,0,6,2.060193045885674e-11,True,0.0
return,repr_svi,expanding,3,15,0.001,6,0,6,2.7898833326574535e-11,True,0.0
return,repr_svi,expanding,3,16,0.001,6,0,7,3.5109656412305886e-11,True,0.0
return,repr_svi,expanding,3,17,0.001,5,0,7,1.4144746318143374e-11,True,0.0
return,repr_svi,expanding,3,18,0.001,5,0,8,4.740111601910676e-12,True,0.0
return,repr_svi,expanding,3,19,0.001,4,0,5,6.1321406831565386e-12,True,0.0
return,repr_svi,expanding,3,20,0.001,2,0,3,7.270721212269334e-13,True,0.0
return,repr_svi,expanding,3,21,0.001,2,0,4,3.1451842408706635e-13,True,0.0
return,repr_svi,expanding,3,22,0.001,2,0,4,6.329705496138725e-13,True,0.0
return,repr_svi,expanding,3,23,0.001,2,0,4,7.843250318660154e-13,True,0.0
return,repr_svi,expanding,3,24,0.001,2,0,4,7.777447470389808e-13,True,0.0
return,repr_svi,expanding,3,25,0.001,2,0,4,1.3355239458110128e-12,True,0.0
return,repr_svi,expanding,3,26,0.001,2,0,4,2.082347491744873e-12,True,0.0
return,repr_svi,expanding,5,0,0.001,11,0,9,8.33598227606126e-10,True,0.0
return,repr_svi,expanding,5,1,0.1,0,0,1,0.0,True,0.0
return,repr_svi,expanding,5,2,0.001,9,0,9,8.394379866206417e-10,True,0.0
return,repr_svi,expanding,5,3,0.001,10,0,10,8.092843897033589e-10,True,0.0
return,repr_svi,expanding,5,4,0.001,8,0,9,9.6518967165768e-10,True,0.0
return,repr_svi,expanding,5,5,0.001,7,0,10,4.785757123955469e-10,True,0.0
return,repr_svi,expanding,5,6,0.001,7,0,10,5.759836676143098e-11,True,0.0
return,repr_svi,expanding,5,7,0.001,7,0,9,1.0101892314246814e-09,True,0.0
return,repr_svi,expanding,5,8,0.001,8,0,10,2.8269250556020324e-10,True,0.0
return,repr_svi,expanding,5,9,0.001,7,0,7,2.7101484674727057e-10,True,0.0
return,repr_svi,expanding,5,10,0.001,9,0,8,1.485017910970661e-09,True,0.0
return,repr_svi,expanding,5,11,0.001,8,0,8,1.533426425016644e-10,True,0.0
return,repr_svi,expanding,5,12,0.001,8,0,8,7.042638821044424e-10,True,0.0
return,repr_svi,expanding,5,13,0.001,8,0,9,1.3633636355575731e-10,True,0.0
return,repr_svi,expanding,5,14,0.001,7,0,7,1.0227669424742848e-09,True,0.0
return,repr_svi,expanding,5,15,0.001,7,0,7,8.537301442076163e-10,True,0.0
return,repr_svi,expanding,5,16,0.001,7,0,7,6.163932478841865e-10,True,0.0
return,repr_svi,expanding,5,17,0.001,7,0,7,2.2578342954303588e-10,True,0.0
return,repr_svi,expanding,5,18,0.001,6,0,8,1.1429762737740307e-10,True,0.0
return,repr_svi,expanding,5,19,0.001,6,0,8,9.55452609146734e-11,True,0.0
return,repr_svi,expanding,5,20,0.001,6,0,7,8.888311329796159e-11,True,0.0
return,repr_svi,expanding,5,21,0.001,5,0,7,2.0293730754650725e-10,True,0.0
return,repr_svi,expanding,5,22,0.001,4,0,7,2.3191785631017294e-10,True,0.0
return,repr_svi,expanding,5,23,0.001,5,0,6,8.607508123842053e-11,True,0.0
return,repr_svi,expanding,5,24,0.001,5,0,6,5.1436098780636816e-11,True,0.0
return,repr_svi,expanding,5,25,0.001,4,0,6,1.9118054709465595e-10,True,0.0
return,repr_svi,expanding,5,26,0.001,4,0,6,1.7895072263144544e-10,True,0.0
return,repr_svi,rolling_9m_3m,1,0,0.001,1,0,2,1.523835523995313e-19,True,0.0
return,repr_svi,rolling_9m_3m,1,1,0.001,3,0,6,8.202846617080137e-12,True,0.0
return,repr_svi,rolling_9m_3m,1,2,0.001,2,0,7,2.162145927653959e-12,True,0.0
return,repr_svi,rolling_9m_3m,1,3,0.001,1,0,2,4.3128018825877694e-20,True,0.0
return,repr_svi,rolling_9m_3m,1,4,0.1,0,0,1,0.0,True,0.0
return,repr_svi,rolling_9m_3m,1,5,0.001,0,0,1,0.0,True,0.0
return,repr_svi,rolling_9m_3m,1,6,0.001,1,0,2,0.0,True,0.0
return,repr_svi,rolling_9m_3m,1,7,0.001,1,0,2,4.117274335713542e-20,True,0.0
return,repr_svi,rolling_9m_3m,1,8,0.001,2,0,8,2.290727458120444e-12,True,0.0
return,repr_svi,rolling_9m_3m,1,9,0.001,2,0,3,7.809065235679028e-19,True,0.0
return,repr_svi,rolling_9m_3m,1,10,0.001,1,0,2,4.114222807578864e-20,True,0.0
return,repr_svi,rolling_9m_3m,1,11,0.1,0,0,1,0.0,True,0.0
return,repr_svi,rolling_9m_3m,1,12,0.1,0,0,1,0.0,True,0.0
return,repr_svi,rolling_9m_3m,1,13,0.1,0,0,1,0.0,True,0.0
return,repr_svi,rolling_9m_3m,1,14,0.1,0,0,1,0.0,True,0.0
return,repr_svi,rolling_9m_3m,1,15,0.1,0,0,1,0.0,True,0.0
return,repr_svi,rolling_9m_3m,1,16,0.1,0,0,1,0.0,True,0.0
return,repr_svi,rolling_9m_3m,1,17,0.001,3,0,4,8.448413583284996e-12,True,0.0
return,repr_svi,rolling_9m_3m,1,18,0.1,0,0,1,0.0,True,0.0
return,repr_svi,rolling_9m_3m,1,19,0.1,0,0,1,0.0,True,0.0
return,repr_svi,rolling_9m_3m,1,20,0.1,0,0,1,0.0,True,0.0
return,repr_svi,rolling_9m_3m,1,21,0.001,0,0,1,0.0,True,0.0
return,repr_svi,rolling_9m_3m,1,22,0.1,0,0,1,0.0,True,0.0
return,repr_svi,rolling_9m_3m,1,23,0.001,2,0,5,5.44462760567773e-14,True,0.0
return,repr_svi,rolling_9m_3m,1,24,0.1,0,0,1,0.0,True,0.0
return,repr_svi,rolling_9m_3m,1,25,0.001,1,0,2,4.0519088489969214e-20,True,0.0
return,repr_svi,rolling_9m_3m,1,26,0.001,3,0,6,2.445330582934829e-11,True,0.0
return,repr_svi,rolling_9m_3m,1,27,0.001,3,0,5,4.200935774670102e-13,True,0.0
return,repr_svi,rolling_9m_3m,1,28,0.0001,62,0,30,8.709576462931208e-09,True,0.0
return,repr_svi,rolling_9m_3m,1,29,0.001,2,0,4,1.5902484969754809e-12,True,0.0
return,repr_svi,rolling_9m_3m,1,30,0.1,0,0,1,0.0,True,0.0
return,repr_svi,rolling_9m_3m,1,31,0.1,0,0,1,0.0,True,0.0
return,repr_svi,rolling_9m_3m,3,0,0.1,0,0,1,0.0,True,0.0
return,repr_svi,rolling_9m_3m,3,1,0.1,0,0,1,0.0,True,0.0
return,repr_svi,rolling_9m_3m,3,2,0.001,11,0,12,1.3680285386269234e-09,True,0.0
return,repr_svi,rolling_9m_3m,3,3,0.001,10,0,12,7.762757711982893e-10,True,0.0
return,repr_svi,rolling_9m_3m,3,4,0.1,0,0,1,0.0,True,0.0
return,repr_svi,rolling_9m_3m,3,5,0.1,0,0,1,0.0,True,0.0
return,repr_svi,rolling_9m_3m,3,6,0.1,0,0,1,0.0,True,0.0
return,repr_svi,rolling_9m_3m,3,7,0.1,0,0,1,0.0,True,0.0
return,repr_svi,rolling_9m_3m,3,8,0.001,11,0,11,1.764966075701867e-10,True,0.0
return,repr_svi,rolling_9m_3m,3,9,0.1,0,0,1,0.0,True,0.0
return,repr_svi,rolling_9m_3m,3,10,0.1,0,0,1,0.0,True,0.0
return,repr_svi,rolling_9m_3m,3,11,0.1,0,0,1,0.0,True,0.0
return,repr_svi,rolling_9m_3m,3,12,0.1,0,0,1,0.0,True,0.0
return,repr_svi,rolling_9m_3m,3,13,0.1,0,0,1,0.0,True,0.0
return,repr_svi,rolling_9m_3m,3,14,0.1,0,0,1,0.0,True,0.0
return,repr_svi,rolling_9m_3m,3,15,0.001,30,0,11,2.3121641516513294e-08,True,0.0
return,repr_svi,rolling_9m_3m,3,16,0.001,31,0,11,1.0679015814084043e-08,True,0.0
return,repr_svi,rolling_9m_3m,3,17,0.1,0,0,1,0.0,True,0.0
return,repr_svi,rolling_9m_3m,3,18,0.001,13,0,14,5.032026675302604e-10,True,0.0
return,repr_svi,rolling_9m_3m,3,19,0.1,0,0,1,0.0,True,0.0
return,repr_svi,rolling_9m_3m,3,20,0.001,12,0,37,1.2435591974431154e-09,True,0.0
return,repr_svi,rolling_9m_3m,3,21,0.1,0,0,1,0.0,True,0.0
return,repr_svi,rolling_9m_3m,3,22,0.1,0,0,1,0.0,True,0.0
return,repr_svi,rolling_9m_3m,3,23,0.1,0,0,1,0.0,True,0.0
return,repr_svi,rolling_9m_3m,3,24,0.1,0,0,1,0.0,True,0.0
return,repr_svi,rolling_9m_3m,3,25,0.1,0,0,1,0.0,True,0.0
return,repr_svi,rolling_9m_3m,3,26,0.001,10,0,9,5.067586611289604e-09,True,0.0
return,repr_svi,rolling_9m_3m,3,27,0.001,15,0,10,2.41184175781614e-09,True,0.0
return,repr_svi,rolling_9m_3m,3,28,0.001,24,0,12,8.393383568619028e-09,True,0.0
return,repr_svi,rolling_9m_3m,3,29,0.001,12,0,16,8.488057242490749e-10,True,0.0
return,repr_svi,rolling_9m_3m,3,30,0.1,0,0,1,0.0,True,0.0
return,repr_svi,rolling_9m_3m,3,31,0.1,0,0,1,0.0,True,0.0
return,repr_svi,rolling_9m_3m,5,0,0.1,0,0,1,0.0,True,0.0
return,repr_svi,rolling_9m_3m,5,1,0.1,0,0,1,0.0,True,0.0
return,repr_svi,rolling_9m_3m,5,2,0.1,0,0,1,0.0,True,0.0
return,repr_svi,rolling_9m_3m,5,3,0.1,0,0,1,0.0,True,0.0
return,repr_svi,rolling_9m_3m,5,4,0.1,0,0,1,0.0,True,0.0
return,repr_svi,rolling_9m_3m,5,5,0.1,0,0,1,0.0,True,0.0
return,repr_svi,rolling_9m_3m,5,6,0.1,0,0,1,0.0,True,0.0
return,repr_svi,rolling_9m_3m,5,7,0.1,0,0,1,0.0,True,0.0
return,repr_svi,rolling_9m_3m,5,8,0.01,0,0,1,0.0,True,0.0
return,repr_svi,rolling_9m_3m,5,9,0.1,0,0,1,0.0,True,0.0
return,repr_svi,rolling_9m_3m,5,10,0.1,0,0,1,0.0,True,0.0
return,repr_svi,rolling_9m_3m,5,11,0.1,0,0,1,0.0,True,0.0
return,repr_svi,rolling_9m_3m,5,12,0.1,0,0,1,0.0,True,0.0
return,repr_svi,rolling_9m_3m,5,13,0.1,0,0,1,0.0,True,0.0
return,repr_svi,rolling_9m_3m,5,14,0.01,0,0,1,0.0,True,0.0
return,repr_svi,rolling_9m_3m,5,15,0.001,48,0,17,8.315379723552467e-08,True,0.0
return,repr_svi,rolling_9m_3m,5,16,0.001,44,0,14,1.2086042747765284e-07,True,0.0
return,repr_svi,rolling_9m_3m,5,17,0.1,0,0,1,0.0,True,0.0
return,repr_svi,rolling_9m_3m,5,18,0.1,0,0,1,0.0,True,0.0
return,repr_svi,rolling_9m_3m,5,19,0.1,0,0,1,0.0,True,0.0
return,repr_svi,rolling_9m_3m,5,20,0.001,22,0,64,2.532806392371007e-08,True,0.0
return,repr_svi,rolling_9m_3m,5,21,0.1,0,0,1,0.0,True,0.0
return,repr_svi,rolling_9m_3m,5,22,0.1,0,0,1,0.0,True,0.0
return,repr_svi,rolling_9m_3m,5,23,0.1,0,0,1,0.0,True,0.0
return,repr_svi,rolling_9m_3m,5,24,0.1,0,0,1,0.0,True,0.0
return,repr_svi,rolling_9m_3m,5,25,0.1,0,0,1,0.0,True,0.0
return,repr_svi,rolling_9m_3m,5,26,0.001,21,0,11,3.367862764561775e-08,True,0.0
return,repr_svi,rolling_9m_3m,5,27,0.001,34,0,15,1.737198592280754e-08,True,0.0
return,repr_svi,rolling_9m_3m,5,28,0.001,43,0,54,1.2158571364978437e-08,True,0.0
return,repr_svi,rolling_9m_3m,5,29,0.001,27,0,14,7.776588062553287e-09,True,0.0
return,repr_svi,rolling_9m_3m,5,30,0.1,0,0,1,0.0,True,0.0
return,repr_svi,rolling_9m_3m,5,31,0.1,0,0,1,0.0,True,0.0
volatility,A,expanding,1,0,0.001,7,0,13,6.117304587368296e-10,True,0.0
volatility,A,expanding,1,1,0.0001,60,0,34,3.312608024648808e-08,True,0.0
volatility,A,expanding,1,2,0.0001,59,0,36,3.733768370252729e-08,True,0.0
volatility,A,expanding,1,3,0.0001,62,0,36,3.9110489786828775e-08,True,0.0
volatility,A,expanding,1,4,0.0001,58,0,31,1.6348588083242686e-08,True,0.0
volatility,A,expanding,1,5,0.0001,57,0,31,2.214063336346199e-08,True,0.0
volatility,A,expanding,1,6,0.0001,58,0,27,1.6454261749656045e-08,True,0.0
volatility,A,expanding,1,7,0.0001,58,0,27,7.481747290139647e-09,True,0.0
volatility,A,expanding,1,8,0.0001,57,0,32,3.034109091327909e-08,True,0.0
volatility,A,expanding,1,9,0.0001,59,0,54,3.494960664471555e-08,True,0.0
volatility,A,expanding,1,10,0.0001,61,0,54,3.028136089341378e-08,True,0.0
volatility,A,expanding,1,11,0.0001,59,0,53,2.121047939104004e-08,True,0.0
volatility,A,expanding,1,12,0.0001,61,0,53,1.6005071664549353e-08,True,0.0
volatility,A,expanding,1,13,0.0001,61,0,52,1.4977225614328007e-08,True,0.0
volatility,A,expanding,1,14,0.0001,61,0,52,1.3816089404133565e-08,True,0.0
volatility,A,expanding,1,15,0.0001,61,0,53,1.2034264729810814e-08,True,0.0
volatility,A,expanding,1,16,0.0001,63,0,52,1.2008370319068103e-08,True,0.0
volatility,A,expanding,1,17,0.0001,62,0,53,1.0649654628827201e-08,True,0.0
volatility,A,expanding,1,18,0.0001,64,0,54,1.1612698714792452e-08,True,0.0
volatility,A,expanding,1,19,0.0001,64,0,53,1.169543243195833e-08,True,0.0
volatility,A,expanding,1,20,0.0001,66,0,55,9.250084023254062e-09,True,0.0
volatility,A,expanding,1,21,0.0001,64,0,57,4.340324324489802e-08,True,0.0
volatility,A,expanding,1,22,0.0001,65,0,43,2.6681664428163252e-08,True,0.0
volatility,A,expanding,1,23,0.0001,63,0,42,2.984766460398023e-08,True,0.0
volatility,A,expanding,1,24,0.0001,62,0,42,2.599991183469351e-08,True,0.0
volatility,A,expanding,1,25,0.0001,62,0,41,2.68785224498807e-08,True,0.0
volatility,A,expanding,1,26,0.0001,63,0,41,2.756644769590357e-08,True,0.0
volatility,A,expanding,3,0,0.001,21,0,16,1.2565430829883245e-08,True,0.0
volatility,A,expanding,3,1,0.001,21,0,17,7.49560340640863e-09,True,0.0
volatility,A,expanding,3,2,0.001,19,0,20,6.890330143125152e-09,True,0.0
volatility,A,expanding,3,3,0.001,17,0,19,4.4267602944776576e-10,True,0.0
volatility,A,expanding,3,4,0.001,18,0,20,8.314581560758731e-09,True,0.0
volatility,A,expanding,3,5,0.001,18,0,21,8.7273323523797e-09,True,0.0
volatility,A,expanding,3,6,0.001,18,0,22,8.243249436586921e-09,True,0.0
volatility,A,expanding,3,7,0.001,18,0,22,9.743196876849289e-09,True,0.0
volatility,A,expanding,3,8,0.001,18,0,22,9.15687058792016e-09,True,0.0
volatility,A,expanding,3,9,0.0001,71,0,52,2.1480530402210162e-07,True,0.0
volatility,A,expanding,3,10,0.0001,69,0,50,2.3540485183963827e-07,True,0.0
volatility,A,expanding,3,11,0.0001,68,0,46,1.68206555570324e-07,True,0.0
volatility,A,expanding,3,12,0.0001,69,0,46,1.31145372135969e-07,True,0.0
volatility,A,expanding,3,13,0.0001,68,0,45,1.3027246290887008e-07,True,0.0
volatility,A,expanding,3,14,0.0001,70,0,45,1.1898011006662322e-07,True,0.0
volatility,A,expanding,3,15,0.0001,68,0,44,1.3479806728242696e-07,True,0.0
volatility,A,expanding,3,16,0.0001,68,0,44,1.2011087933530765e-07,True,0.0
volatility,A,expanding,3,17,0.0001,68,0,44,1.2403535146724681e-07,True,0.0
volatility,A,expanding,3,18,0.0001,69,0,44,1.314187070585345e-07,True,0.0
volatility,A,expanding,3,19,0.0001,70,0,43,1.2716825992938202e-07,True,0.0
volatility,A,expanding,3,20,0.0001,71,0,43,1.1865549178052137e-07,True,0.0
volatility,A,expanding,3,21,0.0001,73,0,43,1.2019329521562228e-07,True,0.0
volatility,A,expanding,3,22,0.0001,72,0,43,1.1402744985529405e-07,True,0.0
volatility,A,expanding,3,23,0.0001,71,0,43,1.095962230521864e-07,True,0.0
volatility,A,expanding,3,24,0.0001,70,0,42,1.227823818849475e-07,True,0.0
volatility,A,expanding,3,25,0.0001,70,0,42,1.1676449876065187e-07,True,0.0
volatility,A,expanding,3,26,0.0001,70,0,42,1.134500689338525e-07,True,0.0
volatility,A,expanding,5,0,0.001,28,0,20,3.9912623541299075e-08,True,0.0
volatility,A,expanding,5,1,0.001,27,0,18,2.9347320463716883e-08,True,0.0
volatility,A,expanding,5,2,0.001,26,0,17,2.7276957138684532e-08,True,0.0
volatility,A,expanding,5,3,0.001,24,0,17,2.160290274099554e-08,True,0.0
volatility,A,expanding,5,4,0.001,32,0,21,2.221133153066206e-08,True,0.0
volatility,A,expanding,5,5,0.001,32,0,21,2.6202207178808955e-08,True,0.0
volatility,A,expanding,5,6,0.001,32,0,22,2.319201516558007e-08,True,0.0
volatility,A,expanding,5,7,0.001,29,0,25,2.1109957874964105e-08,True,0.0
volatility,A,expanding,5,8,0.001,28,0,25,2.3110647043614644e-08,True,0.0
volatility,A,expanding,5,9,0.0001,74,0,51,3.387721676429049e-07,True,0.0
volatility,A,expanding,5,10,0.0001,72,0,52,3.6390731239436697e-07,True,0.0
volatility,A,expanding,5,11,0.0001,71,0,46,3.180715893096888e-07,True,0.0
volatility,A,expanding,5,12,0.0001,72,0,46,2.56404667612217e-07,True,0.0
volatility,A,expanding,5,13,0.0001,71,0,45,2.5374285623553724e-07,True,0.0
volatility,A,expanding,5,14,0.0001,70,0,45,2.276441544576979e-07,True,0.0
volatility,A,expanding,5,15,0.0001,70,0,45,2.2562531831170384e-07,True,0.0
volatility,A,expanding,5,16,0.0001,69,0,44,2.3200233939298263e-07,True,0.0
volatility,A,expanding,5,17,0.0001,71,0,44,2.316074261406372e-07,True,0.0
volatility,A,expanding,5,18,0.0001,72,0,44,2.607392193363614e-07,True,0.0
volatility,A,expanding,5,19,0.0001,71,0,42,2.559232305317737e-07,True,0.0
volatility,A,expanding,5,20,0.0001,76,0,42,2.504575817767417e-07,True,0.0
volatility,A,expanding,5,21,0.0001,76,0,42,2.522226301402208e-07,True,0.0
volatility,A,expanding,5,22,0.0001,76,0,42,2.399817743711374e-07,True,0.0
volatility,A,expanding,5,23,0.0001,75,0,42,2.2979490456611748e-07,True,0.0
volatility,A,expanding,5,24,0.0001,73,0,42,2.2051938854127268e-07,True,0.0
volatility,A,expanding,5,25,0.0001,75,0,41,2.460913357463257e-07,True,0.0
volatility,A,expanding,5,26,0.0001,75,0,41,2.374577812702814e-07,True,0.0
volatility,A,rolling_9m_3m,1,0,0.001,8,0,11,4.982524680858454e-10,True,0.0
volatility,A,rolling_9m_3m,1,1,0.001,8,0,16,7.76210396985952e-10,True,0.0
volatility,A,rolling_9m_3m,1,2,0.001,6,0,16,6.049968986867869e-10,True,0.0
volatility,A,rolling_9m_3m,1,3,0.001,5,0,20,7.085995846718763e-10,True,0.0
volatility,A,rolling_9m_3m,1,4,0.001,5,0,22,1.8153167546198218e-09,True,0.0
volatility,A,rolling_9m_3m,1,5,0.001,5,0,20,9.84254415413166e-10,True,0.0
volatility,A,rolling_9m_3m,1,6,0.001,8,0,19,8.024611618080366e-10,True,0.0
volatility,A,rolling_9m_3m,1,7,0.001,7,0,16,5.563677791134064e-10,True,0.0
volatility,A,rolling_9m_3m,1,8,0.001,6,0,17,7.844779090346757e-10,True,0.0
volatility,A,rolling_9m_3m,1,9,0.001,10,0,27,2.1252399460404402e-09,True,0.0
volatility,A,rolling_9m_3m,1,10,0.001,10,0,25,2.9921722342341893e-09,True,0.0
volatility,A,rolling_9m_3m,1,11,0.001,11,0,26,2.5385640663609576e-09,True,0.0
volatility,A,rolling_9m_3m,1,12,0.001,8,0,18,7.636871171966632e-10,True,0.0
volatility,A,rolling_9m_3m,1,13,0.001,6,0,18,3.990117528968756e-10,True,0.0
volatility,A,rolling_9m_3m,1,14,0.0001,66,0,71,2.1751325509181543e-07,True,0.0
volatility,A,rolling_9m_3m,1,15,0.0001,68,0,104,2.674119023836328e-07,True,0.0
volatility,A,rolling_9m_3m,1,16,0.0001,69,0,85,2.9101224029625817e-07,True,0.0
volatility,A,rolling_9m_3m,1,17,0.0001,66,0,26,1.867840025648056e-07,True,0.0
volatility,A,rolling_9m_3m,1,18,0.001,6,0,18,1.5824350336685534e-09,True,0.0
volatility,A,rolling_9m_3m,1,19,0.001,6,0,18,1.0027283197416211e-09,True,0.0
volatility,A,rolling_9m_3m,1,20,0.001,6,0,20,1.003948709916748e-09,True,0.0
volatility,A,rolling_9m_3m,1,21,0.001,5,0,19,1.0046193857776542e-09,True,0.0
volatility,A,rolling_9m_3m,1,22,0.001,7,0,24,1.979189303727025e-09,True,0.0
volatility,A,rolling_9m_3m,1,23,0.001,9,0,25,3.2979943892238606e-09,True,0.0
volatility,A,rolling_9m_3m,1,24,0.001,10,0,21,1.0008582072231834e-08,True,0.0
volatility,A,rolling_9m_3m,1,25,0.001,11,0,20,5.466064589640405e-09,True,0.0
volatility,A,rolling_9m_3m,1,26,0.001,9,0,21,2.1090140585508724e-09,True,0.0
volatility,A,rolling_9m_3m,1,27,0.001,7,0,21,1.5584698995515704e-09,True,0.0
volatility,A,rolling_9m_3m,1,28,0.001,5,0,20,1.0680672728816688e-09,True,0.0
volatility,A,rolling_9m_3m,1,29,0.001,5,0,16,4.589409793026241e-10,True,0.0
volatility,A,rolling_9m_3m,1,30,0.001,5,0,15,6.045797751268733e-10,True,0.0
volatility,A,rolling_9m_3m,1,31,0.001,6,0,15,7.09859193351045e-10,True,0.0
volatility,A,rolling_9m_3m,3,0,0.001,25,0,19,1.6855296547457133e-08,True,0.0
volatility,A,rolling_9m_3m,3,1,0.001,18,0,17,2.110354960610073e-08,True,0.0
volatility,A,rolling_9m_3m,3,2,0.001,17,0,20,1.8126997392039584e-08,True,0.0
volatility,A,rolling_9m_3m,3,3,0.001,21,0,21,4.113814715821472e-08,True,0.0
volatility,A,rolling_9m_3m,3,4,0.001,11,0,18,4.562870601619582e-09,True,0.0
volatility,A,rolling_9m_3m,3,5,0.001,9,0,16,3.423123588669602e-09,True,0.0
volatility,A,rolling_9m_3m,3,6,0.001,20,0,17,6.1805319713185625e-09,True,0.0
volatility,A,rolling_9m_3m,3,7,0.001,22,0,18,1.1015433547258839e-08,True,0.0
volatility,A,rolling_9m_3m,3,8,0.001,21,0,20,1.7513966221727907e-08,True,0.0
volatility,A,rolling_9m_3m,3,9,0.001,22,0,40,2.552093049072565e-08,True,0.0
volatility,A,rolling_9m_3m,3,10,0.001,26,0,41,3.274788672742906e-08,True,0.0
volatility,A,rolling_9m_3m,3,11,0.001,28,0,39,3.4353981652559465e-08,True,0.0
volatility,A,rolling_9m_3m,3,12,0.001,22,0,17,3.618443703319106e-08,True,0.0
volatility,A,rolling_9m_3m,3,13,0.001,19,0,16,3.9756762794144166e-09,True,0.0
volatility,A,rolling_9m_3m,3,14,0.0001,72,0,126,3.7187712827895794e-07,True,0.0
volatility,A,rolling_9m_3m,3,15,0.0001,75,0,128,4.6764712470579246e-07,True,0.0
volatility,A,rolling_9m_3m,3,16,0.0001,75,0,100,5.419385115323425e-07,True,0.0
volatility,A,rolling_9m_3m,3,17,0.001,35,0,17,2.6709335275492737e-08,True,0.0
volatility,A,rolling_9m_3m,3,18,0.001,24,0,31,3.304143521628207e-08,True,0.0
volatility,A,rolling_9m_3m,3,19,0.001,25,0,18,1.1709882511998016e-08,True,0.0
volatility,A,rolling_9m_3m,3,20,0.001,21,0,19,4.57782878588271e-09,True,0.0
volatility,A,rolling_9m_3m,3,21,0.001,19,0,20,3.4786480689449134e-09,True,0.0
volatility,A,rolling_9m_3m,3,22,0.001,24,0,24,2.7782135008786604e-08,True,0.0
volatility,A,rolling_9m_3m,3,23,0.001,29,0,22,2.821541069505735e-08,True,0.0
volatility,A,rolling_9m_3m,3,24,0.001,34,0,27,6.250335685626767e-08,True,0.0
volatility,A,rolling_9m_3m,3,25,0.001,36,0,26,4.065014940149587e-08,True,0.0
volatility,A,rolling_9m_3m,3,26,0.001,25,0,21,4.6706700053116344e-08,True,0.0
volatility,A,rolling_9m_3m,3,27,0.001,22,0,24,4.573354219699106e-08,True,0.0
volatility,A,rolling_9m_3m,3,28,0.001,18,0,19,6.896825969419918e-09,True,0.0
volatility,A,rolling_9m_3m,3,29,0.001,20,0,13,3.8134836146157755e-09,True,0.0
volatility,A,rolling_9m_3m,3,30,0.001,20,0,14,4.748999771808749e-09,True,0.0
volatility,A,rolling_9m_3m,3,31,0.001,23,0,15,2.2003176624420104e-08,True,0.0
volatility,A,rolling_9m_3m,5,0,0.001,33,0,24,5.4989744626693574e-08,True,0.0
volatility,A,rolling_9m_3m,5,1,0.001,26,0,21,3.4677563917126304e-08,True,0.0
volatility,A,rolling_9m_3m,5,2,0.001,26,0,22,4.386567140886903e-08,True,0.0
volatility,A,rolling_9m_3m,5,3,0.01,3,0,13,3.7760855190932205e-09,True,0.0
volatility,A,rolling_9m_3m,5,4,0.001,19,0,25,4.642869524247958e-08,True,0.0
volatility,A,rolling_9m_3m,5,5,0.001,24,0,16,9.099713264598637e-09,True,0.0
volatility,A,rolling_9m_3m,5,6,0.001,28,0,22,3.2044765708410964e-08,True,0.0
volatility,A,rolling_9m_3m,5,7,0.001,30,0,21,4.510762786238077e-08,True,0.0
volatility,A,rolling_9m_3m,5,8,0.001,29,0,22,5.302907852689327e-08,True,0.0
volatility,A,rolling_9m_3m,5,9,0.001,31,0,43,4.990973985722e-08,True,0.0
volatility,A,rolling_9m_3m,5,10,0.01,3,0,20,1.2417054786433676e-08,True,0.0
volatility,A,rolling_9m_3m,5,11,0.01,2,0,21,7.719906769652987e-09,True,0.0
volatility,A,rolling_9m_3m,5,12,0.001,31,0,19,6.631256477229323e-09,True,0.0
volatility,A,rolling_9m_3m,5,13,0.001,32,0,16,8.564225829952884e-09,True,0.0
volatility,A,rolling_9m_3m,5,14,0.0001,69,0,148,5.124704803336312e-07,True,0.0
volatility,A,rolling_9m_3m,5,15,0.0001,72,0,136,6.601947281241045e-07,True,0.0
volatility,A,rolling_9m_3m,5,16,0.0001,73,0,104,7.78757605347899e-07,True,0.0
volatility,A,rolling_9m_3m,5,17,0.001,45,0,17,9.781414398438255e-08,True,0.0
volatility,A,rolling_9m_3m,5,18,0.001,34,0,31,7.034238397004564e-08,True,0.0
volatility,A,rolling_9m_3m,5,19,0.001,38,0,27,4.021932136982609e-08,True,0.0
volatility,A,rolling_9m_3m,5,20,0.001,29,0,18,1.138819468040519e-08,True,0.0
volatility,A,rolling_9m_3m,5,21,0.001,26,0,20,4.8350071756141015e-09,True,0.0
volatility,A,rolling_9m_3m,5,22,0.001,35,0,30,4.8668605760313046e-08,True,0.0
volatility,A,rolling_9m_3m,5,23,0.001,37,0,21,7.754508237519529e-08,True,0.0
volatility,A,rolling_9m_3m,5,24,0.01,2,0,21,9.797902744790839e-09,True,0.0
volatility,A,rolling_9m_3m,5,25,0.01,2,0,17,1.4830547223502984e-08,True,0.0
volatility,A,rolling_9m_3m,5,26,0.01,2,0,18,8.618347495706044e-09,True,0.0
volatility,A,rolling_9m_3m,5,27,0.001,35,0,27,7.377092049429676e-08,True,0.0
volatility,A,rolling_9m_3m,5,28,0.001,29,0,19,2.309687865120869e-08,True,0.0
volatility,A,rolling_9m_3m,5,29,0.001,34,0,20,4.97966443925175e-08,True,0.0
volatility,A,rolling_9m_3m,5,30,0.001,37,0,23,5.3562147544160174e-08,True,0.0
volatility,A,rolling_9m_3m,5,31,0.01,2,0,17,8.566365714723782e-10,True,0.0
volatility,B,expanding,1,0,0.0001,59,0,12,1.478682853251895e-08,True,0.0
volatility,B,expanding,1,1,0.0001,61,0,9,1.1491329374442378e-08,True,0.0
volatility,B,expanding,1,2,0.0001,61,0,9,6.908498203153835e-09,True,0.0
volatility,B,expanding,1,3,0.0001,60,0,9,9.14314139016001e-09,True,0.0
volatility,B,expanding,1,4,0.0001,68,0,12,1.8523458376556703e-08,True,0.0
volatility,B,expanding,1,5,0.0001,65,0,15,1.5523910563577698e-08,True,0.0
volatility,B,expanding,1,6,0.0001,65,0,15,1.489644722126011e-08,True,0.0
volatility,B,expanding,1,7,0.0001,65,0,16,1.3713970512847285e-08,True,0.0
volatility,B,expanding,1,8,0.0001,62,0,16,1.0908943576314005e-08,True,0.0
volatility,B,expanding,1,9,0.0001,75,0,20,2.7613629848203615e-08,True,0.0
volatility,B,expanding,1,10,0.0001,75,0,17,1.7910636286925903e-08,True,0.0
volatility,B,expanding,1,11,0.0001,74,0,16,1.6839906452208974e-08,True,0.0
volatility,B,expanding,1,12,0.0001,74,0,16,9.127035096323176e-09,True,0.0
volatility,B,expanding,1,13,0.0001,74,0,15,1.4479803690848221e-08,True,0.0
volatility,B,expanding,1,14,0.0001,71,0,15,1.3024743072140792e-08,True,0.0
volatility,B,expanding,1,15,0.0001,71,0,15,1.1269939280686563e-08,True,0.0
volatility,B,expanding,1,16,0.0001,70,0,15,1.4515925617827135e-08,True,0.0
volatility,B,expanding,1,17,0.0001,70,0,16,1.0221999326569812e-08,True,0.0
volatility,B,expanding,1,18,0.0001,72,0,15,3.01592263390139e-08,True,0.0
volatility,B,expanding,1,19,0.0001,72,0,15,4.793429031800733e-08,True,0.0
volatility,B,expanding,1,20,0.0001,76,0,16,7.423558862819356e-08,True,0.0
volatility,B,expanding,1,21,0.0001,76,0,16,8.758316047672875e-08,True,0.0
volatility,B,expanding,1,22,0.0001,73,0,16,4.580414617812397e-08,True,0.0
volatility,B,expanding,1,23,0.0001,73,0,15,6.938222654263467e-08,True,0.0
volatility,B,expanding,1,24,0.0001,72,0,15,6.423302214820683e-08,True,0.0
volatility,B,expanding,1,25,0.0001,74,0,16,1.9176729118194077e-08,True,0.0
volatility,B,expanding,1,26,0.0001,70,0,16,1.1659168194773654e-08,True,0.0
volatility,B,expanding,3,0,0.0001,68,0,17,1.0721668294835436e-07,True,0.0
volatility,B,expanding,3,1,0.0001,77,0,20,8.357087572582441e-08,True,0.0
volatility,B,expanding,3,2,0.0001,76,0,18,7.806294295742338e-08,True,0.0
volatility,B,expanding,3,3,0.0001,75,0,19,7.262822224116192e-08,True,0.0
volatility,B,expanding,3,4,0.0001,82,0,20,7.120106739923247e-08,True,0.0
volatility,B,expanding,3,5,0.0001,79,0,21,6.343442312273373e-08,True,0.0
volatility,B,expanding,3,6,0.0001,80,0,22,5.971531302652125e-08,True,0.0
volatility,B,expanding,3,7,0.001,11,0,6,2.6086510295618356e-08,True,0.0
volatility,B,expanding,3,8,0.0001,78,0,20,6.335105696792363e-08,True,0.0
volatility,B,expanding,3,9,0.0001,80,0,22,7.692403193602587e-08,True,0.0
volatility,B,expanding,3,10,0.0001,81,0,18,1.480841703177567e-07,True,0.0
volatility,B,expanding,3,11,0.0001,80,0,16,1.05387332266851e-07,True,0.0
volatility,B,expanding,3,12,0.0001,84,0,16,5.528632941499562e-08,True,0.0
volatility,B,expanding,3,13,0.0001,83,0,16,6.379648306313061e-08,True,0.0
volatility,B,expanding,3,14,0.0001,79,0,16,5.200051465204049e-08,True,0.0
volatility,B,expanding,3,15,0.0001,79,0,15,9.976781970737001e-08,True,0.0
volatility,B,expanding,3,16,0.0001,79,0,16,5.20871512433062e-08,True,0.0
volatility,B,expanding,3,17,0.0001,77,0,15,6.726353231555699e-08,True,0.0
volatility,B,expanding,3,18,0.0001,78,0,17,2.3011951062319337e-07,True,0.0
volatility,B,expanding,3,19,0.0001,79,0,17,2.6241552891171833e-07,True,0.0
volatility,B,expanding,3,20,0.0001,81,0,19,2.019974785914926e-07,True,0.0
volatility,B,expanding,3,21,0.0001,82,0,18,2.779742542006631e-07,True,0.0
volatility,B,expanding,3,22,0.0001,80,0,18,2.58814724312773e-07,True,0.0
volatility,B,expanding,3,23,0.0001,80,0,18,2.2787547707833472e-07,True,0.0
volatility,B,expanding,3,24,0.0001,80,0,17,1.943746255270556e-07,True,0.0
volatility,B,expanding,3,25,0.0001,79,0,17,1.2576870420824094e-07,True,0.0
volatility,B,expanding,3,26,0.0001,78,0,17,1.6322980597089415e-07,True,0.0
volatility,B,expanding,5,0,0.0001,71,0,20,1.2544980499198022e-07,True,0.0
volatility,B,expanding,5,1,0.001,11,0,6,3.3587625135140407e-08,True,0.0
volatility,B,expanding,5,2,0.0001,80,0,20,1.679443420088113e-07,True,0.0
volatility,B,expanding,5,3,0.0001,78,0,21,1.672069368271425e-07,True,0.0
volatility,B,expanding,5,4,0.001,12,0,5,7.178432840121373e-08,True,0.0
volatility,B,expanding,5,5,0.001,13,0,8,5.40560401193061e-08,True,0.0
volatility,B,expanding,5,6,0.001,11,0,7,5.095339024896096e-08,True,0.0
volatility,B,expanding,5,7,0.001,11,0,7,5.6094187439118664e-08,True,0.0
volatility,B,expanding,5,8,0.001,11,0,7,4.708493936450325e-08,True,0.0
volatility,B,expanding,5,9,0.0001,83,0,23,1.527458858678988e-07,True,0.0
volatility,B,expanding,5,10,0.0001,83,0,19,2.624251649581813e-07,True,0.0
volatility,B,expanding,5,11,0.0001,87,0,17,1.3665697733055037e-07,True,0.0
volatility,B,expanding,5,12,0.0001,84,0,16,1.3988723011465867e-07,True,0.0
volatility,B,expanding,5,13,0.0001,85,0,16,1.6080998398978062e-07,True,0.0
volatility,B,expanding,5,14,0.0001,84,0,16,1.6562976421092746e-07,True,0.0
volatility,B,expanding,5,15,0.0001,83,0,16,1.5226049905929458e-07,True,0.0
volatility,B,expanding,5,16,0.0001,84,0,16,1.5005850208308252e-07,True,0.0
volatility,B,expanding,5,17,0.0001,82,0,15,2.1743897615232007e-07,True,0.0
volatility,B,expanding,5,18,0.0001,86,0,17,3.529458380187169e-07,True,0.0
volatility,B,expanding,5,19,0.0001,84,0,17,3.489105671488479e-07,True,0.0
volatility,B,expanding,5,20,0.0001,84,0,18,3.7944347078179913e-07,True,0.0
volatility,B,expanding,5,21,0.0001,83,0,18,3.44004473776888e-07,True,0.0
volatility,B,expanding,5,22,0.0001,84,0,18,2.8635600106590343e-07,True,0.0
volatility,B,expanding,5,23,0.0001,81,0,18,2.606983435094709e-07,True,0.0
volatility,B,expanding,5,24,0.0001,83,0,18,1.9525480876384693e-07,True,0.0
volatility,B,expanding,5,25,0.0001,82,0,17,2.196309973038945e-07,True,0.0
volatility,B,expanding,5,26,0.0001,84,0,17,2.3712174667510072e-07,True,0.0
volatility,B,rolling_9m_3m,1,0,0.0001,69,0,16,2.0766620748351364e-08,True,0.0
volatility,B,rolling_9m_3m,1,1,0.0001,60,0,17,1.30549690266773e-08,True,0.0
volatility,B,rolling_9m_3m,1,2,0.0001,63,0,23,9.682386982495463e-09,True,0.0
volatility,B,rolling_9m_3m,1,3,0.0001,60,0,39,1.881220558953209e-08,True,0.0
volatility,B,rolling_9m_3m,1,4,0.0001,69,0,30,1.315655065533993e-08,True,0.0
volatility,B,rolling_9m_3m,1,5,0.0001,61,0,16,1.4840269800734362e-08,True,0.0
volatility,B,rolling_9m_3m,1,6,0.001,2,0,3,2.064658582487832e-14,True,0.0
volatility,B,rolling_9m_3m,1,7,0.001,3,0,3,3.4423904333193945e-10,True,0.0
volatility,B,rolling_9m_3m,1,8,0.0001,63,0,13,1.6409095456539534e-08,True,0.0
volatility,B,rolling_9m_3m,1,9,0.0001,68,0,15,1.3981229376330076e-07,True,0.0
volatility,B,rolling_9m_3m,1,10,0.0001,69,0,20,3.0421333693808315e-08,True,0.0
volatility,B,rolling_9m_3m,1,11,0.0001,72,0,39,1.4159275661667398e-07,True,0.0
volatility,B,rolling_9m_3m,1,12,0.0001,60,0,11,1.304859839156206e-08,True,0.0
volatility,B,rolling_9m_3m,1,13,0.0001,62,0,22,1.1372254831555395e-08,True,0.0
volatility,B,rolling_9m_3m,1,14,0.0001,81,0,26,2.0569382427402925e-07,True,0.0
volatility,B,rolling_9m_3m,1,15,0.0001,81,0,30,2.1810380389502655e-07,True,0.0
volatility,B,rolling_9m_3m,1,16,0.001,26,0,10,1.4577207063057851e-08,True,0.0
volatility,B,rolling_9m_3m,1,17,0.0001,67,0,23,2.0630364563835603e-07,True,0.0
volatility,B,rolling_9m_3m,1,18,0.001,3,0,4,5.850608874166797e-12,True,0.0
volatility,B,rolling_9m_3m,1,19,0.001,4,0,5,1.0522997477278483e-09,True,0.0
volatility,B,rolling_9m_3m,1,20,0.001,3,0,3,3.61105132378855e-11,True,0.0
volatility,B,rolling_9m_3m,1,21,0.0001,55,0,10,1.0711879359801785e-08,True,0.0
volatility,B,rolling_9m_3m,1,22,0.0001,61,0,13,8.663693957601404e-08,True,0.0
volatility,B,rolling_9m_3m,1,23,0.001,9,0,9,5.351967116454638e-09,True,0.0
volatility,B,rolling_9m_3m,1,24,0.001,9,0,6,7.646419397749768e-09,True,0.0
volatility,B,rolling_9m_3m,1,25,0.001,4,0,3,5.153675418418513e-09,True,0.0
volatility,B,rolling_9m_3m,1,26,0.001,4,0,4,7.902822955101985e-10,True,0.0
volatility,B,rolling_9m_3m,1,27,0.0001,67,0,13,6.329484678434294e-08,True,0.0
volatility,B,rolling_9m_3m,1,28,0.001,5,0,6,3.5570554102637835e-09,True,0.0
volatility,B,rolling_9m_3m,1,29,0.0001,64,0,21,1.5912910332494044e-08,True,0.0
volatility,B,rolling_9m_3m,1,30,0.0001,56,0,14,1.6744407125148484e-08,True,0.0
volatility,B,rolling_9m_3m,1,31,0.0001,66,0,12,1.2498720849158006e-07,True,0.0
volatility,B,rolling_9m_3m,3,0,0.001,10,0,5,2.216851102540096e-08,True,0.0
volatility,B,rolling_9m_3m,3,1,0.001,9,0,6,1.8143041882912574e-08,True,0.0
volatility,B,rolling_9m_3m,3,2,0.001,8,0,10,1.7717908756112507e-08,True,0.0
volatility,B,rolling_9m_3m,3,3,0.001,11,0,14,2.6141044114575367e-08,True,0.0
volatility,B,rolling_9m_3m,3,4,0.001,9,0,11,3.348846464455384e-08,True,0.0
volatility,B,rolling_9m_3m,3,5,0.001,8,0,6,1.5145103075689806e-08,True,0.0
volatility,B,rolling_9m_3m,3,6,0.001,10,0,5,1.1591155428864958e-08,True,0.0
volatility,B,rolling_9m_3m,3,7,0.001,10,0,6,1.573825589196215e-08,True,0.0
volatility,B,rolling_9m_3m,3,8,0.001,13,0,6,5.868029165235879e-09,True,0.0
volatility,B,rolling_9m_3m,3,9,0.0001,85,0,17,2.4505276318096187e-07,True,0.0
volatility,B,rolling_9m_3m,3,10,0.001,16,0,15,2.9187312788808795e-08,True,0.0
volatility,B,rolling_9m_3m,3,11,0.001,11,0,10,2.0632124661977926e-08,True,0.0
volatility,B,rolling_9m_3m,3,12,0.001,4,0,6,9.341244516113359e-10,True,0.0
volatility,B,rolling_9m_3m,3,13,0.001,9,0,6,6.094299387813411e-09,True,0.0
volatility,B,rolling_9m_3m,3,14,0.0001,86,0,35,3.089952938531983e-07,True,0.0
volatility,B,rolling_9m_3m,3,15,0.0001,92,0,35,4.207777549880902e-07,True,0.0
volatility,B,rolling_9m_3m,3,16,0.0001,86,0,30,5.12063473408889e-07,True,0.0
volatility,B,rolling_9m_3m,3,17,0.0001,82,0,33,3.9628719363302133e-07,True,0.0
volatility,B,rolling_9m_3m,3,18,0.001,11,0,7,1.2237435942680267e-08,True,0.0
volatility,B,rolling_9m_3m,3,19,0.001,14,0,7,1.7559432687327318e-08,True,0.0
volatility,B,rolling_9m_3m,3,20,0.001,11,0,5,6.918073246321712e-09,True,0.0
volatility,B,rolling_9m_3m,3,21,0.001,10,0,5,1.2727298890522909e-08,True,0.0
volatility,B,rolling_9m_3m,3,22,0.0001,75,0,25,2.1890924782325323e-07,True,0.0
volatility,B,rolling_9m_3m,3,23,0.001,18,0,11,7.875718525256122e-08,True,0.0
volatility,B,rolling_9m_3m,3,24,0.001,16,0,6,4.340212610271187e-08,True,0.0
volatility,B,rolling_9m_3m,3,25,0.001,18,0,10,2.6667170345263627e-08,True,0.0
volatility,B,rolling_9m_3m,3,26,0.001,12,0,7,1.7461367080083347e-08,True,0.0
volatility,B,rolling_9m_3m,3,27,0.001,10,0,11,3.2237259138482984e-08,True,0.0
volatility,B,rolling_9m_3m,3,28,0.001,12,0,11,3.068440350824365e-08,True,0.0
volatility,B,rolling_9m_3m,3,29,0.001,12,0,9,2.4104122785099855e-08,True,0.0
volatility,B,rolling_9m_3m,3,30,0.001,9,0,7,1.8319276353053893e-08,True,0.0
volatility,B,rolling_9m_3m,3,31,0.0001,80,0,17,2.0495012750140666e-07,True,0.0
volatility,B,rolling_9m_3m,5,0,0.001,18,0,7,1.9646831855879686e-08,True,0.0
volatility,B,rolling_9m_3m,5,1,0.001,15,0,8,3.525091486268368e-08,True,0.0
volatility,B,rolling_9m_3m,5,2,0.001,12,0,11,2.810260436460483e-08,True,0.0
volatility,B,rolling_9m_3m,5,3,0.001,16,0,16,4.790411316034107e-08,True,0.0
volatility,B,rolling_9m_3m,5,4,0.001,12,0,14,5.905347786579412e-08,True,0.0
volatility,B,rolling_9m_3m,5,5,0.001,9,0,6,2.8727915605124937e-08,True,0.0
volatility,B,rolling_9m_3m,5,6,0.001,18,0,6,3.4101780348341326e-08,True,0.0
volatility,B,rolling_9m_3m,5,7,0.001,22,0,10,3.036003300191682e-08,True,0.0
volatility,B,rolling_9m_3m,5,8,0.001,21,0,6,7.936803506272642e-09,True,0.0
volatility,B,rolling_9m_3m,5,9,0.0001,86,0,19,2.883651307726968e-07,True,0.0
volatility,B,rolling_9m_3m,5,10,0.001,26,0,19,1.8434400060702235e-07,True,0.0
volatility,B,rolling_9m_3m,5,11,0.001,21,0,15,9.185292069564773e-08,True,0.0
volatility,B,rolling_9m_3m,5,12,0.001,14,0,7,1.0104213490954553e-08,True,0.0
volatility,B,rolling_9m_3m,5,13,0.001,12,0,6,1.925199446170214e-08,True,0.0
volatility,B,rolling_9m_3m,5,14,0.0001,84,0,34,4.6763454990940337e-07,True,0.0
volatility,B,rolling_9m_3m,5,15,0.0001,90,0,35,6.489472998922183e-07,True,0.0
volatility,B,rolling_9m_3m,5,16,0.0001,89,0,30,6.810825705555698e-07,True,0.0
volatility,B,rolling_9m_3m,5,17,0.001,33,0,10,7.279040824673968e-08,True,0.0
volatility,B,rolling_9m_3m,5,18,0.001,24,0,8,6.519574703500453e-08,True,0.0
volatility,B,rolling_9m_3m,5,19,0.001,25,0,9,4.53731621974756e-08,True,0.0
volatility,B,rolling_9m_3m,5,20,0.001,19,0,6,2.0718237058275146e-08,True,0.0
volatility,B,rolling_9m_3m,5,21,0.001,13,0,4,1.835349451073026e-08,True,0.0
volatility,B,rolling_9m_3m,5,22,0.0001,80,0,39,3.381769581754368e-07,True,0.0
volatility,B,rolling_9m_3m,5,23,0.001,30,0,8,4.99339660071293e-08,True,0.0
volatility,B,rolling_9m_3m,5,24,0.001,25,0,10,1.5846149575449926e-07,True,0.0
volatility,B,rolling_9m_3m,5,25,0.001,29,0,8,1.2169383339009778e-07,True,0.0
volatility,B,rolling_9m_3m,5,26,0.001,20,0,9,6.530931057178373e-08,True,0.0
volatility,B,rolling_9m_3m,5,27,0.001,13,0,12,6.995888865433027e-08,True,0.0
volatility,B,rolling_9m_3m,5,28,0.001,15,0,12,4.6842250185573514e-08,True,0.0
volatility,B,rolling_9m_3m,5,29,0.001,13,0,9,3.8825948831027614e-08,True,0.0
volatility,B,rolling_9m_3m,5,30,0.001,14,0,8,3.1129026610354116e-08,True,0.0
volatility,B,rolling_9m_3m,5,31,0.0001,79,0,23,3.328208425981856e-07,True,0.0
volatility,C,expanding,1,0,0.0001,62,0,21,6.66362978099983e-08,True,0.0
volatility,C,expanding,1,1,0.0001,57,0,45,7.605195831984016e-08,True,0.0
volatility,C,expanding,1,2,0.0001,63,0,35,9.387858465943872e-08,True,0.0
volatility,C,expanding,1,3,0.0001,63,0,16,5.2656876489179334e-08,True,0.0
volatility,C,expanding,1,4,0.0001,63,0,19,4.103744287681154e-08,True,0.0
volatility,C,expanding,1,5,0.0001,57,0,17,2.925765999908976e-08,True,0.0
volatility,C,expanding,1,6,0.0001,56,0,21,3.9015129977035545e-08,True,0.0
volatility,C,expanding,1,7,0.0001,58,0,21,3.188720680437364e-08,True,0.0
volatility,C,expanding,1,8,0.0001,56,0,21,2.472269849297413e-08,True,0.0
volatility,C,expanding,1,9,0.0001,60,0,32,1.5463552905588237e-08,True,0.0
volatility,C,expanding,1,10,0.0001,65,0,33,1.8607430720585656e-08,True,0.0
volatility,C,expanding,1,11,0.0001,62,0,31,1.9584772778987584e-08,True,0.0
volatility,C,expanding,1,12,0.0001,66,0,30,2.6794195141242745e-08,True,0.0
volatility,C,expanding,1,13,0.0001,64,0,29,1.8309177501397546e-08,True,0.0
volatility,C,expanding,1,14,0.0001,64,0,29,2.941651672213617e-08,True,0.0
volatility,C,expanding,1,15,0.0001,62,0,25,6.320323274591022e-08,True,0.0
volatility,C,expanding,1,16,0.0001,61,0,23,1.0319518424787237e-07,True,0.0
volatility,C,expanding,1,17,0.0001,56,0,25,2.844215314600985e-08,True,0.0
volatility,C,expanding,1,18,0.0001,58,0,28,6.148865927169597e-08,True,0.0
volatility,C,expanding,1,19,0.0001,60,0,27,8.106246603701572e-08,True,0.0
volatility,C,expanding,1,20,0.0001,59,0,27,9.749660436096684e-08,True,0.0
volatility,C,expanding,1,21,0.0001,60,0,27,8.849939056374905e-08,True,0.0
volatility,C,expanding,1,22,0.0001,60,0,27,8.934607200755905e-08,True,0.0
volatility,C,expanding,1,23,0.0001,59,0,26,7.930865231910561e-08,True,0.0
volatility,C,expanding,1,24,0.0001,58,0,26,7.322000911557707e-08,True,0.0
volatility,C,expanding,1,25,0.0001,58,0,26,6.423221356216754e-08,True,0.0
volatility,C,expanding,1,26,0.0001,57,0,25,6.392835617014135e-08,True,0.0
volatility,C,expanding,3,0,0.0001,80,0,20,1.7956028603292479e-07,True,0.0
volatility,C,expanding,3,1,0.0001,75,0,19,1.765286657011993e-07,True,0.0
volatility,C,expanding,3,2,0.0001,78,0,21,1.8892530346185985e-07,True,0.0
volatility,C,expanding,3,3,0.0001,76,0,20,1.864249097840489e-07,True,0.0
volatility,C,expanding,3,4,0.0001,76,0,61,1.2402356843597635e-07,True,0.0
volatility,C,expanding,3,5,0.0001,80,0,24,1.0984434104841382e-07,True,0.0
volatility,C,expanding,3,6,0.0001,76,0,20,7.903166243608802e-08,True,0.0
volatility,C,expanding,3,7,0.0001,75,0,18,2.1291682978398076e-07,True,0.0
volatility,C,expanding,3,8,0.0001,76,0,19,1.6922134232414884e-07,True,0.0
volatility,C,expanding,3,9,0.0001,80,0,47,2.460187756627758e-07,True,0.0
volatility,C,expanding,3,10,0.0001,82,0,47,2.3593563429871008e-07,True,0.0
volatility,C,expanding,3,11,0.0001,82,0,43,2.696531990604258e-07,True,0.0
volatility,C,expanding,3,12,0.0001,81,0,42,2.4477778747034227e-07,True,0.0
volatility,C,expanding,3,13,0.0001,81,0,41,2.691891792091056e-07,True,0.0
volatility,C,expanding,3,14,0.0001,76,0,41,2.4368059794131027e-07,True,0.0
volatility,C,expanding,3,15,0.0001,79,0,40,2.4315913804379474e-07,True,0.0
volatility,C,expanding,3,16,0.0001,79,0,39,2.3715321243164307e-07,True,0.0
volatility,C,expanding,3,17,0.0001,83,0,39,2.439917361403064e-07,True,0.0
volatility,C,expanding,3,18,0.0001,89,0,38,2.633772288084856e-07,True,0.0
volatility,C,expanding,3,19,0.0001,86,0,37,2.409226354936677e-07,True,0.0
volatility,C,expanding,3,20,0.0001,81,0,34,2.803340490404314e-07,True,0.0
volatility,C,expanding,3,21,0.0001,82,0,32,2.743321308471847e-07,True,0.0
volatility,C,expanding,3,22,0.0001,85,0,32,2.7340299997420195e-07,True,0.0
volatility,C,expanding,3,23,0.0001,84,0,32,2.594554261170898e-07,True,0.0
volatility,C,expanding,3,24,0.0001,85,0,33,2.469192053560008e-07,True,0.0
volatility,C,expanding,3,25,0.0001,83,0,32,2.542841283205502e-07,True,0.0
volatility,C,expanding,3,26,0.0001,84,0,31,2.4229078952984726e-07,True,0.0
volatility,C,expanding,5,0,0.0001,80,0,18,2.4004087179526034e-07,True,0.0
volatility,C,expanding,5,1,0.0001,86,0,30,2.4297004282988355e-07,True,0.0
volatility,C,expanding,5,2,0.0001,82,0,21,2.1035234328617895e-07,True,0.0
volatility,C,expanding,5,3,0.0001,83,0,23,2.60584751644574e-07,True,0.0
volatility,C,expanding,5,4,0.0001,85,0,42,2.7172726499105305e-07,True,0.0
volatility,C,expanding,5,5,0.0001,85,0,29,2.991189800170245e-07,True,0.0
volatility,C,expanding,5,6,0.0001,85,0,28,2.4400921345747437e-07,True,0.0
volatility,C,expanding,5,7,0.0001,80,0,23,2.6823230080797636e-07,True,0.0
volatility,C,expanding,5,8,0.0001,81,0,25,2.2411865800596888e-07,True,0.0
volatility,C,expanding,5,9,0.0001,89,0,50,3.2724238346549836e-07,True,0.0
volatility,C,expanding,5,10,0.0001,88,0,61,3.547432875269166e-07,True,0.0
volatility,C,expanding,5,11,0.0001,90,0,48,3.709201417526202e-07,True,0.0
volatility,C,expanding,5,12,0.0001,84,0,47,3.738146102177299e-07,True,0.0
volatility,C,expanding,5,13,0.0001,86,0,49,3.44023090261404e-07,True,0.0
volatility,C,expanding,5,14,0.0001,85,0,48,3.1527495561160815e-07,True,0.0
volatility,C,expanding,5,15,0.0001,88,0,47,3.636092020259861e-07,True,0.0
volatility,C,expanding,5,16,0.0001,88,0,48,3.198613358431584e-07,True,0.0
volatility,C,expanding,5,17,0.0001,92,0,46,3.171782125917004e-07,True,0.0
volatility,C,expanding,5,18,0.0001,92,0,47,3.85906528540232e-07,True,0.0
volatility,C,expanding,5,19,0.0001,90,0,43,3.518881040614671e-07,True,0.0
volatility,C,expanding,5,20,0.0001,89,0,43,3.682640679256524e-07,True,0.0
volatility,C,expanding,5,21,0.0001,90,0,42,3.309265447879032e-07,True,0.0
volatility,C,expanding,5,22,0.0001,90,0,40,3.332418334196809e-07,True,0.0
volatility,C,expanding,5,23,0.0001,88,0,39,3.550158018598409e-07,True,0.0
volatility,C,expanding,5,24,0.0001,90,0,38,3.6761444337604696e-07,True,0.0
volatility,C,expanding,5,25,0.0001,92,0,39,3.520944413197586e-07,True,0.0
volatility,C,expanding,5,26,0.0001,94,0,38,3.643090315657619e-07,True,0.0
volatility,C,rolling_9m_3m,1,0,0.0001,72,0,19,8.940064947893234e-08,True,0.0
volatility,C,rolling_9m_3m,1,1,0.0001,67,0,24,1.22866750342899e-08,True,0.0
volatility,C,rolling_9m_3m,1,2,0.0001,67,0,47,2.160122925374299e-09,True,0.0
volatility,C,rolling_9m_3m,1,3,0.0001,69,0,36,3.3759607916096476e-08,True,0.0
volatility,C,rolling_9m_3m,1,4,0.001,4,0,13,2.13936184616224e-09,True,0.0
volatility,C,rolling_9m_3m,1,5,0.0001,66,0,22,1.3517301629461632e-08,True,0.0
volatility,C,rolling_9m_3m,1,6,0.0001,60,0,10,6.150104471619938e-08,True,0.0
volatility,C,rolling_9m_3m,1,7,0.0001,61,0,14,4.209031540246985e-08,True,0.0
volatility,C,rolling_9m_3m,1,8,0.0001,65,0,20,5.74689653050761e-09,True,0.0
volatility,C,rolling_9m_3m,1,9,0.0001,69,0,44,5.197781061189966e-08,True,0.0
volatility,C,rolling_9m_3m,1,10,0.0001,68,0,25,3.958728098486956e-08,True,0.0
volatility,C,rolling_9m_3m,1,11,0.0001,69,0,39,1.0009388626086552e-08,True,0.0
volatility,C,rolling_9m_3m,1,12,0.0001,66,0,20,2.1282331636778142e-08,True,0.0
volatility,C,rolling_9m_3m,1,13,0.0001,67,0,13,1.791300433882185e-08,True,0.0
volatility,C,rolling_9m_3m,1,14,0.0001,87,0,93,2.1479587521373692e-07,True,0.0
volatility,C,rolling_9m_3m,1,15,0.0001,79,0,79,2.688821210517419e-07,True,0.0
volatility,C,rolling_9m_3m,1,16,0.0001,81,0,51,3.0508349430747735e-07,True,0.0
volatility,C,rolling_9m_3m,1,17,0.0001,77,0,37,1.7744168395727005e-07,True,0.0
volatility,C,rolling_9m_3m,1,18,0.0001,70,0,19,5.2611487943887975e-08,True,0.0
volatility,C,rolling_9m_3m,1,19,0.0001,65,0,24,3.1037404599311245e-08,True,0.0
volatility,C,rolling_9m_3m,1,20,0.0001,71,0,15,2.7126623671050273e-08,True,0.0
volatility,C,rolling_9m_3m,1,21,0.0001,56,0,20,2.7242348105908315e-09,True,0.0
volatility,C,rolling_9m_3m,1,22,0.0001,65,0,18,5.725036013450251e-08,True,0.0
volatility,C,rolling_9m_3m,1,23,0.0001,71,0,26,1.9497257608664952e-07,True,0.0
volatility,C,rolling_9m_3m,1,24,0.001,6,0,11,1.065764394386573e-08,True,0.0
volatility,C,rolling_9m_3m,1,25,0.001,5,0,10,1.0399942285680086e-08,True,0.0
volatility,C,rolling_9m_3m,1,26,0.0001,65,0,28,1.1453171372767118e-07,True,0.0
volatility,C,rolling_9m_3m,1,27,0.0001,66,0,19,1.3731157524812536e-07,True,0.0
volatility,C,rolling_9m_3m,1,28,0.0001,69,0,19,3.0579804624753585e-08,True,0.0
volatility,C,rolling_9m_3m,1,29,0.0001,60,0,17,1.8708246712829117e-08,True,0.0
volatility,C,rolling_9m_3m,1,30,0.0001,58,0,20,9.927486531921456e-08,True,0.0
volatility,C,rolling_9m_3m,1,31,0.0001,64,0,15,1.0770010807217433e-07,True,0.0
volatility,C,rolling_9m_3m,3,0,0.0001,88,0,26,1.456905635364901e-07,True,0.0
volatility,C,rolling_9m_3m,3,1,0.001,12,0,12,1.208798235784556e-08,True,0.0
volatility,C,rolling_9m_3m,3,2,0.001,11,0,11,1.4679241887095185e-08,True,0.0
volatility,C,rolling_9m_3m,3,3,0.001,14,0,12,2.6458643908368255e-08,True,0.0
volatility,C,rolling_9m_3m,3,4,0.001,9,0,20,1.7717300097893525e-08,True,0.0
volatility,C,rolling_9m_3m,3,5,0.001,6,0,11,1.3201259468533853e-08,True,0.0
volatility,C,rolling_9m_3m,3,6,0.001,10,0,11,1.6916288171044943e-08,True,0.0
volatility,C,rolling_9m_3m,3,7,0.001,7,0,17,8.611479923138992e-09,True,0.0
volatility,C,rolling_9m_3m,3,8,0.001,13,0,22,4.994332179618014e-09,True,0.0
volatility,C,rolling_9m_3m,3,9,0.001,9,0,19,8.542448506216938e-08,True,0.0
volatility,C,rolling_9m_3m,3,10,0.0001,81,0,47,2.992878744282435e-07,True,0.0
volatility,C,rolling_9m_3m,3,11,0.0001,83,0,56,2.593626076643214e-07,True,0.0
volatility,C,rolling_9m_3m,3,12,0.001,5,0,8,1.888281170063559e-08,True,0.0
volatility,C,rolling_9m_3m,3,13,0.001,9,0,10,2.694599945164801e-08,True,0.0
volatility,C,rolling_9m_3m,3,14,0.0001,94,0,141,3.7561275187911807e-07,True,0.0
volatility,C,rolling_9m_3m,3,15,0.0001,87,0,88,4.818236356266863e-07,True,0.0
volatility,C,rolling_9m_3m,3,16,0.0001,92,0,76,5.458841973868668e-07,True,0.0
volatility,C,rolling_9m_3m,3,17,0.0001,92,0,45,3.819298740692987e-07,True,0.0
volatility,C,rolling_9m_3m,3,18,0.001,8,0,11,2.743023312460855e-08,True,0.0
volatility,C,rolling_9m_3m,3,19,0.001,8,0,12,2.3058453729197763e-08,True,0.0
volatility,C,rolling_9m_3m,3,20,0.001,8,0,9,2.040359753268407e-09,True,0.0
volatility,C,rolling_9m_3m,3,21,0.0001,80,0,26,1.3393728833954692e-07,True,0.0
volatility,C,rolling_9m_3m,3,22,0.0001,80,0,34,2.5892132904389684e-07,True,0.0
volatility,C,rolling_9m_3m,3,23,0.001,18,0,14,9.311501779880079e-08,True,0.0
volatility,C,rolling_9m_3m,3,24,0.001,16,0,12,2.4328041222449144e-08,True,0.0
volatility,C,rolling_9m_3m,3,25,0.001,12,0,13,6.997518109658401e-08,True,0.0
volatility,C,rolling_9m_3m,3,26,0.001,12,0,13,2.663580270059136e-08,True,0.0
volatility,C,rolling_9m_3m,3,27,0.001,12,0,14,6.356463371958966e-08,True,0.0
volatility,C,rolling_9m_3m,3,28,0.001,12,0,14,3.568763188875317e-09,True,0.0
volatility,C,rolling_9m_3m,3,29,0.001,12,0,11,1.4023181241213244e-08,True,0.0
volatility,C,rolling_9m_3m,3,30,0.001,12,0,10,1.9400167716725983e-08,True,0.0
volatility,C,rolling_9m_3m,3,31,0.0001,86,0,48,2.4382360885822996e-07,True,0.0
volatility,C,rolling_9m_3m,5,0,0.001,16,0,16,1.251689536166319e-07,True,0.0
volatility,C,rolling_9m_3m,5,1,0.001,18,0,11,1.5817460082376554e-08,True,0.0
volatility,C,rolling_9m_3m,5,2,0.001,16,0,16,2.2000035059519016e-08,True,0.0
volatility,C,rolling_9m_3m,5,3,0.001,20,0,13,5.429975257761204e-08,True,0.0
volatility,C,rolling_9m_3m,5,4,0.001,12,0,19,4.9038218782308376e-08,True,0.0
volatility,C,rolling_9m_3m,5,5,0.001,10,0,12,4.316710217059276e-08,True,0.0
volatility,C,rolling_9m_3m,5,6,0.001,15,0,13,1.3910794079865992e-08,True,0.0
volatility,C,rolling_9m_3m,5,7,0.001,10,0,17,1.9798543519020448e-08,True,0.0
volatility,C,rolling_9m_3m,5,8,0.001,19,0,22,1.9935592165221548e-08,True,0.0
volatility,C,rolling_9m_3m,5,9,0.001,13,0,13,1.9036602654058658e-07,True,0.0
volatility,C,rolling_9m_3m,5,10,0.001,19,0,15,1.9076212526923363e-07,True,0.0
volatility,C,rolling_9m_3m,5,11,0.001,20,0,16,1.4920789642629243e-07,True,0.0
volatility,C,rolling_9m_3m,5,12,0.001,14,0,6,5.021814165691714e-08,True,0.0
volatility,C,rolling_9m_3m,5,13,0.001,14,0,7,4.069909501037743e-08,True,0.0
volatility,C,rolling_9m_3m,5,14,0.0001,98,0,198,5.141809370697541e-07,True,0.0
volatility,C,rolling_9m_3m,5,15,0.0001,93,0,123,6.414732268679546e-07,True,0.0
volatility,C,rolling_9m_3m,5,16,0.0001,100,0,94,7.768384824117106e-07,True,0.0
volatility,C,rolling_9m_3m,5,17,0.0001,98,0,54,5.438522241698681e-07,True,0.0
volatility,C,rolling_9m_3m,5,18,0.001,13,0,10,8.199737617486385e-08,True,0.0
volatility,C,rolling_9m_3m,5,19,0.001,17,0,9,4.682872007288697e-08,True,0.0
volatility,C,rolling_9m_3m,5,20,0.001,13,0,10,4.3436981473730596e-08,True,0.0
volatility,C,rolling_9m_3m,5,21,0.001,12,0,10,2.7285139997387473e-08,True,0.0
volatility,C,rolling_9m_3m,5,22,0.001,16,0,18,5.8866857167307395e-08,True,0.0
volatility,C,rolling_9m_3m,5,23,0.001,21,0,8,3.924514718672924e-08,True,0.0
volatility,C,rolling_9m_3m,5,24,0.001,24,0,8,1.0951935079898907e-07,True,0.0
volatility,C,rolling_9m_3m,5,25,0.001,24,0,9,2.313936288102471e-07,True,0.0
volatility,C,rolling_9m_3m,5,26,0.001,19,0,15,5.140580271410926e-08,True,0.0
volatility,C,rolling_9m_3m,5,27,0.001,16,0,16,1.012966489757716e-07,True,0.0
volatility,C,rolling_9m_3m,5,28,0.001,19,0,12,5.1668879356400596e-08,True,0.0
volatility,C,rolling_9m_3m,5,29,0.001,14,0,9,5.157192607011386e-08,True,0.0
volatility,C,rolling_9m_3m,5,30,0.001,14,0,11,2.9531798604830885e-08,True,0.0
volatility,C,rolling_9m_3m,5,31,0.0001,83,0,54,3.269727292719381e-07,True,0.0
volatility,D,expanding,1,0,0.0001,59,0,239,2.3367442943985443e-09,True,0.0
volatility,D,expanding,1,1,0.0001,55,0,430,1.077952208181296e-09,True,0.0
volatility,D,expanding,1,2,0.0001,55,0,459,7.107261595793418e-10,True,0.0
volatility,D,expanding,1,3,0.0001,53,0,335,8.587198275333358e-09,True,0.0
volatility,D,expanding,1,4,0.0001,51,0,488,5.649415754542329e-10,True,0.0
volatility,D,expanding,1,5,0.0001,48,0,353,1.0093659071073047e-09,True,0.0
volatility,D,expanding,1,6,0.0001,49,0,371,9.58101763013771e-10,True,0.0
volatility,D,expanding,1,7,0.0001,45,0,308,1.728549474213952e-09,True,0.0
volatility,D,expanding,1,8,0.0001,45,0,307,8.155294006654457e-10,True,0.0
volatility,D,expanding,1,9,0.0001,46,0,255,1.1365364448298244e-09,True,0.0
volatility,D,expanding,1,10,0.0001,54,0,224,3.817207454275377e-09,True,0.0
volatility,D,expanding,1,11,0.0001,54,0,244,8.088947828670393e-09,True,0.0
volatility,D,expanding,1,12,0.0001,54,0,207,6.0717704583309604e-09,True,0.0
volatility,D,expanding,1,13,0.0001,54,0,193,7.19769028452872e-09,True,0.0
volatility,D,expanding,1,14,0.0001,55,0,200,5.589364830929127e-09,True,0.0
volatility,D,expanding,1,15,0.0001,56,0,189,6.317665748610659e-09,True,0.0
volatility,D,expanding,1,16,0.0001,53,0,206,4.03082235385284e-09,True,0.0
volatility,D,expanding,1,17,0.0001,54,0,213,6.339167833719622e-09,True,0.0
volatility,D,expanding,1,18,0.0001,56,0,216,5.898321629565497e-09,True,0.0
volatility,D,expanding,1,19,0.0001,52,0,204,4.7698519054659315e-09,True,0.0
volatility,D,expanding,1,20,0.0001,53,0,221,4.535493378798571e-09,True,0.0
volatility,D,expanding,1,21,0.0001,56,0,225,5.899910346889089e-09,True,0.0
volatility,D,expanding,1,22,0.0001,53,0,214,6.16767849190948e-09,True,0.0
volatility,D,expanding,1,23,0.0001,52,0,213,5.520899294747556e-09,True,0.0
volatility,D,expanding,1,24,0.0001,52,0,213,5.632299645756982e-09,True,0.0
volatility,D,expanding,1,25,0.0001,54,0,209,5.959430707313101e-09,True,0.0
volatility,D,expanding,1,26,0.0001,48,0,224,5.759912245571511e-09,True,0.0
volatility,D,expanding,3,0,0.0001,75,0,341,9.692650784212941e-09,True,0.0
volatility,D,expanding,3,1,0.0001,79,0,385,1.1263167275937604e-08,True,0.0
volatility,D,expanding,3,2,0.0001,74,0,401,7.420695632933694e-08,True,0.0
volatility,D,expanding,3,3,0.0001,74,0,538,2.2609229626184824e-08,True,0.0
volatility,D,expanding,3,4,0.0001,78,0,229,5.00473107767698e-08,True,0.0
volatility,D,expanding,3,5,0.0001,75,0,292,5.8628872282490524e-08,True,0.0
volatility,D,expanding,3,6,0.0001,73,0,305,4.42082506200162e-08,True,0.0
volatility,D,expanding,3,7,0.0001,76,0,265,4.689480096432262e-08,True,0.0
volatility,D,expanding,3,8,0.0001,73,0,258,2.2555182056441502e-08,True,0.0
volatility,D,expanding,3,9,0.0001,79,0,235,1.0605385243436457e-07,True,0.0
volatility,D,expanding,3,10,0.0001,77,0,176,2.4647645047631845e-07,True,0.0
volatility,D,expanding,3,11,0.0001,82,0,183,1.7312959570191995e-07,True,0.0
volatility,D,expanding,3,12,0.0001,87,0,180,1.7261695537923016e-07,True,0.0
volatility,D,expanding,3,13,0.0001,85,0,179,1.8424706503620308e-07,True,0.0
volatility,D,expanding,3,14,0.0001,85,0,169,2.0351683935237802e-07,True,0.0
volatility,D,expanding,3,15,0.0001,84,0,162,1.9813042479519545e-07,True,0.0
volatility,D,expanding,3,16,0.0001,81,0,165,2.1829616777965585e-07,True,0.0
volatility,D,expanding,3,17,0.0001,78,0,166,2.1804049580353106e-07,True,0.0
volatility,D,expanding,3,18,0.0001,81,0,169,2.2814872792529244e-07,True,0.0
volatility,D,expanding,3,19,0.0001,77,0,171,2.1365124345213755e-07,True,0.0
volatility,D,expanding,3,20,0.0001,80,0,177,1.917606201359267e-07,True,0.0
volatility,D,expanding,3,21,0.0001,78,0,183,1.5386767131724217e-07,True,0.0
volatility,D,expanding,3,22,0.0001,76,0,181,1.5252844292725466e-07,True,0.0
volatility,D,expanding,3,23,0.0001,77,0,183,1.5307119309401387e-07,True,0.0
volatility,D,expanding,3,24,0.0001,78,0,183,1.4662059181591356e-07,True,0.0
volatility,D,expanding,3,25,0.0001,80,0,185,1.526383722992959e-07,True,0.0
volatility,D,expanding,3,26,0.0001,77,0,188,1.6179090524453102e-07,True,0.0
volatility,D,expanding,5,0,0.0001,81,0,507,1.0884068072716406e-08,True,0.0
volatility,D,expanding,5,1,0.0001,81,0,404,2.782720640869052e-07,True,0.0
volatility,D,expanding,5,2,0.0001,80,0,399,2.743003728503233e-07,True,0.0
volatility,D,expanding,5,3,0.0001,80,0,542,1.2946604995390394e-07,True,0.0
volatility,D,expanding,5,4,0.0001,85,0,251,2.5152994962380265e-08,True,0.0
volatility,D,expanding,5,5,0.0001,83,0,343,3.0929042256605824e-08,True,0.0
volatility,D,expanding,5,6,0.0001,87,0,328,6.18533850784817e-08,True,0.0
volatility,D,expanding,5,7,0.0001,86,0,302,5.079894435489548e-08,True,0.0
volatility,D,expanding,5,8,0.0001,83,0,307,4.567006477228707e-08,True,0.0
volatility,D,expanding,5,9,0.0001,87,0,415,3.399869762831204e-07,True,0.0
volatility,D,expanding,5,10,0.0001,91,0,196,3.659512596687824e-07,True,0.0
volatility,D,expanding,5,11,0.0001,89,0,204,3.0369504982387553e-07,True,0.0
volatility,D,expanding,5,12,0.0001,90,0,196,3.1114020005701125e-07,True,0.0
volatility,D,expanding,5,13,0.0001,90,0,201,3.143277780805196e-07,True,0.0
volatility,D,expanding,5,14,0.0001,89,0,195,3.427620081137659e-07,True,0.0
volatility,D,expanding,5,15,0.0001,91,0,181,2.8470493464438053e-07,True,0.0
volatility,D,expanding,5,16,0.0001,89,0,190,3.471975309295745e-07,True,0.0
volatility,D,expanding,5,17,0.0001,90,0,183,3.708088240485941e-07,True,0.0
volatility,D,expanding,5,18,0.0001,88,0,188,3.7246903026507946e-07,True,0.0
volatility,D,expanding,5,19,0.0001,89,0,193,2.825842453640238e-07,True,0.0
volatility,D,expanding,5,20,0.0001,89,0,198,2.4895138657792244e-07,True,0.0
volatility,D,expanding,5,21,0.0001,92,0,202,1.8632163323331357e-07,True,0.0
volatility,D,expanding,5,22,0.0001,88,0,208,1.920301303794855e-07,True,0.0
volatility,D,expanding,5,23,0.0001,89,0,208,1.6907651078884747e-07,True,0.0
volatility,D,expanding,5,24,0.0001,88,0,213,1.700915287079469e-07,True,0.0
volatility,D,expanding,5,25,0.0001,85,0,215,1.8018539799313078e-07,True,0.0
volatility,D,expanding,5,26,0.0001,83,0,233,2.4429235183675217e-07,True,0.0
volatility,D,rolling_9m_3m,1,0,0.0001,70,0,725,3.217713970674324e-09,True,0.0
volatility,D,rolling_9m_3m,1,1,0.001,6,0,191,3.49523625209888e-10,True,0.0
volatility,D,rolling_9m_3m,1,2,0.0001,60,0,535,7.045145025450932e-09,True,0.0
volatility,D,rolling_9m_3m,1,3,0.0001,70,0,662,1.380665253151695e-09,True,0.0
volatility,D,rolling_9m_3m,1,4,0.001,9,0,169,2.825151833846996e-09,True,0.0
volatility,D,rolling_9m_3m,1,5,0.0001,52,0,194,1.1224152800788154e-09,True,0.0
volatility,D,rolling_9m_3m,1,6,0.0001,52,0,479,1.1938599889304662e-09,True,0.0
volatility,D,rolling_9m_3m,1,7,0.0001,60,0,284,1.5006195409941654e-09,True,0.0
volatility,D,rolling_9m_3m,1,8,0.0001,52,0,231,2.614349825665729e-09,True,0.0
volatility,D,rolling_9m_3m,1,9,0.0001,57,0,321,2.1799256542516796e-09,True,0.0
volatility,D,rolling_9m_3m,1,10,0.0001,64,0,330,3.857371500098346e-09,True,0.0
volatility,D,rolling_9m_3m,1,11,0.0001,64,0,343,3.963809256526716e-09,True,0.0
volatility,D,rolling_9m_3m,1,12,0.0001,65,0,129,9.270447753256058e-09,True,0.0
volatility,D,rolling_9m_3m,1,13,0.0001,50,0,274,1.2762033157428826e-09,True,0.0
volatility,D,rolling_9m_3m,1,14,0.0001,71,0,213,6.32712402773862e-08,True,0.0
volatility,D,rolling_9m_3m,1,15,0.0001,81,0,230,1.7992184168042704e-07,True,0.0
volatility,D,rolling_9m_3m,1,16,0.0001,79,0,232,8.143660395791045e-08,True,0.0
volatility,D,rolling_9m_3m,1,17,0.0001,73,0,156,2.2235094306709853e-08,True,0.0
volatility,D,rolling_9m_3m,1,18,0.0001,63,0,277,5.860501112963791e-09,True,0.0
volatility,D,rolling_9m_3m,1,19,0.0001,68,0,374,1.0132767842212265e-09,True,0.0
volatility,D,rolling_9m_3m,1,20,0.0001,67,0,340,1.334962229724623e-08,True,0.0
volatility,D,rolling_9m_3m,1,21,0.0001,56,0,212,7.475487342442712e-09,True,0.0
volatility,D,rolling_9m_3m,1,22,0.0001,60,0,272,5.801901973852352e-09,True,0.0
volatility,D,rolling_9m_3m,1,23,0.0001,66,0,313,9.368767595492797e-09,True,0.0
volatility,D,rolling_9m_3m,1,24,0.001,7,0,95,9.621359139617037e-09,True,0.0
volatility,D,rolling_9m_3m,1,25,0.0001,65,0,246,1.4393869495722192e-08,True,0.0
volatility,D,rolling_9m_3m,1,26,0.0001,57,0,301,1.688199411080521e-09,True,0.0
volatility,D,rolling_9m_3m,1,27,0.0001,64,0,193,3.495521780161636e-08,True,0.0
volatility,D,rolling_9m_3m,1,28,0.0001,62,0,192,3.416653710978731e-09,True,0.0
volatility,D,rolling_9m_3m,1,29,0.0001,50,0,260,2.588462864577548e-09,True,0.0
volatility,D,rolling_9m_3m,1,30,0.0001,51,0,369,3.3480715794159207e-09,True,0.0
volatility,D,rolling_9m_3m,1,31,0.0001,60,0,339,7.18116613833497e-09,True,0.0
volatility,D,rolling_9m_3m,3,0,0.0001,79,0,170,3.277638162673967e-08,True,0.0
volatility,D,rolling_9m_3m,3,1,0.001,16,0,251,3.703585124552505e-09,True,0.0
volatility,D,rolling_9m_3m,3,2,0.001,13,0,162,6.792745203770577e-09,True,0.0
volatility,D,rolling_9m_3m,3,3,0.001,13,0,219,1.1005890407707935e-08,True,0.0
volatility,D,rolling_9m_3m,3,4,0.001,11,0,207,1.0621343679785069e-08,True,0.0
volatility,D,rolling_9m_3m,3,5,0.001,7,0,151,6.292344130083613e-09,True,0.0
volatility,D,rolling_9m_3m,3,6,0.001,11,0,134,1.833178402621918e-08,True,0.0
volatility,D,rolling_9m_3m,3,7,0.001,7,0,111,9.609185230107326e-09,True,0.0
volatility,D,rolling_9m_3m,3,8,0.001,10,0,152,9.210552838090544e-09,True,0.0
volatility,D,rolling_9m_3m,3,9,0.001,11,0,149,2.761844719572188e-08,True,0.0
volatility,D,rolling_9m_3m,3,10,0.001,11,0,137,3.570252044178708e-08,True,0.0
volatility,D,rolling_9m_3m,3,11,0.001,11,0,143,1.3129534901502742e-08,True,0.0
volatility,D,rolling_9m_3m,3,12,0.001,7,0,173,1.014670630890675e-08,True,0.0
volatility,D,rolling_9m_3m,3,13,0.001,11,0,173,6.4500896336821984e-09,True,0.0
volatility,D,rolling_9m_3m,3,14,0.0001,85,0,300,1.0427309059140167e-07,True,0.0
volatility,D,rolling_9m_3m,3,15,0.0001,87,0,335,4.812592840105191e-07,True,0.0
volatility,D,rolling_9m_3m,3,16,0.0001,94,0,270,5.690922896746347e-07,True,0.0
volatility,D,rolling_9m_3m,3,17,0.0001,89,0,273,1.2392851362895993e-07,True,0.0
volatility,D,rolling_9m_3m,3,18,0.001,12,0,196,9.675658200044291e-09,True,0.0
volatility,D,rolling_9m_3m,3,19,0.001,17,0,197,2.3599380100698245e-08,True,0.0
volatility,D,rolling_9m_3m,3,20,0.001,14,0,229,9.370832925920057e-09,True,0.0
volatility,D,rolling_9m_3m,3,21,0.001,9,0,139,7.0483677687076344e-09,True,0.0
volatility,D,rolling_9m_3m,3,22,0.0001,82,0,389,1.4780243476116548e-08,True,0.0
volatility,D,rolling_9m_3m,3,23,0.001,18,0,167,7.463925851387089e-08,True,0.0
volatility,D,rolling_9m_3m,3,24,0.001,18,0,311,2.4326867507614478e-08,True,0.0
volatility,D,rolling_9m_3m,3,25,0.001,15,0,182,2.506264849420983e-08,True,0.0
volatility,D,rolling_9m_3m,3,26,0.001,14,0,312,1.8572676394482252e-08,True,0.0
volatility,D,rolling_9m_3m,3,27,0.0001,75,0,386,5.055021554659192e-08,True,0.0
volatility,D,rolling_9m_3m,3,28,0.001,13,0,310,5.288343348786233e-09,True,0.0
volatility,D,rolling_9m_3m,3,29,0.001,13,0,160,1.7215554416818862e-09,True,0.0
volatility,D,rolling_9m_3m,3,30,0.001,13,0,156,4.999033719135253e-09,True,0.0
volatility,D,rolling_9m_3m,3,31,0.0001,83,0,137,1.1004416948815262e-07,True,0.0
volatility,D,rolling_9m_3m,5,0,0.0001,86,0,170,9.27625488103261e-08,True,0.0
volatility,D,rolling_9m_3m,5,1,0.001,22,0,179,1.0423073772839686e-08,True,0.0
volatility,D,rolling_9m_3m,5,2,0.001,22,0,262,7.260903646487902e-09,True,0.0
volatility,D,rolling_9m_3m,5,3,0.001,20,0,222,3.059912356948765e-08,True,0.0
volatility,D,rolling_9m_3m,5,4,0.001,15,0,174,5.325496240573559e-08,True,0.0
volatility,D,rolling_9m_3m,5,5,0.001,15,0,139,2.667596330910293e-08,True,0.0
volatility,D,rolling_9m_3m,5,6,0.001,17,0,120,3.827042767472657e-08,True,0.0
volatility,D,rolling_9m_3m,5,7,0.001,12,0,159,3.8845360646887316e-09,True,0.0
volatility,D,rolling_9m_3m,5,8,0.001,17,0,240,7.043951550229316e-09,True,0.0
volatility,D,rolling_9m_3m,5,9,0.001,13,0,233,7.645403641050947e-09,True,0.0
volatility,D,rolling_9m_3m,5,10,0.001,19,0,219,2.611774933172528e-08,True,0.0
volatility,D,rolling_9m_3m,5,11,0.001,17,0,235,4.031891078898634e-08,True,0.0
volatility,D,rolling_9m_3m,5,12,0.001,11,0,175,2.310772240036158e-08,True,0.0
volatility,D,rolling_9m_3m,5,13,0.001,14,0,131,2.2206283143661054e-08,True,0.0
volatility,D,rolling_9m_3m,5,14,0.0001,95,0,360,5.014710235831756e-07,True,0.0
volatility,D,rolling_9m_3m,5,15,0.0001,94,0,370,6.676752865375381e-07,True,0.0
volatility,D,rolling_9m_3m,5,16,0.0001,95,0,354,7.674594437549826e-07,True,0.0
volatility,D,rolling_9m_3m,5,17,0.0001,92,0,410,6.00800096233184e-08,True,0.0
volatility,D,rolling_9m_3m,5,18,0.001,18,0,237,2.8222304415193002e-08,True,0.0
volatility,D,rolling_9m_3m,5,19,0.001,24,0,214,3.433003458228189e-08,True,0.0
volatility,D,rolling_9m_3m,5,20,0.001,18,0,136,3.1058609278907784e-08,True,0.0
volatility,D,rolling_9m_3m,5,21,0.001,14,0,151,7.3876551486877605e-09,True,0.0
volatility,D,rolling_9m_3m,5,22,0.0001,91,0,438,2.984915309381429e-08,True,0.0
volatility,D,rolling_9m_3m,5,23,0.001,26,0,176,1.0737460645527564e-07,True,0.0
volatility,D,rolling_9m_3m,5,24,0.001,22,1,315,6.501765298861621e-08,True,0.0
volatility,D,rolling_9m_3m,5,25,0.001,24,0,202,2.874319314924272e-08,True,0.0
volatility,D,rolling_9m_3m,5,26,0.001,19,0,298,1.74084670305965e-08,True,0.0
volatility,D,rolling_9m_3m,5,27,0.001,19,0,195,1.465709313144445e-08,True,0.0
volatility,D,rolling_9m_3m,5,28,0.001,21,0,242,1.465288264453024e-08,True,0.0
volatility,D,rolling_9m_3m,5,29,0.001,18,0,158,1.445870739002568e-08,True,0.0
volatility,D,rolling_9m_3m,5,30,0.001,22,0,274,1.5921927834755613e-08,True,0.0
volatility,D,rolling_9m_3m,5,31,0.001,21,0,150,2.1734434467345033e-08,True,0.0
volatility,candidate_6,expanding,1,0,0.0001,42,0,15,5.19598533581216e-09,True,0.0
volatility,candidate_6,expanding,1,1,0.0001,43,0,15,4.504797420213721e-09,True,0.0
volatility,candidate_6,expanding,1,2,0.0001,41,0,14,4.256881338561317e-09,True,0.0
volatility,candidate_6,expanding,1,3,0.0001,42,0,14,5.1730304826054654e-09,True,0.0
volatility,candidate_6,expanding,1,4,0.001,4,0,5,8.870334080690096e-10,True,0.0
volatility,candidate_6,expanding,1,5,0.001,4,0,5,8.841567626952255e-10,True,0.0
volatility,candidate_6,expanding,1,6,0.001,3,0,5,3.978312858609924e-10,True,0.0
volatility,candidate_6,expanding,1,7,0.001,3,0,4,1.4978704392181168e-09,True,0.0
volatility,candidate_6,expanding,1,8,0.001,3,0,4,1.143970181010607e-09,True,0.0
volatility,candidate_6,expanding,1,9,0.001,5,0,6,8.444930647666522e-10,True,0.0
volatility,candidate_6,expanding,1,10,0.001,6,0,6,5.317078963480235e-10,True,0.0
volatility,candidate_6,expanding,1,11,0.001,6,0,6,5.946489274850803e-10,True,0.0
volatility,candidate_6,expanding,1,12,0.001,6,0,6,5.816010400143566e-10,True,0.0
volatility,candidate_6,expanding,1,13,0.001,6,0,6,6.129246133541589e-10,True,0.0
volatility,candidate_6,expanding,1,14,0.001,6,0,6,6.110412136344847e-10,True,0.0
volatility,candidate_6,expanding,1,15,0.001,6,0,6,5.692151920914658e-10,True,0.0
volatility,candidate_6,expanding,1,16,0.001,6,0,6,6.642063431911293e-10,True,0.0
volatility,candidate_6,expanding,1,17,0.001,6,0,6,7.323671228366468e-10,True,0.0
volatility,candidate_6,expanding,1,18,0.001,6,0,6,7.829546999818748e-10,True,0.0
volatility,candidate_6,expanding,1,19,0.001,6,0,6,7.576452171591441e-10,True,0.0
volatility,candidate_6,expanding,1,20,0.001,6,0,6,7.788768709456806e-10,True,0.0
volatility,candidate_6,expanding,1,21,0.001,6,0,6,8.474093477031059e-10,True,0.0
volatility,candidate_6,expanding,1,22,0.001,5,0,6,6.906560314744026e-10,True,0.0
volatility,candidate_6,expanding,1,23,0.001,5,0,6,7.048802316356932e-10,True,0.0
volatility,candidate_6,expanding,1,24,0.001,5,0,6,6.889728337590807e-10,True,0.0
volatility,candidate_6,expanding,1,25,0.001,5,0,6,7.214692548827607e-10,True,0.0
volatility,candidate_6,expanding,1,26,0.001,5,0,6,7.716210276713301e-10,True,0.0
volatility,candidate_6,expanding,3,0,0.001,6,0,4,1.3038612051958907e-08,True,0.0
volatility,candidate_6,expanding,3,1,0.001,6,0,4,1.0509056565098295e-08,True,0.0
volatility,candidate_6,expanding,3,2,0.001,7,0,5,1.7521430591918915e-08,True,0.0
volatility,candidate_6,expanding,3,3,0.001,7,0,6,1.4009638532973287e-08,True,0.0
volatility,candidate_6,expanding,3,4,0.001,8,0,8,1.3451928219721912e-08,True,0.0
volatility,candidate_6,expanding,3,5,0.001,8,0,8,1.2667805192850541e-08,True,0.0
volatility,candidate_6,expanding,3,6,0.001,7,0,7,1.410533100932983e-08,True,0.0
volatility,candidate_6,expanding,3,7,0.001,7,0,7,1.3063913258904485e-08,True,0.0
volatility,candidate_6,expanding,3,8,0.001,7,0,7,1.1826018672875759e-08,True,0.0
volatility,candidate_6,expanding,3,9,0.001,15,0,8,4.987515524774758e-09,True,0.0
volatility,candidate_6,expanding,3,10,0.001,19,0,8,4.460765769414966e-09,True,0.0
volatility,candidate_6,expanding,3,11,0.001,19,0,8,4.108990690787033e-09,True,0.0
volatility,candidate_6,expanding,3,12,0.001,21,0,8,3.809425902664811e-09,True,0.0
volatility,candidate_6,expanding,3,13,0.001,22,0,8,3.8782648615801035e-09,True,0.0
volatility,candidate_6,expanding,3,14,0.001,20,0,8,3.6288507921435545e-09,True,0.0
volatility,candidate_6,expanding,3,15,0.001,19,0,8,3.193362303397216e-09,True,0.0
volatility,candidate_6,expanding,3,16,0.001,19,0,8,3.453443186026563e-09,True,0.0
volatility,candidate_6,expanding,3,17,0.001,19,0,8,3.600702364692596e-09,True,0.0
volatility,candidate_6,expanding,3,18,0.001,18,0,8,3.479693299142255e-09,True,0.0
volatility,candidate_6,expanding,3,19,0.001,18,0,8,3.4816893503934737e-09,True,0.0
volatility,candidate_6,expanding,3,20,0.001,18,0,8,3.7602350811334825e-09,True,0.0
volatility,candidate_6,expanding,3,21,0.001,17,0,8,3.6806686247520748e-09,True,0.0
volatility,candidate_6,expanding,3,22,0.001,18,0,8,4.1575108175277424e-09,True,0.0
volatility,candidate_6,expanding,3,23,0.001,17,0,8,4.304883189041084e-09,True,0.0
volatility,candidate_6,expanding,3,24,0.001,17,0,8,4.270633050074703e-09,True,0.0
volatility,candidate_6,expanding,3,25,0.001,17,0,8,4.533979409780614e-09,True,0.0
volatility,candidate_6,expanding,3,26,0.001,17,0,8,4.792675873874745e-09,True,0.0
volatility,candidate_6,expanding,5,0,0.001,8,0,6,1.568036302337974e-08,True,0.0
volatility,candidate_6,expanding,5,1,0.001,9,0,6,2.61931422713182e-08,True,0.0
volatility,candidate_6,expanding,5,2,0.001,8,0,6,3.423252874864893e-08,True,0.0
volatility,candidate_6,expanding,5,3,0.001,9,0,7,3.736183607907216e-08,True,0.0
volatility,candidate_6,expanding,5,4,0.001,11,0,9,2.6993500277437154e-08,True,0.0
volatility,candidate_6,expanding,5,5,0.001,10,0,9,2.5183386698016262e-08,True,0.0
volatility,candidate_6,expanding,5,6,0.001,10,0,9,2.3529526210463994e-08,True,0.0
volatility,candidate_6,expanding,5,7,0.001,9,0,8,3.835367442883051e-08,True,0.0
volatility,candidate_6,expanding,5,8,0.001,11,0,9,2.256023809497638e-08,True,0.0
volatility,candidate_6,expanding,5,9,0.001,26,0,9,9.123231071042103e-09,True,0.0
volatility,candidate_6,expanding,5,10,0.001,27,0,8,1.1717797122188512e-08,True,0.0
volatility,candidate_6,expanding,5,11,0.001,27,0,8,1.1744274117527178e-08,True,0.0
volatility,candidate_6,expanding,5,12,0.001,29,0,8,1.090756776460893e-08,True,0.0
volatility,candidate_6,expanding,5,13,0.001,30,0,8,1.0931503204887407e-08,True,0.0
volatility,candidate_6,expanding,5,14,0.001,28,0,8,9.922711314122436e-09,True,0.0
volatility,candidate_6,expanding,5,15,0.001,29,0,8,9.786865812170769e-09,True,0.0
volatility,candidate_6,expanding,5,16,0.001,27,0,8,1.0784875880764291e-08,True,0.0
volatility,candidate_6,expanding,5,17,0.001,27,0,8,1.2395113176317616e-08,True,0.0
volatility,candidate_6,expanding,5,18,0.001,29,0,8,1.4668163210398774e-08,True,0.0
volatility,candidate_6,expanding,5,19,0.001,30,0,8,1.5209626216767436e-08,True,0.0
volatility,candidate_6,expanding,5,20,0.001,30,0,8,1.5624284749102845e-08,True,0.0
volatility,candidate_6,expanding,5,21,0.001,30,0,8,1.6567698922793407e-08,True,0.0
volatility,candidate_6,expanding,5,22,0.001,28,0,8,1.6484251550523447e-08,True,0.0
volatility,candidate_6,expanding,5,23,0.001,28,0,8,1.7086506985316672e-08,True,0.0
volatility,candidate_6,expanding,5,24,0.001,26,0,8,1.4568839170554994e-08,True,0.0
volatility,candidate_6,expanding,5,25,0.001,24,0,8,1.469007218612618e-08,True,0.0
volatility,candidate_6,expanding,5,26,0.001,24,0,8,1.5441864340547962e-08,True,0.0
volatility,candidate_6,rolling_9m_3m,1,0,0.001,4,0,4,4.387872581401502e-10,True,0.0
volatility,candidate_6,rolling_9m_3m,1,1,0.0001,42,0,17,7.545857322960986e-09,True,0.0
volatility,candidate_6,rolling_9m_3m,1,2,0.001,4,0,7,2.044534443112121e-09,True,0.0
volatility,candidate_6,rolling_9m_3m,1,3,0.001,4,0,9,2.6608326925054668e-09,True,0.0
volatility,candidate_6,rolling_9m_3m,1,4,0.001,4,0,3,2.3201196319118037e-09,True,0.0
volatility,candidate_6,rolling_9m_3m,1,5,0.0001,36,0,20,6.348564507082353e-09,True,0.0
volatility,candidate_6,rolling_9m_3m,1,6,0.001,2,0,3,2.064658582487832e-14,True,0.0
volatility,candidate_6,rolling_9m_3m,1,7,0.001,3,0,3,3.4423904333193945e-10,True,0.0
volatility,candidate_6,rolling_9m_3m,1,8,0.001,3,0,4,9.63802734249614e-10,True,0.0
volatility,candidate_6,rolling_9m_3m,1,9,0.001,5,0,7,3.0654539744895986e-09,True,0.0
volatility,candidate_6,rolling_9m_3m,1,10,0.001,5,0,6,1.4306880848533963e-09,True,0.0
volatility,candidate_6,rolling_9m_3m,1,11,0.001,4,0,5,3.840954016515383e-09,True,0.0
volatility,candidate_6,rolling_9m_3m,1,12,0.001,2,0,3,1.5690945911819274e-15,True,0.0
volatility,candidate_6,rolling_9m_3m,1,13,0.001,2,0,2,4.681740240546653e-14,True,0.0
volatility,candidate_6,rolling_9m_3m,1,14,0.0001,55,0,11,3.539383152169597e-09,True,0.0
volatility,candidate_6,rolling_9m_3m,1,15,0.0001,58,0,7,1.1845478111172957e-07,True,0.0
volatility,candidate_6,rolling_9m_3m,1,16,0.0001,61,0,11,1.4703224153590172e-07,True,0.0
volatility,candidate_6,rolling_9m_3m,1,17,0.001,5,0,4,3.5595140515893185e-11,True,0.0
volatility,candidate_6,rolling_9m_3m,1,18,0.001,3,0,3,1.483133183389562e-11,True,0.0
volatility,candidate_6,rolling_9m_3m,1,19,0.001,4,0,5,1.0522997477278483e-09,True,0.0
volatility,candidate_6,rolling_9m_3m,1,20,0.001,3,0,3,3.61105132378855e-11,True,0.0
volatility,candidate_6,rolling_9m_3m,1,21,0.001,1,0,2,-8.090530330662464e-20,True,0.0
volatility,candidate_6,rolling_9m_3m,1,22,0.001,4,0,5,7.687263552545862e-10,True,0.0
volatility,candidate_6,rolling_9m_3m,1,23,0.001,8,0,8,5.081265777349513e-09,True,0.0
volatility,candidate_6,rolling_9m_3m,1,24,0.001,8,0,6,3.727890295282231e-09,True,0.0
volatility,candidate_6,rolling_9m_3m,1,25,0.001,4,0,3,2.0045985342467963e-09,True,0.0
volatility,candidate_6,rolling_9m_3m,1,26,0.001,3,0,3,1.0604241448160302e-09,True,0.0
volatility,candidate_6,rolling_9m_3m,1,27,0.001,4,0,5,2.7034528259799942e-09,True,0.0
volatility,candidate_6,rolling_9m_3m,1,28,0.001,3,0,3,4.328378855010613e-10,True,0.0
volatility,candidate_6,rolling_9m_3m,1,29,0.001,2,0,3,3.250204299797388e-15,True,0.0
volatility,candidate_6,rolling_9m_3m,1,30,0.001,2,0,3,1.1067284988636866e-14,True,0.0
volatility,candidate_6,rolling_9m_3m,1,31,0.001,3,0,4,5.767956343004384e-10,True,0.0
volatility,candidate_6,rolling_9m_3m,3,0,0.001,8,0,5,7.542801502195251e-09,True,0.0
volatility,candidate_6,rolling_9m_3m,3,1,0.001,7,0,7,7.790487088002187e-09,True,0.0
volatility,candidate_6,rolling_9m_3m,3,2,0.001,5,0,9,1.2396797019650559e-08,True,0.0
volatility,candidate_6,rolling_9m_3m,3,3,0.001,6,0,12,1.5542724667093778e-08,True,0.0
volatility,candidate_6,rolling_9m_3m,3,4,0.001,7,0,12,1.9758408521115794e-08,True,0.0
volatility,candidate_6,rolling_9m_3m,3,5,0.001,4,0,5,1.4199391439980474e-08,True,0.0
volatility,candidate_6,rolling_9m_3m,3,6,0.001,9,0,6,1.0240598793207946e-08,True,0.0
volatility,candidate_6,rolling_9m_3m,3,7,0.001,9,0,7,6.343932829642724e-09,True,0.0
volatility,candidate_6,rolling_9m_3m,3,8,0.001,11,0,9,1.4043744661192368e-08,True,0.0
volatility,candidate_6,rolling_9m_3m,3,9,0.001,14,0,11,2.7840899725149295e-08,True,0.0
volatility,candidate_6,rolling_9m_3m,3,10,0.001,16,0,13,3.7332049085085286e-08,True,0.0
volatility,candidate_6,rolling_9m_3m,3,11,0.001,12,0,7,2.785703210432739e-08,True,0.0
volatility,candidate_6,rolling_9m_3m,3,12,0.001,6,0,4,1.5803987615463135e-08,True,0.0
volatility,candidate_6,rolling_9m_3m,3,13,0.001,5,0,4,2.801126001200346e-09,True,0.0
volatility,candidate_6,rolling_9m_3m,3,14,0.0001,57,0,13,2.7286097899441136e-07,True,0.0
volatility,candidate_6,rolling_9m_3m,3,15,0.0001,60,0,19,4.172442531506566e-07,True,0.0
volatility,candidate_6,rolling_9m_3m,3,16,0.0001,61,0,23,5.11275496892928e-07,True,0.0
volatility,candidate_6,rolling_9m_3m,3,17,0.001,22,0,6,4.6990965629270656e-08,True,0.0
volatility,candidate_6,rolling_9m_3m,3,18,0.001,6,0,4,1.7713775757792124e-08,True,0.0
volatility,candidate_6,rolling_9m_3m,3,19,0.001,14,0,7,1.783038433505401e-08,True,0.0
volatility,candidate_6,rolling_9m_3m,3,20,0.001,9,0,5,6.03816274013954e-09,True,0.0
volatility,candidate_6,rolling_9m_3m,3,21,0.001,6,0,4,7.201137024312358e-09,True,0.0
volatility,candidate_6,rolling_9m_3m,3,22,0.001,15,0,8,2.3484556198884192e-08,True,0.0
volatility,candidate_6,rolling_9m_3m,3,23,0.001,23,0,13,3.8710703931158105e-08,True,0.0
volatility,candidate_6,rolling_9m_3m,3,24,0.001,18,0,11,4.3096150497801196e-08,True,0.0
volatility,candidate_6,rolling_9m_3m,3,25,0.001,14,0,9,5.440325105560723e-08,True,0.0
volatility,candidate_6,rolling_9m_3m,3,26,0.001,8,0,7,1.543073147502621e-08,True,0.0
volatility,candidate_6,rolling_9m_3m,3,27,0.001,8,0,7,1.7515450012173947e-08,True,0.0
volatility,candidate_6,rolling_9m_3m,3,28,0.001,7,0,7,1.1719639891415236e-08,True,0.0
volatility,candidate_6,rolling_9m_3m,3,29,0.001,6,0,6,7.622152958786941e-09,True,0.0
volatility,candidate_6,rolling_9m_3m,3,30,0.001,5,0,5,1.2771337817069654e-08,True,0.0
volatility,candidate_6,rolling_9m_3m,3,31,0.001,7,0,6,1.816377948420975e-08,True,0.0
volatility,candidate_6,rolling_9m_3m,5,0,0.001,15,0,6,1.0686053935722914e-08,True,0.0
volatility,candidate_6,rolling_9m_3m,5,1,0.001,10,0,7,3.120403339129598e-08,True,0.0
volatility,candidate_6,rolling_9m_3m,5,2,0.001,11,0,9,2.9191794315934562e-08,True,0.0
volatility,candidate_6,rolling_9m_3m,5,3,0.001,12,0,13,3.6546823452507125e-08,True,0.0
volatility,candidate_6,rolling_9m_3m,5,4,0.001,8,0,13,5.148035943089574e-08,True,0.0
volatility,candidate_6,rolling_9m_3m,5,5,0.001,8,0,8,3.7332048318569014e-08,True,0.0
volatility,candidate_6,rolling_9m_3m,5,6,0.001,16,0,10,2.5908317334752104e-08,True,0.0
volatility,candidate_6,rolling_9m_3m,5,7,0.001,19,0,10,2.4073584820141607e-08,True,0.0
volatility,candidate_6,rolling_9m_3m,5,8,0.001,19,0,11,2.0192629115315378e-08,True,0.0
volatility,candidate_6,rolling_9m_3m,5,9,0.001,26,0,14,4.413668424534471e-08,True,0.0
volatility,candidate_6,rolling_9m_3m,5,10,0.001,23,0,15,5.573210403163418e-08,True,0.0
volatility,candidate_6,rolling_9m_3m,5,11,0.001,20,0,9,3.538897703188865e-08,True,0.0
volatility,candidate_6,rolling_9m_3m,5,12,0.001,12,0,6,3.596409331451168e-08,True,0.0
volatility,candidate_6,rolling_9m_3m,5,13,0.001,11,0,6,9.044063783187783e-09,True,0.0
volatility,candidate_6,rolling_9m_3m,5,14,0.0001,60,0,16,4.843235199914337e-07,True,0.0
volatility,candidate_6,rolling_9m_3m,5,15,0.0001,62,0,26,5.783904672752061e-07,True,0.0
volatility,candidate_6,rolling_9m_3m,5,16,0.0001,61,0,28,7.791872840718677e-07,True,0.0
volatility,candidate_6,rolling_9m_3m,5,17,0.001,31,0,9,7.390375322340783e-08,True,0.0
volatility,candidate_6,rolling_9m_3m,5,18,0.001,18,0,6,5.6267355068514445e-08,True,0.0
volatility,candidate_6,rolling_9m_3m,5,19,0.001,30,0,10,3.69724267392362e-08,True,0.0
volatility,candidate_6,rolling_9m_3m,5,20,0.001,21,0,9,2.5588088261669017e-08,True,0.0
volatility,candidate_6,rolling_9m_3m,5,21,0.001,9,0,5,8.337662647285106e-09,True,0.0
volatility,candidate_6,rolling_9m_3m,5,22,0.001,27,0,11,4.7293792768340754e-08,True,0.0
volatility,candidate_6,rolling_9m_3m,5,23,0.001,30,0,16,6.42089125456436e-08,True,0.0
volatility,candidate_6,rolling_9m_3m,5,24,0.001,27,0,15,6.620145940150206e-08,True,0.0
volatility,candidate_6,rolling_9m_3m,5,25,0.001,29,0,14,1.0192425701259124e-07,True,0.0
volatility,candidate_6,rolling_9m_3m,5,26,0.001,22,0,11,7.711735814164623e-08,True,0.0
volatility,candidate_6,rolling_9m_3m,5,27,0.001,19,0,11,4.5100332651595626e-08,True,0.0
volatility,candidate_6,rolling_9m_3m,5,28,0.001,12,0,8,2.4700671468955104e-08,True,0.0
volatility,candidate_6,rolling_9m_3m,5,29,0.001,10,0,6,1.3655832298919965e-08,True,0.0
volatility,candidate_6,rolling_9m_3m,5,30,0.001,11,0,6,1.7043400669310064e-08,True,0.0
volatility,candidate_6,rolling_9m_3m,5,31,0.001,11,0,7,5.069710177770754e-08,True,0.0
volatility,repr_bkm,expanding,1,0,0.001,8,0,13,6.59398562956673e-10,True,0.0
volatility,repr_bkm,expanding,1,1,0.0001,61,0,33,3.2612373554543277e-08,True,0.0
volatility,repr_bkm,expanding,1,2,0.0001,62,0,36,3.09139756626526e-08,True,0.0
volatility,repr_bkm,expanding,1,3,0.0001,62,0,36,3.261467974241728e-08,True,0.0
volatility,repr_bkm,expanding,1,4,0.0001,60,0,29,1.7156287057127112e-08,True,0.0
volatility,repr_bkm,expanding,1,5,0.0001,58,0,29,9.640998801391872e-09,True,0.0
volatility,repr_bkm,expanding,1,6,0.0001,59,0,27,7.7888724769397e-09,True,0.0
volatility,repr_bkm,expanding,1,7,0.0001,59,0,28,1.022938929331296e-08,True,0.0
volatility,repr_bkm,expanding,1,8,0.0001,59,0,27,7.6747527834629e-09,True,0.0
volatility,repr_bkm,expanding,1,9,0.0001,60,0,55,3.1165818831868765e-08,True,0.0
volatility,repr_bkm,expanding,1,10,0.0001,61,0,54,2.8554503023356007e-08,True,0.0
volatility,repr_bkm,expanding,1,11,0.0001,61,0,53,2.0909621061293393e-08,True,0.0
volatility,repr_bkm,expanding,1,12,0.0001,62,0,53,1.5926570427511153e-08,True,0.0
volatility,repr_bkm,expanding,1,13,0.0001,64,0,53,1.3532377633468311e-08,True,0.0
volatility,repr_bkm,expanding,1,14,0.0001,64,0,53,1.2381528869839643e-08,True,0.0
volatility,repr_bkm,expanding,1,15,0.0001,65,0,53,1.1953547465967385e-08,True,0.0
volatility,repr_bkm,expanding,1,16,0.0001,65,0,53,1.0840505840154613e-08,True,0.0
volatility,repr_bkm,expanding,1,17,0.0001,66,0,54,9.59479059700635e-09,True,0.0
volatility,repr_bkm,expanding,1,18,0.0001,66,0,54,1.1411798453856974e-08,True,0.0
volatility,repr_bkm,expanding,1,19,0.0001,66,0,55,9.29162110281917e-09,True,0.0
volatility,repr_bkm,expanding,1,20,0.0001,70,0,56,7.709028984224235e-09,True,0.0
volatility,repr_bkm,expanding,1,21,0.0001,65,0,45,2.594128139350778e-08,True,0.0
volatility,repr_bkm,expanding,1,22,0.0001,66,0,42,2.60848933131382e-08,True,0.0
volatility,repr_bkm,expanding,1,23,0.0001,64,0,42,2.2827912496548478e-08,True,0.0
volatility,repr_bkm,expanding,1,24,0.0001,64,0,41,2.3570065771502152e-08,True,0.0
volatility,repr_bkm,expanding,1,25,0.0001,64,0,41,2.1405160473542154e-08,True,0.0
volatility,repr_bkm,expanding,1,26,0.0001,62,0,41,2.0207705115853414e-08,True,0.0
volatility,repr_bkm,expanding,3,0,0.001,17,0,16,1.2617844335529286e-08,True,0.0
volatility,repr_bkm,expanding,3,1,0.001,17,0,16,1.1422189417060741e-08,True,0.0
volatility,repr_bkm,expanding,3,2,0.001,14,0,14,1.0528204829110126e-08,True,0.0
volatility,repr_bkm,expanding,3,3,0.001,13,0,13,7.206032731588466e-09,True,0.0
volatility,repr_bkm,expanding,3,4,0.001,16,0,16,7.371311921245964e-09,True,0.0
volatility,repr_bkm,expanding,3,5,0.001,15,0,17,6.00203193221125e-09,True,0.0
volatility,repr_bkm,expanding,3,6,0.001,15,0,17,6.289292299425037e-09,True,0.0
volatility,repr_bkm,expanding,3,7,0.001,14,0,17,5.626422202457283e-09,True,0.0
volatility,repr_bkm,expanding,3,8,0.001,15,0,17,5.168811725594155e-09,True,0.0
volatility,repr_bkm,expanding,3,9,0.0001,72,0,60,2.3928503575334185e-07,True,0.0
volatility,repr_bkm,expanding,3,10,0.0001,71,0,49,2.5279789826498614e-07,True,0.0
volatility,repr_bkm,expanding,3,11,0.0001,72,0,47,1.5393848195909036e-07,True,0.0
volatility,repr_bkm,expanding,3,12,0.0001,73,0,46,1.4152383196792365e-07,True,0.0
volatility,repr_bkm,expanding,3,13,0.0001,72,0,46,1.259773355010839e-07,True,0.0
volatility,repr_bkm,expanding,3,14,0.0001,72,0,46,1.1596089423605834e-07,True,0.0
volatility,repr_bkm,expanding,3,15,0.0001,71,0,46,1.131766059820641e-07,True,0.0
volatility,repr_bkm,expanding,3,16,0.0001,70,0,45,1.1465438482498814e-07,True,0.0
volatility,repr_bkm,expanding,3,17,0.0001,72,0,45,1.171796858995152e-07,True,0.0
volatility,repr_bkm,expanding,3,18,0.0001,74,0,45,1.2245594446858242e-07,True,0.0
volatility,repr_bkm,expanding,3,19,0.0001,74,0,43,1.2490028440917706e-07,True,0.0
volatility,repr_bkm,expanding,3,20,0.0001,75,0,43,1.1730835874196237e-07,True,0.0
volatility,repr_bkm,expanding,3,21,0.0001,75,0,43,1.1884537723325631e-07,True,0.0
volatility,repr_bkm,expanding,3,22,0.0001,76,0,44,9.819096587175125e-08,True,0.0
volatility,repr_bkm,expanding,3,23,0.0001,76,0,44,9.458066819301062e-08,True,0.0
volatility,repr_bkm,expanding,3,24,0.0001,74,0,45,7.841929832411002e-08,True,0.0
volatility,repr_bkm,expanding,3,25,0.0001,74,0,44,8.59857211281473e-08,True,0.0
volatility,repr_bkm,expanding,3,26,0.0001,74,0,45,7.19746184098843e-08,True,0.0
volatility,repr_bkm,expanding,5,0,0.001,24,0,19,2.5156514226548715e-08,True,0.0
volatility,repr_bkm,expanding,5,1,0.001,22,0,17,3.028333250773413e-08,True,0.0
volatility,repr_bkm,expanding,5,2,0.001,21,0,17,2.4722783656993154e-08,True,0.0
volatility,repr_bkm,expanding,5,3,0.001,21,0,16,3.5397237244390415e-08,True,0.0
volatility,repr_bkm,expanding,5,4,0.001,24,0,20,2.18904879343184e-08,True,0.0
volatility,repr_bkm,expanding,5,5,0.001,25,0,22,2.2841378916151776e-08,True,0.0
volatility,repr_bkm,expanding,5,6,0.001,27,0,22,2.165239585036376e-08,True,0.0
volatility,repr_bkm,expanding,5,7,0.001,26,0,22,2.5248136278971548e-08,True,0.0
volatility,repr_bkm,expanding,5,8,0.001,25,0,23,2.1503841228727967e-08,True,0.0
volatility,repr_bkm,expanding,5,9,0.0001,75,0,61,3.199969510057335e-07,True,0.0
volatility,repr_bkm,expanding,5,10,0.0001,74,0,52,3.502730717232106e-07,True,0.0
volatility,repr_bkm,expanding,5,11,0.0001,76,0,47,3.1371043100536373e-07,True,0.0
volatility,repr_bkm,expanding,5,12,0.0001,76,0,46,2.721969458993238e-07,True,0.0
volatility,repr_bkm,expanding,5,13,0.0001,77,0,46,2.3833550968095635e-07,True,0.0
volatility,repr_bkm,expanding,5,14,0.0001,76,0,45,2.4387192978125505e-07,True,0.0
volatility,repr_bkm,expanding,5,15,0.0001,76,0,45,2.4495177821838296e-07,True,0.0
volatility,repr_bkm,expanding,5,16,0.0001,72,0,44,2.515004029056039e-07,True,0.0
volatility,repr_bkm,expanding,5,17,0.0001,73,0,44,2.4719054666131055e-07,True,0.0
volatility,repr_bkm,expanding,5,18,0.0001,77,0,45,2.361521644637825e-07,True,0.0
volatility,repr_bkm,expanding,5,19,0.0001,76,0,42,2.510090376413412e-07,True,0.0
volatility,repr_bkm,expanding,5,20,0.0001,79,0,42,2.467275153454631e-07,True,0.0
volatility,repr_bkm,expanding,5,21,0.0001,79,0,43,2.130775776699786e-07,True,0.0
volatility,repr_bkm,expanding,5,22,0.0001,78,0,43,2.0455793044037813e-07,True,0.0
volatility,repr_bkm,expanding,5,23,0.0001,75,0,42,2.2988024224606656e-07,True,0.0
volatility,repr_bkm,expanding,5,24,0.0001,76,0,42,2.2117779995214225e-07,True,0.0
volatility,repr_bkm,expanding,5,25,0.0001,76,0,42,2.0782708194799692e-07,True,0.0
volatility,repr_bkm,expanding,5,26,0.0001,75,0,42,1.9985528775633406e-07,True,0.0
volatility,repr_bkm,rolling_9m_3m,1,0,0.001,9,0,12,1.324650056060983e-09,True,0.0
volatility,repr_bkm,rolling_9m_3m,1,1,0.001,6,0,16,5.303984269062413e-10,True,0.0
volatility,repr_bkm,rolling_9m_3m,1,2,0.001,7,0,17,5.004709612248744e-10,True,0.0
volatility,repr_bkm,rolling_9m_3m,1,3,0.001,6,0,20,8.483645081204096e-10,True,0.0
volatility,repr_bkm,rolling_9m_3m,1,4,0.001,6,0,22,2.042568206398686e-09,True,0.0
volatility,repr_bkm,rolling_9m_3m,1,5,0.001,6,0,20,1.0956339436956042e-09,True,0.0
volatility,repr_bkm,rolling_9m_3m,1,6,0.001,8,0,19,3.970735038081981e-10,True,0.0
volatility,repr_bkm,rolling_9m_3m,1,7,0.001,8,0,16,6.364971056963195e-10,True,0.0
volatility,repr_bkm,rolling_9m_3m,1,8,0.001,7,0,17,8.503417852313797e-10,True,0.0
volatility,repr_bkm,rolling_9m_3m,1,9,0.001,9,0,27,2.2436345048586536e-09,True,0.0
volatility,repr_bkm,rolling_9m_3m,1,10,0.001,11,0,25,3.3851601097329226e-09,True,0.0
volatility,repr_bkm,rolling_9m_3m,1,11,0.001,13,0,26,2.4789826446643224e-09,True,0.0
volatility,repr_bkm,rolling_9m_3m,1,12,0.001,9,0,18,1.0196591175654569e-09,True,0.0
volatility,repr_bkm,rolling_9m_3m,1,13,0.001,6,0,17,5.435607723124842e-10,True,0.0
volatility,repr_bkm,rolling_9m_3m,1,14,0.0001,69,0,66,2.1335310952689474e-07,True,0.0
volatility,repr_bkm,rolling_9m_3m,1,15,0.0001,70,0,103,2.677990990895855e-07,True,0.0
volatility,repr_bkm,rolling_9m_3m,1,16,0.0001,71,0,84,2.951578949689469e-07,True,0.0
volatility,repr_bkm,rolling_9m_3m,1,17,0.0001,67,0,26,1.4983467066078807e-07,True,0.0
volatility,repr_bkm,rolling_9m_3m,1,18,0.001,7,0,18,1.8397457865048979e-09,True,0.0
volatility,repr_bkm,rolling_9m_3m,1,19,0.001,7,0,18,1.4697314687006862e-09,True,0.0
volatility,repr_bkm,rolling_9m_3m,1,20,0.001,7,0,20,1.2770104284344777e-09,True,0.0
volatility,repr_bkm,rolling_9m_3m,1,21,0.001,6,0,19,1.1281028767553062e-09,True,0.0
volatility,repr_bkm,rolling_9m_3m,1,22,0.001,8,0,24,1.6401978726607185e-09,True,0.0
volatility,repr_bkm,rolling_9m_3m,1,23,0.001,9,0,24,3.338494964423175e-09,True,0.0
volatility,repr_bkm,rolling_9m_3m,1,24,0.001,11,0,22,1.3160666336080315e-08,True,0.0
volatility,repr_bkm,rolling_9m_3m,1,25,0.001,12,0,20,5.067533969558069e-09,True,0.0
volatility,repr_bkm,rolling_9m_3m,1,26,0.001,10,0,22,1.4777619283965238e-09,True,0.0
volatility,repr_bkm,rolling_9m_3m,1,27,0.001,7,0,21,1.652629591450569e-09,True,0.0
volatility,repr_bkm,rolling_9m_3m,1,28,0.001,6,0,20,1.0420137670725407e-09,True,0.0
volatility,repr_bkm,rolling_9m_3m,1,29,0.001,6,0,15,6.670986373844478e-10,True,0.0
volatility,repr_bkm,rolling_9m_3m,1,30,0.001,6,0,15,6.361838761489133e-10,True,0.0
volatility,repr_bkm,rolling_9m_3m,1,31,0.001,7,0,15,1.0380051783368325e-09,True,0.0
volatility,repr_bkm,rolling_9m_3m,3,0,0.001,22,0,17,1.1969025749706882e-08,True,0.0
volatility,repr_bkm,rolling_9m_3m,3,1,0.001,18,0,14,1.1094715453032862e-08,True,0.0
volatility,repr_bkm,rolling_9m_3m,3,2,0.001,16,0,16,2.100422579005214e-08,True,0.0
volatility,repr_bkm,rolling_9m_3m,3,3,0.001,19,0,18,4.1064579097851065e-08,True,0.0
volatility,repr_bkm,rolling_9m_3m,3,4,0.001,11,0,18,6.564462774622003e-09,True,0.0
volatility,repr_bkm,rolling_9m_3m,3,5,0.001,10,0,16,5.469217083636407e-09,True,0.0
volatility,repr_bkm,rolling_9m_3m,3,6,0.001,19,0,16,6.709335094544067e-09,True,0.0
volatility,repr_bkm,rolling_9m_3m,3,7,0.001,21,0,17,7.64953586431049e-09,True,0.0
volatility,repr_bkm,rolling_9m_3m,3,8,0.001,20,0,18,1.5715330317297074e-08,True,0.0
volatility,repr_bkm,rolling_9m_3m,3,9,0.001,19,0,41,2.33927654052732e-08,True,0.0
volatility,repr_bkm,rolling_9m_3m,3,10,0.001,20,0,41,2.9101157333975407e-08,True,0.0
volatility,repr_bkm,rolling_9m_3m,3,11,0.001,26,0,39,3.069992893411243e-08,True,0.0
volatility,repr_bkm,rolling_9m_3m,3,12,0.001,17,0,15,5.698318121472056e-09,True,0.0
volatility,repr_bkm,rolling_9m_3m,3,13,0.001,21,0,16,7.214270493613995e-09,True,0.0
volatility,repr_bkm,rolling_9m_3m,3,14,0.0001,74,0,125,3.703860876351076e-07,True,0.0
volatility,repr_bkm,rolling_9m_3m,3,15,0.0001,77,0,127,4.74446992752215e-07,True,0.0
volatility,repr_bkm,rolling_9m_3m,3,16,0.0001,78,0,104,5.667850212569668e-07,True,0.0
volatility,repr_bkm,rolling_9m_3m,3,17,0.001,30,0,17,2.9718240295227175e-08,True,0.0
volatility,repr_bkm,rolling_9m_3m,3,18,0.001,25,0,32,2.8883985989171165e-08,True,0.0
volatility,repr_bkm,rolling_9m_3m,3,19,0.001,25,0,23,1.6401445728773127e-08,True,0.0
volatility,repr_bkm,rolling_9m_3m,3,20,0.001,22,0,19,6.302211584109997e-09,True,0.0
volatility,repr_bkm,rolling_9m_3m,3,21,0.001,17,0,20,5.3830668798286606e-09,True,0.0
volatility,repr_bkm,rolling_9m_3m,3,22,0.001,22,0,24,9.746393479328214e-09,True,0.0
volatility,repr_bkm,rolling_9m_3m,3,23,0.001,30,0,22,2.059875279685307e-08,True,0.0
volatility,repr_bkm,rolling_9m_3m,3,24,0.001,33,0,24,5.94182956820448e-08,True,0.0
volatility,repr_bkm,rolling_9m_3m,3,25,0.001,33,0,20,1.2446909614382006e-08,True,0.0
volatility,repr_bkm,rolling_9m_3m,3,26,0.001,22,0,20,1.0279997086107266e-08,True,0.0
volatility,repr_bkm,rolling_9m_3m,3,27,0.001,21,0,23,3.7540662620823054e-08,True,0.0
volatility,repr_bkm,rolling_9m_3m,3,28,0.001,14,0,19,6.893003427235228e-09,True,0.0
volatility,repr_bkm,rolling_9m_3m,3,29,0.001,15,0,13,5.338481467402851e-09,True,0.0
volatility,repr_bkm,rolling_9m_3m,3,30,0.001,14,0,12,7.36406681169062e-09,True,0.0
volatility,repr_bkm,rolling_9m_3m,3,31,0.001,17,0,14,1.1795674660035937e-08,True,0.0
volatility,repr_bkm,rolling_9m_3m,5,0,0.001,33,0,20,2.7970558621088726e-08,True,0.0
volatility,repr_bkm,rolling_9m_3m,5,1,0.001,25,0,19,4.467969501282635e-08,True,0.0
volatility,repr_bkm,rolling_9m_3m,5,2,0.001,26,0,20,4.730207823775766e-08,True,0.0
volatility,repr_bkm,rolling_9m_3m,5,3,0.001,23,0,22,9.368085940158059e-08,True,0.0
volatility,repr_bkm,rolling_9m_3m,5,4,0.001,17,0,23,5.155133761929681e-08,True,0.0
volatility,repr_bkm,rolling_9m_3m,5,5,0.001,16,0,16,1.1373448143122754e-08,True,0.0
volatility,repr_bkm,rolling_9m_3m,5,6,0.001,27,0,20,3.394588864941528e-08,True,0.0
volatility,repr_bkm,rolling_9m_3m,5,7,0.001,30,0,20,3.860723475174704e-08,True,0.0
volatility,repr_bkm,rolling_9m_3m,5,8,0.001,27,0,20,5.108264487776247e-08,True,0.0
volatility,repr_bkm,rolling_9m_3m,5,9,0.001,31,0,44,4.427174839122059e-08,True,0.0
volatility,repr_bkm,rolling_9m_3m,5,10,0.001,38,0,44,5.738747600818176e-08,True,0.0
volatility,repr_bkm,rolling_9m_3m,5,11,0.001,42,0,40,5.146066524747389e-08,True,0.0
volatility,repr_bkm,rolling_9m_3m,5,12,0.001,32,0,18,7.47403765115161e-09,True,0.0
volatility,repr_bkm,rolling_9m_3m,5,13,0.001,28,0,16,6.2340587285302496e-09,True,0.0
volatility,repr_bkm,rolling_9m_3m,5,14,0.0001,72,0,148,4.986038326245714e-07,True,0.0
volatility,repr_bkm,rolling_9m_3m,5,15,0.0001,76,0,135,6.653195011228817e-07,True,0.0
volatility,repr_bkm,rolling_9m_3m,5,16,0.0001,77,0,110,7.669111134177299e-07,True,0.0
volatility,repr_bkm,rolling_9m_3m,5,17,0.001,40,0,17,8.73253511020578e-08,True,0.0
volatility,repr_bkm,rolling_9m_3m,5,18,0.001,37,0,31,7.014769421647777e-08,True,0.0
volatility,repr_bkm,rolling_9m_3m,5,19,0.001,39,0,29,3.414178352821207e-08,True,0.0
volatility,repr_bkm,rolling_9m_3m,5,20,0.001,30,0,18,1.3760482352868624e-08,True,0.0
volatility,repr_bkm,rolling_9m_3m,5,21,0.001,23,0,20,1.2208625178065941e-08,True,0.0
volatility,repr_bkm,rolling_9m_3m,5,22,0.001,32,0,25,4.1334568085982963e-08,True,0.0
volatility,repr_bkm,rolling_9m_3m,5,23,0.001,37,0,21,5.99358182114515e-08,True,0.0
volatility,repr_bkm,rolling_9m_3m,5,24,0.01,2,0,21,1.11497409674532e-08,True,0.0
volatility,repr_bkm,rolling_9m_3m,5,25,0.01,3,0,17,1.8741747204872814e-08,True,0.0
volatility,repr_bkm,rolling_9m_3m,5,26,0.001,35,0,21,3.3112823059033425e-08,True,0.0
volatility,repr_bkm,rolling_9m_3m,5,27,0.001,33,0,26,6.291980579923577e-08,True,0.0
volatility,repr_bkm,rolling_9m_3m,5,28,0.001,29,0,18,4.506803550228348e-08,True,0.0
volatility,repr_bkm,rolling_9m_3m,5,29,0.001,28,0,14,1.1914464292505554e-08,True,0.0
volatility,repr_bkm,rolling_9m_3m,5,30,0.001,33,0,19,4.582433104657506e-08,True,0.0
volatility,repr_bkm,rolling_9m_3m,5,31,0.001,28,0,21,4.799197276095183e-08,True,0.0
volatility,repr_grid,expanding,1,0,0.0001,55,0,224,4.269104832958628e-09,True,0.0
volatility,repr_grid,expanding,1,1,0.0001,52,0,469,1.060301285107517e-09,True,0.0
volatility,repr_grid,expanding,1,2,0.0001,51,0,516,6.207148017902064e-10,True,0.0
volatility,repr_grid,expanding,1,3,0.0001,50,0,342,4.83556516442796e-09,True,0.0
volatility,repr_grid,expanding,1,4,0.0001,46,0,570,8.885613232469741e-10,True,0.0
volatility,repr_grid,expanding,1,5,0.0001,44,0,413,7.522025598791855e-10,True,0.0
volatility,repr_grid,expanding,1,6,0.0001,45,0,393,7.8842560504157e-10,True,0.0
volatility,repr_grid,expanding,1,7,0.0001,44,0,385,7.668596860846425e-10,True,0.0
volatility,repr_grid,expanding,1,8,0.0001,44,0,359,7.452181740771232e-10,True,0.0
volatility,repr_grid,expanding,1,9,0.0001,42,0,236,1.24415167621584e-08,True,0.0
volatility,repr_grid,expanding,1,10,0.0001,50,0,240,3.1440050629697187e-09,True,0.0
volatility,repr_grid,expanding,1,11,0.0001,49,0,251,9.765822921239395e-09,True,0.0
volatility,repr_grid,expanding,1,12,0.0001,47,0,227,1.831665772572229e-08,True,0.0
volatility,repr_grid,expanding,1,13,0.0001,48,0,205,6.982442508399392e-09,True,0.0
volatility,repr_grid,expanding,1,14,0.0001,49,0,210,6.7330696433068165e-09,True,0.0
volatility,repr_grid,expanding,1,15,0.0001,52,0,200,6.2070740587009096e-09,True,0.0
volatility,repr_grid,expanding,1,16,0.0001,49,0,223,2.7571921386220413e-09,True,0.0
volatility,repr_grid,expanding,1,17,0.0001,49,0,233,5.7852623799001186e-09,True,0.0
volatility,repr_grid,expanding,1,18,0.0001,50,0,248,1.5771912509040883e-08,True,0.0
volatility,repr_grid,expanding,1,19,0.0001,47,0,244,1.5721958363583307e-08,True,0.0
volatility,repr_grid,expanding,1,20,0.0001,51,0,273,2.6375627016130082e-08,True,0.0
volatility,repr_grid,expanding,1,21,0.0001,53,0,271,1.889472353602354e-08,True,0.0
volatility,repr_grid,expanding,1,22,0.0001,52,0,276,4.756641503225644e-08,True,0.0
volatility,repr_grid,expanding,1,23,0.0001,46,0,290,2.9650605792256612e-08,True,0.0
volatility,repr_grid,expanding,1,24,0.0001,46,0,276,2.5045807659298394e-08,True,0.0
volatility,repr_grid,expanding,1,25,0.0001,47,0,270,2.3542548773097035e-08,True,0.0
volatility,repr_grid,expanding,1,26,0.0001,47,0,269,1.970342675738805e-08,True,0.0
volatility,repr_grid,expanding,3,0,0.0001,73,0,305,1.846918126371996e-08,True,0.0
volatility,repr_grid,expanding,3,1,0.0001,73,0,403,9.370818248322239e-09,True,0.0
volatility,repr_grid,expanding,3,2,0.0001,69,0,517,9.571496632746772e-08,True,0.0
volatility,repr_grid,expanding,3,3,0.0001,71,0,483,3.331911913348766e-08,True,0.0
volatility,repr_grid,expanding,3,4,0.0001,70,0,219,3.988920654729215e-08,True,0.0
volatility,repr_grid,expanding,3,5,0.0001,71,0,283,1.2869009226507837e-08,True,0.0
volatility,repr_grid,expanding,3,6,0.0001,69,0,285,5.49589811393722e-08,True,0.0
volatility,repr_grid,expanding,3,7,0.0001,69,0,259,2.8141237317300914e-08,True,0.0
volatility,repr_grid,expanding,3,8,0.0001,66,0,263,2.985450226236803e-08,True,0.0
volatility,repr_grid,expanding,3,9,0.0001,74,0,338,2.4184264043671764e-07,True,0.0
volatility,repr_grid,expanding,3,10,0.0001,71,0,190,4.733809208083509e-08,True,0.0
volatility,repr_grid,expanding,3,11,0.0001,73,0,180,6.076786618937572e-08,True,0.0
volatility,repr_grid,expanding,3,12,0.0001,80,0,198,3.4136901117011317e-08,True,0.0
volatility,repr_grid,expanding,3,13,0.0001,79,0,182,4.506178366501886e-08,True,0.0
volatility,repr_grid,expanding,3,14,0.0001,78,0,181,4.097509729331469e-08,True,0.0
volatility,repr_grid,expanding,3,15,0.0001,78,0,178,5.5430431349920755e-08,True,0.0
volatility,repr_grid,expanding,3,16,0.0001,74,0,185,3.9930678688766064e-08,True,0.0
volatility,repr_grid,expanding,3,17,0.0001,72,0,175,7.833210994099828e-08,True,0.0
volatility,repr_grid,expanding,3,18,0.0001,71,0,174,8.838558814406111e-08,True,0.0
volatility,repr_grid,expanding,3,19,0.0001,71,0,174,8.570168160892192e-08,True,0.0
volatility,repr_grid,expanding,3,20,0.0001,73,0,185,6.001701171557146e-08,True,0.0
volatility,repr_grid,expanding,3,21,0.0001,70,0,186,5.942294344226426e-08,True,0.0
volatility,repr_grid,expanding,3,22,0.0001,71,0,184,5.5427794729303526e-08,True,0.0
volatility,repr_grid,expanding,3,23,0.0001,73,0,189,5.276668673990545e-08,True,0.0
volatility,repr_grid,expanding,3,24,0.0001,73,0,189,4.77460070949347e-08,True,0.0
volatility,repr_grid,expanding,3,25,0.0001,76,0,190,4.98278487264158e-08,True,0.0
volatility,repr_grid,expanding,3,26,0.0001,72,0,195,4.764087945677471e-08,True,0.0
volatility,repr_grid,expanding,5,0,0.0001,79,0,521,1.2035846073542759e-08,True,0.0
volatility,repr_grid,expanding,5,1,0.0001,77,0,407,2.478337105157937e-07,True,0.0
volatility,repr_grid,expanding,5,2,0.0001,75,0,361,3.1233843891875354e-08,True,0.0
volatility,repr_grid,expanding,5,3,0.0001,73,0,503,1.2404886274288252e-07,True,0.0
volatility,repr_grid,expanding,5,4,0.0001,81,0,232,3.712397795011467e-08,True,0.0
volatility,repr_grid,expanding,5,5,0.0001,79,0,337,3.1876229406154625e-08,True,0.0
volatility,repr_grid,expanding,5,6,0.0001,84,0,443,1.8371794318229532e-08,True,0.0
volatility,repr_grid,expanding,5,7,0.0001,78,0,258,4.4395626710859897e-08,True,0.0
volatility,repr_grid,expanding,5,8,0.0001,75,0,323,4.081037770347813e-08,True,0.0
volatility,repr_grid,expanding,5,9,0.0001,75,0,444,3.438728795548119e-07,True,0.0
volatility,repr_grid,expanding,5,10,0.0001,78,0,205,1.1873681751372463e-07,True,0.0
volatility,repr_grid,expanding,5,11,0.0001,83,0,207,2.687944985883158e-07,True,0.0
volatility,repr_grid,expanding,5,12,0.0001,83,0,213,3.6161172489275947e-07,True,0.0
volatility,repr_grid,expanding,5,13,0.0001,85,0,202,2.8689537684310294e-07,True,0.0
volatility,repr_grid,expanding,5,14,0.0001,84,0,203,1.5090092702720583e-07,True,0.0
volatility,repr_grid,expanding,5,15,0.0001,85,0,207,1.3875586062138355e-07,True,0.0
volatility,repr_grid,expanding,5,16,0.0001,77,0,209,1.2956391442063835e-07,True,0.0
volatility,repr_grid,expanding,5,17,0.0001,80,0,212,1.1012562391479027e-07,True,0.0
volatility,repr_grid,expanding,5,18,0.0001,84,0,208,1.3753392477517563e-07,True,0.0
volatility,repr_grid,expanding,5,19,0.0001,81,0,208,1.348840571881881e-07,True,0.0
volatility,repr_grid,expanding,5,20,0.0001,80,0,219,1.1688051921466723e-07,True,0.0
volatility,repr_grid,expanding,5,21,0.0001,80,0,221,1.0887044558167773e-07,True,0.0
volatility,repr_grid,expanding,5,22,0.0001,80,0,217,1.185698309805719e-07,True,0.0
volatility,repr_grid,expanding,5,23,0.0001,81,0,222,1.0048018192614441e-07,True,0.0
volatility,repr_grid,expanding,5,24,0.0001,81,0,220,1.0209655402910711e-07,True,0.0
volatility,repr_grid,expanding,5,25,0.0001,81,0,224,9.439647033716535e-08,True,0.0
volatility,repr_grid,expanding,5,26,0.0001,79,0,229,8.544307051497134e-08,True,0.0
volatility,repr_grid,rolling_9m_3m,1,0,0.0001,64,0,699,2.4222740683080987e-09,True,0.0
volatility,repr_grid,rolling_9m_3m,1,1,0.0001,58,0,424,6.713098160390668e-09,True,0.0
volatility,repr_grid,rolling_9m_3m,1,2,0.0001,53,0,552,1.7899213042663246e-09,True,0.0
volatility,repr_grid,rolling_9m_3m,1,3,0.0001,62,0,428,7.385998642084804e-10,True,0.0
volatility,repr_grid,rolling_9m_3m,1,4,0.0001,51,0,257,1.6545837474676888e-09,True,0.0
volatility,repr_grid,rolling_9m_3m,1,5,0.0001,49,0,260,1.0116445292174004e-09,True,0.0
volatility,repr_grid,rolling_9m_3m,1,6,0.0001,51,0,285,5.657831179975028e-10,True,0.0
volatility,repr_grid,rolling_9m_3m,1,7,0.0001,53,0,187,9.421670731742022e-10,True,0.0
volatility,repr_grid,rolling_9m_3m,1,8,0.0001,48,0,226,1.0432975960402201e-08,True,0.0
volatility,repr_grid,rolling_9m_3m,1,9,0.0001,49,0,595,1.126419862911897e-09,True,0.0
volatility,repr_grid,rolling_9m_3m,1,10,0.0001,63,0,338,4.873302056175136e-09,True,0.0
volatility,repr_grid,rolling_9m_3m,1,11,0.0001,53,0,351,3.3421176814213805e-09,True,0.0
volatility,repr_grid,rolling_9m_3m,1,12,0.0001,62,0,191,1.3778067371119346e-09,True,0.0
volatility,repr_grid,rolling_9m_3m,1,13,0.0001,46,0,275,7.072106984812143e-10,True,0.0
volatility,repr_grid,rolling_9m_3m,1,14,0.0001,66,0,183,1.2345384292618362e-07,True,0.0
volatility,repr_grid,rolling_9m_3m,1,15,0.0001,74,0,215,2.6923835747093895e-07,True,0.0
volatility,repr_grid,rolling_9m_3m,1,16,0.0001,74,0,233,3.107038691597409e-07,True,0.0
volatility,repr_grid,rolling_9m_3m,1,17,0.0001,67,0,189,1.910105603545149e-08,True,0.0
volatility,repr_grid,rolling_9m_3m,1,18,0.0001,60,0,231,2.8849540764038322e-08,True,0.0
volatility,repr_grid,rolling_9m_3m,1,19,0.0001,56,0,173,3.6743218759721675e-08,True,0.0
volatility,repr_grid,rolling_9m_3m,1,20,0.0001,64,0,223,7.558180161623032e-09,True,0.0
volatility,repr_grid,rolling_9m_3m,1,21,0.0001,54,0,223,2.917542853651947e-09,True,0.0
volatility,repr_grid,rolling_9m_3m,1,22,0.0001,53,0,303,9.453127701424241e-09,True,0.0
volatility,repr_grid,rolling_9m_3m,1,23,0.0001,58,0,196,8.368519698346351e-09,True,0.0
volatility,repr_grid,rolling_9m_3m,1,24,0.001,6,0,95,5.965985495025657e-09,True,0.0
volatility,repr_grid,rolling_9m_3m,1,25,0.0001,58,0,314,1.5863326527624873e-07,True,0.0
volatility,repr_grid,rolling_9m_3m,1,26,0.0001,47,0,272,4.845198074249008e-08,True,0.0
volatility,repr_grid,rolling_9m_3m,1,27,0.0001,51,0,266,7.515908810194629e-09,True,0.0
volatility,repr_grid,rolling_9m_3m,1,28,0.0001,54,0,361,2.409126713892287e-09,True,0.0
volatility,repr_grid,rolling_9m_3m,1,29,0.0001,44,0,325,5.140440661119964e-10,True,0.0
volatility,repr_grid,rolling_9m_3m,1,30,0.0001,43,0,375,1.00672099280019e-09,True,0.0
volatility,repr_grid,rolling_9m_3m,1,31,0.0001,54,0,208,1.0874810642655149e-08,True,0.0
volatility,repr_grid,rolling_9m_3m,3,0,0.0001,75,0,153,2.4285319624511967e-08,True,0.0
volatility,repr_grid,rolling_9m_3m,3,1,0.001,13,0,90,1.7012072272359977e-08,True,0.0
volatility,repr_grid,rolling_9m_3m,3,2,0.001,13,0,187,3.6189661425808715e-09,True,0.0
volatility,repr_grid,rolling_9m_3m,3,3,0.001,13,0,200,1.4485106145611875e-08,True,0.0
volatility,repr_grid,rolling_9m_3m,3,4,0.001,11,0,192,1.338506634199042e-08,True,0.0
volatility,repr_grid,rolling_9m_3m,3,5,0.001,7,0,138,6.970075913689124e-09,True,0.0
volatility,repr_grid,rolling_9m_3m,3,6,0.001,11,0,129,1.817425492455317e-08,True,0.0
volatility,repr_grid,rolling_9m_3m,3,7,0.001,7,0,104,1.2215500758738485e-08,True,0.0
volatility,repr_grid,rolling_9m_3m,3,8,0.001,10,0,153,9.003708861711421e-09,True,0.0
volatility,repr_grid,rolling_9m_3m,3,9,0.001,9,0,155,3.49712997478437e-08,True,0.0
volatility,repr_grid,rolling_9m_3m,3,10,0.001,12,0,234,1.4566772601528833e-08,True,0.0
volatility,repr_grid,rolling_9m_3m,3,11,0.001,11,0,234,5.008957412362288e-09,True,0.0
volatility,repr_grid,rolling_9m_3m,3,12,0.001,7,0,166,1.0034148633339063e-08,True,0.0
volatility,repr_grid,rolling_9m_3m,3,13,0.001,11,0,137,9.607819462034452e-09,True,0.0
volatility,repr_grid,rolling_9m_3m,3,14,0.0001,76,0,276,2.2340979588827923e-07,True,0.0
volatility,repr_grid,rolling_9m_3m,3,15,0.0001,78,0,259,4.844250530506965e-07,True,0.0
volatility,repr_grid,rolling_9m_3m,3,16,0.0001,87,0,236,5.671401343345098e-07,True,0.0
volatility,repr_grid,rolling_9m_3m,3,17,0.0001,84,0,378,9.35557117899482e-08,True,0.0
volatility,repr_grid,rolling_9m_3m,3,18,0.001,11,0,189,1.0346551389375574e-08,True,0.0
volatility,repr_grid,rolling_9m_3m,3,19,0.001,16,0,156,1.1206143945317238e-08,True,0.0
volatility,repr_grid,rolling_9m_3m,3,20,0.001,13,0,246,7.885521326097719e-09,True,0.0
volatility,repr_grid,rolling_9m_3m,3,21,0.001,9,0,149,4.2676263042368254e-09,True,0.0
volatility,repr_grid,rolling_9m_3m,3,22,0.0001,70,0,532,1.7295790546513933e-08,True,0.0
volatility,repr_grid,rolling_9m_3m,3,23,0.001,18,0,143,8.75835552055164e-08,True,0.0
volatility,repr_grid,rolling_9m_3m,3,24,0.001,17,0,268,2.3725374269479746e-08,True,0.0
volatility,repr_grid,rolling_9m_3m,3,25,0.001,14,0,128,6.98825617218834e-08,True,0.0
volatility,repr_grid,rolling_9m_3m,3,26,0.001,13,0,143,1.4003066234625919e-08,True,0.0
volatility,repr_grid,rolling_9m_3m,3,27,0.0001,68,0,467,1.8968315409277922e-08,True,0.0
volatility,repr_grid,rolling_9m_3m,3,28,0.001,11,0,152,1.762353885753122e-08,True,0.0
volatility,repr_grid,rolling_9m_3m,3,29,0.001,11,0,128,1.4427011174846583e-08,True,0.0
volatility,repr_grid,rolling_9m_3m,3,30,0.001,10,0,139,8.855331929720827e-09,True,0.0
volatility,repr_grid,rolling_9m_3m,3,31,0.0001,74,0,623,2.9507265791358778e-08,True,0.0
volatility,repr_grid,rolling_9m_3m,5,0,0.0001,82,0,178,1.3411134297883905e-07,True,0.0
volatility,repr_grid,rolling_9m_3m,5,1,0.001,22,0,89,2.369729987874889e-08,True,0.0
volatility,repr_grid,rolling_9m_3m,5,2,0.001,19,0,222,1.2558073404670933e-08,True,0.0
volatility,repr_grid,rolling_9m_3m,5,3,0.001,20,0,202,3.480096560369142e-08,True,0.0
volatility,repr_grid,rolling_9m_3m,5,4,0.001,16,0,172,5.2631846734178064e-08,True,0.0
volatility,repr_grid,rolling_9m_3m,5,5,0.001,15,0,140,2.0069537542245864e-08,True,0.0
volatility,repr_grid,rolling_9m_3m,5,6,0.001,16,0,116,3.6325616247563326e-08,True,0.0
volatility,repr_grid,rolling_9m_3m,5,7,0.001,12,0,149,4.558040260152822e-09,True,0.0
volatility,repr_grid,rolling_9m_3m,5,8,0.001,16,0,235,6.506916377602628e-09,True,0.0
volatility,repr_grid,rolling_9m_3m,5,9,0.001,11,0,256,2.4795357199596934e-08,True,0.0
volatility,repr_grid,rolling_9m_3m,5,10,0.001,20,0,429,1.0644581030456707e-08,True,0.0
volatility,repr_grid,rolling_9m_3m,5,11,0.001,16,0,231,4.2293803955183856e-08,True,0.0
volatility,repr_grid,rolling_9m_3m,5,12,0.001,11,0,165,2.330286137891252e-08,True,0.0
volatility,repr_grid,rolling_9m_3m,5,13,0.001,13,0,129,1.888481598012872e-08,True,0.0
volatility,repr_grid,rolling_9m_3m,5,14,0.0001,85,0,372,5.03145141596136e-07,True,0.0
volatility,repr_grid,rolling_9m_3m,5,15,0.0001,85,0,365,6.626253790813745e-07,True,0.0
volatility,repr_grid,rolling_9m_3m,5,16,0.0001,86,0,315,7.85752503900744e-07,True,0.0
volatility,repr_grid,rolling_9m_3m,5,17,0.0001,86,0,313,5.817992101230764e-08,True,0.0
volatility,repr_grid,rolling_9m_3m,5,18,0.001,18,0,280,3.559629995480493e-08,True,0.0
volatility,repr_grid,rolling_9m_3m,5,19,0.001,23,0,136,6.650287428798448e-08,True,0.0
volatility,repr_grid,rolling_9m_3m,5,20,0.001,19,0,96,1.6093529162379363e-08,True,0.0
volatility,repr_grid,rolling_9m_3m,5,21,0.001,14,0,159,9.25607520167464e-09,True,0.0
volatility,repr_grid,rolling_9m_3m,5,22,0.0001,78,0,604,2.5716697181371523e-08,True,0.0
volatility,repr_grid,rolling_9m_3m,5,23,0.001,24,0,179,1.3357357477264706e-07,True,0.0
volatility,repr_grid,rolling_9m_3m,5,24,0.001,21,1,244,4.7056167156679746e-08,True,0.0
volatility,repr_grid,rolling_9m_3m,5,25,0.001,21,0,129,1.6036617881842621e-07,True,0.0
volatility,repr_grid,rolling_9m_3m,5,26,0.001,16,0,165,3.465196893684442e-08,True,0.0
volatility,repr_grid,rolling_9m_3m,5,27,0.001,16,0,167,4.381596325854352e-08,True,0.0
volatility,repr_grid,rolling_9m_3m,5,28,0.001,22,0,192,2.057730916568621e-08,True,0.0
volatility,repr_grid,rolling_9m_3m,5,29,0.001,17,0,146,1.842511403927713e-08,True,0.0
volatility,repr_grid,rolling_9m_3m,5,30,0.001,18,0,157,2.2148067999717028e-08,True,0.0
volatility,repr_grid,rolling_9m_3m,5,31,0.001,15,0,129,6.877288419340304e-08,True,0.0
volatility,repr_grid_raw,expanding,1,0,0.0001,54,0,98,4.0839838537824485e-08,True,0.0
volatility,repr_grid_raw,expanding,1,1,0.0001,53,0,93,3.8683329236113325e-08,True,0.0
volatility,repr_grid_raw,expanding,1,2,0.0001,54,0,101,3.6355108151984556e-08,True,0.0
volatility,repr_grid_raw,expanding,1,3,0.0001,56,0,105,3.375977479882488e-08,True,0.0
volatility,repr_grid_raw,expanding,1,4,0.0001,48,0,111,5.3137001948611353e-08,True,0.0
volatility,repr_grid_raw,expanding,1,5,0.0001,46,0,99,4.184694050662444e-08,True,0.0
volatility,repr_grid_raw,expanding,1,6,0.0001,50,0,99,4.180567133035421e-08,True,0.0
volatility,repr_grid_raw,expanding,1,7,0.0001,49,0,103,3.150541948691072e-08,True,0.0
volatility,repr_grid_raw,expanding,1,8,0.0001,49,0,99,3.701130733018492e-08,True,0.0
volatility,repr_grid_raw,expanding,1,9,0.0001,46,0,120,1.270066811010561e-07,True,0.0
volatility,repr_grid_raw,expanding,1,10,0.0001,52,0,143,1.2910445203056872e-07,True,0.0
volatility,repr_grid_raw,expanding,1,11,0.0001,52,0,148,1.3676759366022137e-07,True,0.0
volatility,repr_grid_raw,expanding,1,12,0.0001,51,0,145,1.395635960560565e-07,True,0.0
volatility,repr_grid_raw,expanding,1,13,0.0001,57,0,149,1.3932241993027248e-07,True,0.0
volatility,repr_grid_raw,expanding,1,14,0.0001,57,0,145,1.369070660673504e-07,True,0.0
volatility,repr_grid_raw,expanding,1,15,0.0001,59,0,142,1.359050446570677e-07,True,0.0
volatility,repr_grid_raw,expanding,1,16,0.0001,58,0,140,1.314191171411511e-07,True,0.0
volatility,repr_grid_raw,expanding,1,17,0.0001,56,0,141,1.346593212175236e-07,True,0.0
volatility,repr_grid_raw,expanding,1,18,0.0001,57,0,144,1.4112790586790756e-07,True,0.0
volatility,repr_grid_raw,expanding,1,19,0.0001,57,0,145,1.4410178451489152e-07,True,0.0
volatility,repr_grid_raw,expanding,1,20,0.0001,57,0,150,1.3569695133693442e-07,True,0.0
volatility,repr_grid_raw,expanding,1,21,0.0001,59,0,151,1.431078920816886e-07,True,0.0
volatility,repr_grid_raw,expanding,1,22,0.0001,55,0,149,1.3895635885791596e-07,True,0.0
volatility,repr_grid_raw,expanding,1,23,0.0001,53,0,152,1.3371593595713781e-07,True,0.0
volatility,repr_grid_raw,expanding,1,24,0.0001,53,0,152,1.3309990201843256e-07,True,0.0
volatility,repr_grid_raw,expanding,1,25,0.0001,51,0,150,1.369511789495012e-07,True,0.0
volatility,repr_grid_raw,expanding,1,26,0.0001,53,0,147,1.3844094850368792e-07,True,0.0
volatility,repr_grid_raw,expanding,3,0,0.0001,72,0,121,1.877088512695475e-07,True,0.0
volatility,repr_grid_raw,expanding,3,1,0.0001,70,0,118,1.8144606112939567e-07,True,0.0
volatility,repr_grid_raw,expanding,3,2,0.0001,68,0,123,1.8166176081283368e-07,True,0.0
volatility,repr_grid_raw,expanding,3,3,0.0001,68,0,125,1.9441729048375048e-07,True,0.0
volatility,repr_grid_raw,expanding,3,4,0.0001,75,0,130,2.0442661540160356e-07,True,0.0
volatility,repr_grid_raw,expanding,3,5,0.0001,72,0,116,1.871362844519148e-07,True,0.0
volatility,repr_grid_raw,expanding,3,6,0.0001,75,0,117,1.910685838587827e-07,True,0.0
volatility,repr_grid_raw,expanding,3,7,0.0001,74,0,114,1.4928869298945847e-07,True,0.0
volatility,repr_grid_raw,expanding,3,8,0.0001,74,0,113,1.733913751081796e-07,True,0.0
volatility,repr_grid_raw,expanding,3,9,0.0001,76,0,141,2.090375472474021e-07,True,0.0
volatility,repr_grid_raw,expanding,3,10,0.0001,74,0,176,2.490359688650333e-07,True,0.0
volatility,repr_grid_raw,expanding,3,11,0.0001,72,0,185,2.513940729554475e-07,True,0.0
volatility,repr_grid_raw,expanding,3,12,0.0001,73,0,189,2.6661605570814884e-07,True,0.0
volatility,repr_grid_raw,expanding,3,13,0.0001,71,0,189,2.4374126788761755e-07,True,0.0
volatility,repr_grid_raw,expanding,3,14,0.0001,71,0,185,2.4195382592654136e-07,True,0.0
volatility,repr_grid_raw,expanding,3,15,0.0001,72,0,181,2.499578696998546e-07,True,0.0
volatility,repr_grid_raw,expanding,3,16,0.0001,70,0,180,2.5928202884775094e-07,True,0.0
volatility,repr_grid_raw,expanding,3,17,0.0001,71,0,183,2.648947554343015e-07,True,0.0
volatility,repr_grid_raw,expanding,3,18,0.0001,74,0,189,2.7731799432353104e-07,True,0.0
volatility,repr_grid_raw,expanding,3,19,0.0001,72,0,192,2.632913977508939e-07,True,0.0
volatility,repr_grid_raw,expanding,3,20,0.0001,71,0,195,2.7926984324563055e-07,True,0.0
volatility,repr_grid_raw,expanding,3,21,0.0001,70,0,195,2.7332964867068574e-07,True,0.0
volatility,repr_grid_raw,expanding,3,22,0.0001,70,0,193,2.6803505377299984e-07,True,0.0
volatility,repr_grid_raw,expanding,3,23,0.0001,73,0,191,2.524595317278464e-07,True,0.0
volatility,repr_grid_raw,expanding,3,24,0.0001,72,0,185,2.630844194574919e-07,True,0.0
volatility,repr_grid_raw,expanding,3,25,0.0001,72,0,184,2.5755388515991186e-07,True,0.0
volatility,repr_grid_raw,expanding,3,26,0.0001,70,0,180,2.5925821178249415e-07,True,0.0
volatility,repr_grid_raw,expanding,5,0,0.0001,72,0,104,1.720328227202581e-07,True,0.0
volatility,repr_grid_raw,expanding,5,1,0.0001,76,0,126,2.788474501063838e-07,True,0.0
volatility,repr_grid_raw,expanding,5,2,0.0001,75,0,132,2.6851067985546753e-07,True,0.0
volatility,repr_grid_raw,expanding,5,3,0.0001,80,0,139,2.684349668765444e-07,True,0.0
volatility,repr_grid_raw,expanding,5,4,0.0001,83,0,125,1.6821314878679374e-07,True,0.0
volatility,repr_grid_raw,expanding,5,5,0.0001,85,0,117,2.5371046144717844e-07,True,0.0
volatility,repr_grid_raw,expanding,5,6,0.0001,83,0,117,2.478803879853781e-07,True,0.0
volatility,repr_grid_raw,expanding,5,7,0.0001,81,0,120,2.3895485270907243e-07,True,0.0
volatility,repr_grid_raw,expanding,5,8,0.0001,81,0,115,2.9323058056591645e-07,True,0.0
volatility,repr_grid_raw,expanding,5,9,0.0001,83,0,163,2.7071966104784356e-07,True,0.0
volatility,repr_grid_raw,expanding,5,10,0.0001,77,0,178,3.6418650672112887e-07,True,0.0
volatility,repr_grid_raw,expanding,5,11,0.0001,76,0,194,3.504728575885197e-07,True,0.0
volatility,repr_grid_raw,expanding,5,12,0.0001,76,0,205,3.7612982743391447e-07,True,0.0
volatility,repr_grid_raw,expanding,5,13,0.0001,77,0,209,3.156633451936564e-07,True,0.0
volatility,repr_grid_raw,expanding,5,14,0.0001,77,0,199,3.499944478358833e-07,True,0.0
volatility,repr_grid_raw,expanding,5,15,0.0001,79,0,200,3.500324245478521e-07,True,0.0
volatility,repr_grid_raw,expanding,5,16,0.0001,77,0,202,3.4575712125511196e-07,True,0.0
volatility,repr_grid_raw,expanding,5,17,0.0001,80,0,207,3.661534030933376e-07,True,0.0
volatility,repr_grid_raw,expanding,5,18,0.0001,82,0,213,3.555101267769959e-07,True,0.0
volatility,repr_grid_raw,expanding,5,19,0.0001,80,0,215,3.6623641535324953e-07,True,0.0
volatility,repr_grid_raw,expanding,5,20,0.0001,80,0,217,3.522676336587011e-07,True,0.0
volatility,repr_grid_raw,expanding,5,21,0.0001,80,0,216,3.852178801822208e-07,True,0.0
volatility,repr_grid_raw,expanding,5,22,0.0001,78,0,215,3.4002106101864847e-07,True,0.0
volatility,repr_grid_raw,expanding,5,23,0.0001,77,0,214,2.693668324117761e-07,True,0.0
volatility,repr_grid_raw,expanding,5,24,0.0001,76,0,205,3.2074794336221025e-07,True,0.0
volatility,repr_grid_raw,expanding,5,25,0.0001,77,0,202,3.597119932765426e-07,True,0.0
volatility,repr_grid_raw,expanding,5,26,0.0001,76,0,192,3.453390894928941e-07,True,0.0
volatility,repr_grid_raw,rolling_9m_3m,1,0,0.0001,65,0,68,1.4628221350419666e-08,True,0.0
volatility,repr_grid_raw,rolling_9m_3m,1,1,0.0001,56,0,62,6.083727392230888e-09,True,0.0
volatility,repr_grid_raw,rolling_9m_3m,1,2,0.0001,58,0,106,8.034648623917291e-09,True,0.0
volatility,repr_grid_raw,rolling_9m_3m,1,3,0.001,9,0,65,3.111166222686155e-09,True,0.0
volatility,repr_grid_raw,rolling_9m_3m,1,4,0.001,8,0,67,3.198071658672554e-09,True,0.0
volatility,repr_grid_raw,rolling_9m_3m,1,5,0.0001,48,0,89,1.44928370488309e-08,True,0.0
volatility,repr_grid_raw,rolling_9m_3m,1,6,0.0001,50,0,76,5.126676866268492e-09,True,0.0
volatility,repr_grid_raw,rolling_9m_3m,1,7,0.0001,53,0,71,1.7259067486246914e-08,True,0.0
volatility,repr_grid_raw,rolling_9m_3m,1,8,0.0001,51,0,69,1.5184620221371768e-08,True,0.0
volatility,repr_grid_raw,rolling_9m_3m,1,9,0.0001,53,0,413,3.4642713388148717e-09,True,0.0
volatility,repr_grid_raw,rolling_9m_3m,1,10,0.0001,57,0,328,5.484866000762159e-09,True,0.0
volatility,repr_grid_raw,rolling_9m_3m,1,11,0.0001,59,0,126,1.763928358088068e-08,True,0.0
volatility,repr_grid_raw,rolling_9m_3m,1,12,0.0001,57,0,79,2.6850188886478943e-08,True,0.0
volatility,repr_grid_raw,rolling_9m_3m,1,13,0.0001,48,0,91,2.08167694265199e-09,True,0.0
volatility,repr_grid_raw,rolling_9m_3m,1,14,0.0001,70,0,291,2.1036882504928596e-07,True,0.0
volatility,repr_grid_raw,rolling_9m_3m,1,15,0.0001,66,0,314,2.679746569681483e-07,True,0.0
volatility,repr_grid_raw,rolling_9m_3m,1,16,0.0001,70,0,254,3.1421961562941165e-07,True,0.0
volatility,repr_grid_raw,rolling_9m_3m,1,17,0.0001,66,0,262,4.345895204218775e-09,True,0.0
volatility,repr_grid_raw,rolling_9m_3m,1,18,0.0001,56,0,159,5.377153932550538e-08,True,0.0
volatility,repr_grid_raw,rolling_9m_3m,1,19,0.0001,59,0,101,4.6746704960819317e-08,True,0.0
volatility,repr_grid_raw,rolling_9m_3m,1,20,0.0001,63,0,111,1.2645469204077887e-08,True,0.0
volatility,repr_grid_raw,rolling_9m_3m,1,21,0.0001,51,0,117,1.462722382050585e-08,True,0.0
volatility,repr_grid_raw,rolling_9m_3m,1,22,0.0001,60,0,174,8.792098337327315e-08,True,0.0
volatility,repr_grid_raw,rolling_9m_3m,1,23,0.0001,62,0,248,1.0999145664413734e-07,True,0.0
volatility,repr_grid_raw,rolling_9m_3m,1,24,0.001,11,0,148,1.7695387048975238e-08,True,0.0
volatility,repr_grid_raw,rolling_9m_3m,1,25,0.0001,60,0,208,8.970705610984355e-08,True,0.0
volatility,repr_grid_raw,rolling_9m_3m,1,26,0.0001,50,0,237,7.806986226463578e-08,True,0.0
volatility,repr_grid_raw,rolling_9m_3m,1,27,0.0001,52,0,181,7.855505918092488e-08,True,0.0
volatility,repr_grid_raw,rolling_9m_3m,1,28,0.0001,58,0,137,2.2300543734725043e-08,True,0.0
volatility,repr_grid_raw,rolling_9m_3m,1,29,0.0001,58,0,107,7.570349227887266e-09,True,0.0
volatility,repr_grid_raw,rolling_9m_3m,1,30,0.0001,48,0,120,6.34092195858711e-09,True,0.0
volatility,repr_grid_raw,rolling_9m_3m,1,31,0.0001,55,0,115,7.452095448049147e-09,True,0.0
volatility,repr_grid_raw,rolling_9m_3m,3,0,0.0001,82,0,104,1.9220971313200904e-07,True,0.0
volatility,repr_grid_raw,rolling_9m_3m,3,1,0.001,17,0,90,1.279378632300536e-08,True,0.0
volatility,repr_grid_raw,rolling_9m_3m,3,2,0.001,17,0,104,1.2911965438290562e-08,True,0.0
volatility,repr_grid_raw,rolling_9m_3m,3,3,0.001,14,0,116,1.944355391015053e-08,True,0.0
volatility,repr_grid_raw,rolling_9m_3m,3,4,0.001,16,0,120,1.4401720079963196e-08,True,0.0
volatility,repr_grid_raw,rolling_9m_3m,3,5,0.001,9,0,102,1.8423803242468998e-08,True,0.0
volatility,repr_grid_raw,rolling_9m_3m,3,6,0.001,13,0,118,1.0289540737938348e-08,True,0.0
volatility,repr_grid_raw,rolling_9m_3m,3,7,0.001,13,0,110,1.3690940896287487e-08,True,0.0
volatility,repr_grid_raw,rolling_9m_3m,3,8,0.001,13,0,113,7.566329945211595e-09,True,0.0
volatility,repr_grid_raw,rolling_9m_3m,3,9,0.001,18,0,158,2.7464799743479967e-08,True,0.0
volatility,repr_grid_raw,rolling_9m_3m,3,10,0.001,17,0,129,2.1653664214755935e-08,True,0.0
volatility,repr_grid_raw,rolling_9m_3m,3,11,0.001,18,0,80,5.032068115439722e-08,True,0.0
volatility,repr_grid_raw,rolling_9m_3m,3,12,0.001,14,0,72,3.0964630769560377e-08,True,0.0
volatility,repr_grid_raw,rolling_9m_3m,3,13,0.001,13,0,95,8.017465293886428e-09,True,0.0
volatility,repr_grid_raw,rolling_9m_3m,3,14,0.0001,81,0,338,3.7051245638134907e-07,True,0.0
volatility,repr_grid_raw,rolling_9m_3m,3,15,0.0001,74,0,394,4.800885211179079e-07,True,0.0
volatility,repr_grid_raw,rolling_9m_3m,3,16,0.0001,80,0,356,5.672307919785967e-07,True,0.0
volatility,repr_grid_raw,rolling_9m_3m,3,17,0.0001,81,0,400,2.3178544108597294e-07,True,0.0
volatility,repr_grid_raw,rolling_9m_3m,3,18,0.001,14,0,125,2.928928156838483e-08,True,0.0
volatility,repr_grid_raw,rolling_9m_3m,3,19,0.001,18,0,134,1.0944875582835302e-08,True,0.0
volatility,repr_grid_raw,rolling_9m_3m,3,20,0.001,17,0,74,2.211475205406729e-08,True,0.0
volatility,repr_grid_raw,rolling_9m_3m,3,21,0.001,15,0,112,1.1743638819508047e-08,True,0.0
volatility,repr_grid_raw,rolling_9m_3m,3,22,0.0001,79,0,234,2.6311358716558003e-07,True,0.0
volatility,repr_grid_raw,rolling_9m_3m,3,23,0.001,20,0,173,9.168174568303996e-08,True,0.0
volatility,repr_grid_raw,rolling_9m_3m,3,24,0.001,19,0,155,7.336159107240596e-08,True,0.0
volatility,repr_grid_raw,rolling_9m_3m,3,25,0.001,20,0,244,5.172353457135901e-08,True,0.0
volatility,repr_grid_raw,rolling_9m_3m,3,26,0.001,18,0,267,2.0465211611573795e-08,True,0.0
volatility,repr_grid_raw,rolling_9m_3m,3,27,0.001,20,0,208,1.7026463860904004e-08,True,0.0
volatility,repr_grid_raw,rolling_9m_3m,3,28,0.001,14,0,129,1.6166977811047326e-08,True,0.0
volatility,repr_grid_raw,rolling_9m_3m,3,29,0.001,14,0,100,1.342363242218074e-08,True,0.0
volatility,repr_grid_raw,rolling_9m_3m,3,30,0.001,15,0,115,1.0875885063019015e-08,True,0.0
volatility,repr_grid_raw,rolling_9m_3m,3,31,0.001,14,0,100,1.5434054697798575e-08,True,0.0
volatility,repr_grid_raw,rolling_9m_3m,5,0,0.001,20,0,93,3.511943310774134e-08,True,0.0
volatility,repr_grid_raw,rolling_9m_3m,5,1,0.001,25,0,98,2.8414738648927822e-08,True,0.0
volatility,repr_grid_raw,rolling_9m_3m,5,2,0.001,21,0,104,2.9008526161377766e-08,True,0.0
volatility,repr_grid_raw,rolling_9m_3m,5,3,0.001,17,0,101,7.08334814879253e-08,True,0.0
volatility,repr_grid_raw,rolling_9m_3m,5,4,0.001,18,0,137,2.3960687131985916e-08,True,0.0
volatility,repr_grid_raw,rolling_9m_3m,5,5,0.001,15,0,123,3.099871695183018e-08,True,0.0
volatility,repr_grid_raw,rolling_9m_3m,5,6,0.001,18,0,128,1.6056682764230643e-08,True,0.0
volatility,repr_grid_raw,rolling_9m_3m,5,7,0.001,18,0,124,1.8975189978684327e-08,True,0.0
volatility,repr_grid_raw,rolling_9m_3m,5,8,0.001,20,0,117,1.4967687314166537e-08,True,0.0
volatility,repr_grid_raw,rolling_9m_3m,5,9,0.001,17,0,161,5.1345407031379376e-08,True,0.0
volatility,repr_grid_raw,rolling_9m_3m,5,10,0.001,24,0,97,1.1757011183121917e-07,True,0.0
volatility,repr_grid_raw,rolling_9m_3m,5,11,0.001,25,0,86,1.1185620358094206e-07,True,0.0
volatility,repr_grid_raw,rolling_9m_3m,5,12,0.001,17,0,66,5.6317695308391746e-08,True,0.0
volatility,repr_grid_raw,rolling_9m_3m,5,13,0.001,16,0,104,1.552973830467184e-08,True,0.0
volatility,repr_grid_raw,rolling_9m_3m,5,14,0.0001,86,0,433,4.924147290342568e-07,True,0.0
volatility,repr_grid_raw,rolling_9m_3m,5,15,0.0001,82,0,463,6.554437542736737e-07,True,0.0
volatility,repr_grid_raw,rolling_9m_3m,5,16,0.0001,80,0,300,6.020598840697903e-07,True,0.0
volatility,repr_grid_raw,rolling_9m_3m,5,17,0.0001,82,0,303,5.696090463894839e-07,True,0.0
volatility,repr_grid_raw,rolling_9m_3m,5,18,0.001,20,0,148,3.015859703015267e-08,True,0.0
volatility,repr_grid_raw,rolling_9m_3m,5,19,0.001,24,0,141,1.972025981718377e-08,True,0.0
volatility,repr_grid_raw,rolling_9m_3m,5,20,0.001,19,0,97,2.5556336243072885e-08,True,0.0
volatility,repr_grid_raw,rolling_9m_3m,5,21,0.001,16,0,97,2.241135862690876e-08,True,0.0
volatility,repr_grid_raw,rolling_9m_3m,5,22,0.0001,80,0,312,3.590202489671434e-07,True,0.0
volatility,repr_grid_raw,rolling_9m_3m,5,23,0.001,26,0,181,1.457105326150741e-07,True,0.0
volatility,repr_grid_raw,rolling_9m_3m,5,24,0.001,30,0,183,1.5027284867029438e-07,True,0.0
volatility,repr_grid_raw,rolling_9m_3m,5,25,0.001,28,0,229,1.4401360012586657e-07,True,0.0
volatility,repr_grid_raw,rolling_9m_3m,5,26,0.001,22,0,274,4.280235695207264e-08,True,0.0
volatility,repr_grid_raw,rolling_9m_3m,5,27,0.001,21,0,194,3.725085011527751e-08,True,0.0
volatility,repr_grid_raw,rolling_9m_3m,5,28,0.001,23,0,131,3.324728622158973e-08,True,0.0
volatility,repr_grid_raw,rolling_9m_3m,5,29,0.001,18,0,105,2.4181485665614937e-08,True,0.0
volatility,repr_grid_raw,rolling_9m_3m,5,30,0.001,21,0,107,2.2702507563124646e-08,True,0.0
volatility,repr_grid_raw,rolling_9m_3m,5,31,0.001,17,0,99,2.6227253344226347e-08,True,0.0
volatility,repr_svi,expanding,1,0,0.0001,58,0,19,1.4946031840310133e-08,True,0.0
volatility,repr_svi,expanding,1,1,0.0001,57,0,19,1.3087434293454392e-08,True,0.0
volatility,repr_svi,expanding,1,2,0.0001,63,0,22,1.2580130561525045e-08,True,0.0
volatility,repr_svi,expanding,1,3,0.0001,63,0,22,7.561347743998869e-09,True,0.0
volatility,repr_svi,expanding,1,4,0.0001,63,0,25,1.2654466763643174e-08,True,0.0
volatility,repr_svi,expanding,1,5,0.0001,63,0,25,8.976959358584475e-09,True,0.0
volatility,repr_svi,expanding,1,6,0.0001,66,0,25,9.43387302162047e-09,True,0.0
volatility,repr_svi,expanding,1,7,0.0001,63,0,25,1.1310264035235488e-08,True,0.0
volatility,repr_svi,expanding,1,8,0.0001,62,0,25,9.00452071316887e-09,True,0.0
volatility,repr_svi,expanding,1,9,0.0001,64,0,39,1.699608369011541e-08,True,0.0
volatility,repr_svi,expanding,1,10,0.0001,57,0,40,2.1714392270561548e-08,True,0.0
volatility,repr_svi,expanding,1,11,0.0001,61,0,38,2.7556941579364115e-08,True,0.0
volatility,repr_svi,expanding,1,12,0.0001,62,0,39,3.1657716347809066e-08,True,0.0
volatility,repr_svi,expanding,1,13,0.0001,64,0,38,3.198808586866344e-08,True,0.0
volatility,repr_svi,expanding,1,14,0.0001,64,0,38,2.6283667580635267e-08,True,0.0
volatility,repr_svi,expanding,1,15,0.0001,63,0,37,2.335927819769445e-08,True,0.0
volatility,repr_svi,expanding,1,16,0.0001,62,0,36,2.2106167965871253e-08,True,0.0
volatility,repr_svi,expanding,1,17,0.0001,63,0,35,2.130246189979477e-08,True,0.0
volatility,repr_svi,expanding,1,18,0.0001,62,0,33,2.1259891108108818e-08,True,0.0
volatility,repr_svi,expanding,1,19,0.0001,62,0,33,2.2449885211517642e-08,True,0.0
volatility,repr_svi,expanding,1,20,0.0001,64,0,32,2.2178644948525777e-08,True,0.0
volatility,repr_svi,expanding,1,21,0.0001,62,0,31,2.8039190875450312e-08,True,0.0
volatility,repr_svi,expanding,1,22,0.0001,59,0,31,2.4073458655584447e-08,True,0.0
volatility,repr_svi,expanding,1,23,0.0001,58,0,30,3.167943707707166e-08,True,0.0
volatility,repr_svi,expanding,1,24,0.0001,59,0,30,2.5280349852001868e-08,True,0.0
volatility,repr_svi,expanding,1,25,0.0001,59,0,29,3.151926188340982e-08,True,0.0
volatility,repr_svi,expanding,1,26,0.0001,57,0,29,2.539891139831441e-08,True,0.0
volatility,repr_svi,expanding,3,0,0.0001,78,0,24,5.9155765939391175e-08,True,0.0
volatility,repr_svi,expanding,3,1,0.0001,77,0,23,4.756604896742165e-08,True,0.0
volatility,repr_svi,expanding,3,2,0.0001,76,0,23,9.269511591528769e-08,True,0.0
volatility,repr_svi,expanding,3,3,0.0001,78,0,23,1.8138125494065176e-07,True,0.0
volatility,repr_svi,expanding,3,4,0.0001,77,0,34,2.687657935982486e-08,True,0.0
volatility,repr_svi,expanding,3,5,0.0001,81,0,36,2.9713411871463794e-08,True,0.0
volatility,repr_svi,expanding,3,6,0.0001,81,0,36,2.549782769703367e-08,True,0.0
volatility,repr_svi,expanding,3,7,0.0001,78,0,36,1.4210389350187006e-08,True,0.0
volatility,repr_svi,expanding,3,8,0.0001,77,0,36,1.5193207120702842e-08,True,0.0
volatility,repr_svi,expanding,3,9,0.0001,78,0,48,2.1659124972061546e-07,True,0.0
volatility,repr_svi,expanding,3,10,0.0001,76,0,45,2.271865121864528e-07,True,0.0
volatility,repr_svi,expanding,3,11,0.0001,78,0,44,1.5754594875992834e-07,True,0.0
volatility,repr_svi,expanding,3,12,0.0001,78,0,43,1.358404095168309e-07,True,0.0
volatility,repr_svi,expanding,3,13,0.0001,79,0,42,1.441032780724266e-07,True,0.0
volatility,repr_svi,expanding,3,14,0.0001,81,0,42,1.2908429348536086e-07,True,0.0
volatility,repr_svi,expanding,3,15,0.0001,81,0,42,1.21225312643961e-07,True,0.0
volatility,repr_svi,expanding,3,16,0.0001,79,0,41,1.267013803596463e-07,True,0.0
volatility,repr_svi,expanding,3,17,0.0001,76,0,41,1.2748706541027566e-07,True,0.0
volatility,repr_svi,expanding,3,18,0.0001,75,0,41,1.3785062659077335e-07,True,0.0
volatility,repr_svi,expanding,3,19,0.0001,77,0,40,1.242627275692973e-07,True,0.0
volatility,repr_svi,expanding,3,20,0.0001,78,0,39,1.3483195605462433e-07,True,0.0
volatility,repr_svi,expanding,3,21,0.0001,79,0,39,1.2633533132828076e-07,True,0.0
volatility,repr_svi,expanding,3,22,0.0001,78,0,40,9.653777969222809e-08,True,0.0
volatility,repr_svi,expanding,3,23,0.0001,76,0,40,9.279478611504999e-08,True,0.0
volatility,repr_svi,expanding,3,24,0.0001,76,0,41,7.678185209003656e-08,True,0.0
volatility,repr_svi,expanding,3,25,0.0001,76,0,41,7.341983112905485e-08,True,0.0
volatility,repr_svi,expanding,3,26,0.0001,74,0,41,7.067894849932016e-08,True,0.0
volatility,repr_svi,expanding,5,0,0.001,21,0,15,2.5424885135409113e-08,True,0.0
volatility,repr_svi,expanding,5,1,0.001,22,0,15,1.8205751015735835e-08,True,0.0
volatility,repr_svi,expanding,5,2,0.0001,79,0,25,1.4100673041623163e-07,True,0.0
volatility,repr_svi,expanding,5,3,0.001,21,0,15,2.0826317373903103e-08,True,0.0
volatility,repr_svi,expanding,5,4,0.0001,81,0,28,5.088463575147848e-08,True,0.0
volatility,repr_svi,expanding,5,5,0.0001,83,0,30,5.7861256148166656e-08,True,0.0
volatility,repr_svi,expanding,5,6,0.0001,84,0,30,5.9387107992543326e-08,True,0.0
volatility,repr_svi,expanding,5,7,0.001,17,0,18,3.164874596023614e-08,True,0.0
volatility,repr_svi,expanding,5,8,0.0001,80,0,30,8.116489790386046e-08,True,0.0
volatility,repr_svi,expanding,5,9,0.0001,83,0,48,3.1705297348347024e-07,True,0.0
volatility,repr_svi,expanding,5,10,0.0001,82,0,48,3.3532373481487307e-07,True,0.0
volatility,repr_svi,expanding,5,11,0.0001,82,0,43,3.629284883604168e-07,True,0.0
volatility,repr_svi,expanding,5,12,0.0001,81,0,43,3.1583578415282233e-07,True,0.0
volatility,repr_svi,expanding,5,13,0.0001,81,0,43,2.8413296223996797e-07,True,0.0
volatility,repr_svi,expanding,5,14,0.0001,82,0,42,2.9828656264311773e-07,True,0.0
volatility,repr_svi,expanding,5,15,0.0001,81,0,42,2.808579988783932e-07,True,0.0
volatility,repr_svi,expanding,5,16,0.0001,81,0,42,2.5787272893191863e-07,True,0.0
volatility,repr_svi,expanding,5,17,0.0001,77,0,42,1.21121551834128e-07,True,0.0
volatility,repr_svi,expanding,5,18,0.0001,78,0,42,2.782207791296175e-07,True,0.0
volatility,repr_svi,expanding,5,19,0.0001,80,0,41,2.570813846689913e-07,True,0.0
volatility,repr_svi,expanding,5,20,0.0001,83,0,40,2.726858206804796e-07,True,0.0
volatility,repr_svi,expanding,5,21,0.0001,80,0,38,2.2919331595968196e-07,True,0.0
volatility,repr_svi,expanding,5,22,0.0001,79,0,36,4.691224089753701e-08,True,0.0
volatility,repr_svi,expanding,5,23,0.0001,77,0,37,3.8947326790038e-08,True,0.0
volatility,repr_svi,expanding,5,24,0.0001,80,0,38,4.038569979670583e-08,True,0.0
volatility,repr_svi,expanding,5,25,0.0001,81,0,37,4.7130513007351816e-08,True,0.0
volatility,repr_svi,expanding,5,26,0.0001,78,0,38,2.775670546193012e-08,True,0.0
volatility,repr_svi,rolling_9m_3m,1,0,0.0001,71,0,25,3.305319369263349e-08,True,0.0
volatility,repr_svi,rolling_9m_3m,1,1,0.001,5,0,15,4.313381321519791e-10,True,0.0
volatility,repr_svi,rolling_9m_3m,1,2,0.001,5,0,16,5.646536287447877e-10,True,0.0
volatility,repr_svi,rolling_9m_3m,1,3,0.001,5,0,19,9.560139806899561e-10,True,0.0
volatility,repr_svi,rolling_9m_3m,1,4,0.001,4,0,23,1.0107723953166419e-09,True,0.0
volatility,repr_svi,rolling_9m_3m,1,5,0.001,4,0,20,6.814971100048937e-10,True,0.0
volatility,repr_svi,rolling_9m_3m,1,6,0.0001,60,0,27,7.592823967004479e-09,True,0.0
volatility,repr_svi,rolling_9m_3m,1,7,0.0001,64,0,27,9.969599752571888e-09,True,0.0
volatility,repr_svi,rolling_9m_3m,1,8,0.001,7,0,15,1.376678149527386e-09,True,0.0
volatility,repr_svi,rolling_9m_3m,1,9,0.001,6,0,23,2.636209855727347e-09,True,0.0
volatility,repr_svi,rolling_9m_3m,1,10,0.001,7,0,24,2.2240597497200504e-09,True,0.0
volatility,repr_svi,rolling_9m_3m,1,11,0.001,7,0,23,1.3772711252299462e-09,True,0.0
volatility,repr_svi,rolling_9m_3m,1,12,0.001,4,0,10,3.604619408901432e-10,True,0.0
volatility,repr_svi,rolling_9m_3m,1,13,0.001,4,0,16,3.286801078367827e-10,True,0.0
volatility,repr_svi,rolling_9m_3m,1,14,0.0001,76,0,64,1.7541457404549208e-07,True,0.0
volatility,repr_svi,rolling_9m_3m,1,15,0.0001,73,0,101,2.609141911039429e-07,True,0.0
volatility,repr_svi,rolling_9m_3m,1,16,0.0001,74,0,78,3.133681602485522e-07,True,0.0
volatility,repr_svi,rolling_9m_3m,1,17,0.0001,69,0,32,1.651346941946118e-07,True,0.0
volatility,repr_svi,rolling_9m_3m,1,18,0.0001,63,0,21,6.0787819049120096e-09,True,0.0
volatility,repr_svi,rolling_9m_3m,1,19,0.0001,68,0,20,6.744578351334459e-09,True,0.0
volatility,repr_svi,rolling_9m_3m,1,20,0.0001,60,0,20,2.3301949420054067e-08,True,0.0
volatility,repr_svi,rolling_9m_3m,1,21,0.0001,61,0,27,2.010357785891775e-09,True,0.0
volatility,repr_svi,rolling_9m_3m,1,22,0.0001,64,0,33,3.4584492124112726e-09,True,0.0
volatility,repr_svi,rolling_9m_3m,1,23,0.001,7,0,20,3.9607600885280524e-09,True,0.0
volatility,repr_svi,rolling_9m_3m,1,24,0.001,7,0,14,3.930330678824507e-09,True,0.0
volatility,repr_svi,rolling_9m_3m,1,25,0.001,8,0,15,3.686415633437954e-09,True,0.0
volatility,repr_svi,rolling_9m_3m,1,26,0.0001,60,0,31,2.9472910148005078e-09,True,0.0
volatility,repr_svi,rolling_9m_3m,1,27,0.0001,58,0,19,1.2336898416291002e-07,True,0.0
volatility,repr_svi,rolling_9m_3m,1,28,0.0001,59,0,20,4.933146207638312e-08,True,0.0
volatility,repr_svi,rolling_9m_3m,1,29,0.001,4,0,13,6.330670315368535e-10,True,0.0
volatility,repr_svi,rolling_9m_3m,1,30,0.001,4,0,11,9.099837878577227e-10,True,0.0
volatility,repr_svi,rolling_9m_3m,1,31,0.0001,60,0,16,1.2437744843567626e-08,True,0.0
volatility,repr_svi,rolling_9m_3m,3,0,0.001,15,0,16,1.502299982274241e-08,True,0.0
volatility,repr_svi,rolling_9m_3m,3,1,0.001,15,0,15,4.756090709336397e-09,True,0.0
volatility,repr_svi,rolling_9m_3m,3,2,0.001,14,0,16,5.0938119736064646e-09,True,0.0
volatility,repr_svi,rolling_9m_3m,3,3,0.001,18,0,21,1.6782128825515136e-08,True,0.0
volatility,repr_svi,rolling_9m_3m,3,4,0.001,11,0,22,7.875564336360945e-09,True,0.0
volatility,repr_svi,rolling_9m_3m,3,5,0.001,8,0,19,5.591438747898699e-09,True,0.0
volatility,repr_svi,rolling_9m_3m,3,6,0.001,15,0,16,6.4670987274951834e-09,True,0.0
volatility,repr_svi,rolling_9m_3m,3,7,0.001,14,0,23,3.890662816698308e-09,True,0.0
volatility,repr_svi,rolling_9m_3m,3,8,0.001,19,0,25,4.366580551472387e-09,True,0.0
volatility,repr_svi,rolling_9m_3m,3,9,0.001,15,0,25,2.1579612518265762e-08,True,0.0
volatility,repr_svi,rolling_9m_3m,3,10,0.001,17,0,26,3.237604522118443e-08,True,0.0
volatility,repr_svi,rolling_9m_3m,3,11,0.001,16,0,25,1.738827201671234e-08,True,0.0
volatility,repr_svi,rolling_9m_3m,3,12,0.001,13,0,14,1.7675810569112965e-08,True,0.0
volatility,repr_svi,rolling_9m_3m,3,13,0.001,16,0,17,3.9933867179077445e-09,True,0.0
volatility,repr_svi,rolling_9m_3m,3,14,0.0001,83,0,113,3.7288413356482714e-07,True,0.0
volatility,repr_svi,rolling_9m_3m,3,15,0.0001,81,0,122,4.866172053152257e-07,True,0.0
volatility,repr_svi,rolling_9m_3m,3,16,0.0001,82,0,104,5.401741350920889e-07,True,0.0
volatility,repr_svi,rolling_9m_3m,3,17,0.001,29,0,14,1.6442265275949644e-08,True,0.0
volatility,repr_svi,rolling_9m_3m,3,18,0.001,13,0,18,1.594376992275873e-08,True,0.0
volatility,repr_svi,rolling_9m_3m,3,19,0.001,17,0,18,1.5411916594392926e-08,True,0.0
volatility,repr_svi,rolling_9m_3m,3,20,0.001,13,0,20,4.8677012282469995e-09,True,0.0
volatility,repr_svi,rolling_9m_3m,3,21,0.001,13,0,18,6.437625856088277e-09,True,0.0
volatility,repr_svi,rolling_9m_3m,3,22,0.001,12,0,23,1.85499231447043e-08,True,0.0
volatility,repr_svi,rolling_9m_3m,3,23,0.001,19,0,25,3.5512223300364006e-08,True,0.0
volatility,repr_svi,rolling_9m_3m,3,24,0.001,23,0,20,5.499810564197543e-08,True,0.0
volatility,repr_svi,rolling_9m_3m,3,25,0.001,15,0,19,3.22215646926997e-08,True,0.0
volatility,repr_svi,rolling_9m_3m,3,26,0.001,18,0,19,1.3951449317626264e-08,True,0.0
volatility,repr_svi,rolling_9m_3m,3,27,0.001,17,0,20,1.3485183106604247e-08,True,0.0
volatility,repr_svi,rolling_9m_3m,3,28,0.001,14,0,18,6.593866657847187e-09,True,0.0
volatility,repr_svi,rolling_9m_3m,3,29,0.001,12,0,14,3.9074600187235194e-09,True,0.0
volatility,repr_svi,rolling_9m_3m,3,30,0.001,12,0,11,1.1564790073535209e-08,True,0.0
volatility,repr_svi,rolling_9m_3m,3,31,0.001,13,0,13,3.326844619083136e-09,True,0.0
volatility,repr_svi,rolling_9m_3m,5,0,0.001,25,0,16,3.276137830618414e-08,True,0.0
volatility,repr_svi,rolling_9m_3m,5,1,0.001,23,0,12,1.9334396187360836e-08,True,0.0
volatility,repr_svi,rolling_9m_3m,5,2,0.001,20,0,11,4.835592867541075e-08,True,0.0
volatility,repr_svi,rolling_9m_3m,5,3,0.001,27,0,27,4.2604753562598576e-08,True,0.0
volatility,repr_svi,rolling_9m_3m,5,4,0.001,14,0,23,1.2056065682570335e-08,True,0.0
volatility,repr_svi,rolling_9m_3m,5,5,0.001,15,0,19,1.0322659687393064e-08,True,0.0
volatility,repr_svi,rolling_9m_3m,5,6,0.001,24,0,15,1.3241721336069132e-08,True,0.0
volatility,repr_svi,rolling_9m_3m,5,7,0.001,23,0,24,4.1697117585739274e-09,True,0.0
volatility,repr_svi,rolling_9m_3m,5,8,0.001,24,0,24,9.161998249198255e-09,True,0.0
volatility,repr_svi,rolling_9m_3m,5,9,0.001,23,0,25,5.3737768115398075e-08,True,0.0
volatility,repr_svi,rolling_9m_3m,5,10,0.001,27,0,41,4.870529289312445e-08,True,0.0
volatility,repr_svi,rolling_9m_3m,5,11,0.001,29,0,34,3.615054471393066e-08,True,0.0
volatility,repr_svi,rolling_9m_3m,5,12,0.001,25,0,14,2.3903784256301672e-08,True,0.0
volatility,repr_svi,rolling_9m_3m,5,13,0.001,21,0,13,1.766898572435577e-08,True,0.0
volatility,repr_svi,rolling_9m_3m,5,14,0.0001,84,0,137,5.145008533169876e-07,True,0.0
volatility,repr_svi,rolling_9m_3m,5,15,0.0001,83,0,103,6.273585348362572e-07,True,0.0
volatility,repr_svi,rolling_9m_3m,5,16,0.0001,84,0,98,7.740248015540892e-07,True,0.0
volatility,repr_svi,rolling_9m_3m,5,17,0.001,36,0,14,7.699870974423392e-08,True,0.0
volatility,repr_svi,rolling_9m_3m,5,18,0.001,28,0,24,6.535385184350464e-08,True,0.0
volatility,repr_svi,rolling_9m_3m,5,19,0.001,27,0,18,3.9774426757138564e-08,True,0.0
volatility,repr_svi,rolling_9m_3m,5,20,0.001,30,0,19,3.153592833202019e-08,True,0.0
volatility,repr_svi,rolling_9m_3m,5,21,0.001,25,0,15,2.5778215406587888e-08,True,0.0
volatility,repr_svi,rolling_9m_3m,5,22,0.001,25,0,19,5.395923678072402e-08,True,0.0
volatility,repr_svi,rolling_9m_3m,5,23,0.001,33,0,26,1.0574439434809437e-07,True,0.0
volatility,repr_svi,rolling_9m_3m,5,24,0.001,33,0,21,1.6291981539589385e-07,True,0.0
volatility,repr_svi,rolling_9m_3m,5,25,0.001,29,0,20,7.992424175527153e-08,True,0.0
volatility,repr_svi,rolling_9m_3m,5,26,0.001,24,0,19,8.691800945783997e-08,True,0.0
volatility,repr_svi,rolling_9m_3m,5,27,0.001,22,0,20,4.657340313787977e-08,True,0.0
volatility,repr_svi,rolling_9m_3m,5,28,0.001,23,0,18,1.866151433680083e-08,True,0.0
volatility,repr_svi,rolling_9m_3m,5,29,0.001,20,0,14,7.547067537456711e-09,True,0.0
volatility,repr_svi,rolling_9m_3m,5,30,0.001,24,0,12,3.77677277092629e-08,True,0.0
volatility,repr_svi,rolling_9m_3m,5,31,0.001,23,0,12,3.306577393913535e-08,True,0.0
