target,model,feature_set,scheme,horizon,window,ic
return,ElasticNet,A,expanding,1,0,0.0
return,ElasticNet,A,expanding,1,1,0.0
return,ElasticNet,A,expanding,1,2,0.0
return,ElasticNet,A,expanding,1,3,0.0
return,ElasticNet,A,expanding,1,4,0.0
return,ElasticNet,A,expanding,1,5,0.0
return,ElasticNet,A,expanding,1,6,0.0
return,ElasticNet,A,expanding,1,7,0.0
return,ElasticNet,A,expanding,1,8,0.0
return,ElasticNet,A,expanding,1,9,0.0
return,ElasticNet,A,expanding,1,10,0.0
return,ElasticNet,A,expanding,1,11,0.0
return,ElasticNet,A,expanding,1,12,0.0
return,ElasticNet,A,expanding,1,13,0.0
return,ElasticNet,A,expanding,1,14,0.0
return,ElasticNet,A,expanding,1,15,0.0
return,ElasticNet,A,expanding,1,16,0.0
return,ElasticNet,A,expanding,1,17,0.0
return,ElasticNet,A,expanding,1,18,0.0
return,ElasticNet,A,expanding,1,19,0.0
return,ElasticNet,A,expanding,1,20,0.0
return,ElasticNet,A,expanding,1,21,0.0
return,ElasticNet,A,expanding,1,22,0.0
return,ElasticNet,A,expanding,1,23,0.0
return,ElasticNet,A,expanding,1,24,0.0
return,ElasticNet,A,expanding,1,25,0.0
return,ElasticNet,A,expanding,1,26,0.0
return,ElasticNet,A,rolling_9m_3m,1,0,0.022861737023255425
return,ElasticNet,A,rolling_9m_3m,1,1,-0.009787074275813679
return,ElasticNet,A,rolling_9m_3m,1,2,-0.021637814121631092
return,ElasticNet,A,rolling_9m_3m,1,3,0.011975976105006813
return,ElasticNet,A,rolling_9m_3m,1,4,0.0
return,ElasticNet,A,rolling_9m_3m,1,5,0.0
return,ElasticNet,A,rolling_9m_3m,1,6,0.008852960175580562
return,ElasticNet,A,rolling_9m_3m,1,7,-0.02067288069775653
return,ElasticNet,A,rolling_9m_3m,1,8,0.010090322021584944
return,ElasticNet,A,rolling_9m_3m,1,9,0.0
return,ElasticNet,A,rolling_9m_3m,1,10,0.0
return,ElasticNet,A,rolling_9m_3m,1,11,0.0
return,ElasticNet,A,rolling_9m_3m,1,12,0.0
return,ElasticNet,A,rolling_9m_3m,1,13,0.0
return,ElasticNet,A,rolling_9m_3m,1,14,-0.04524442355763136
return,ElasticNet,A,rolling_9m_3m,1,15,0.0318035244161139
return,ElasticNet,A,rolling_9m_3m,1,16,0.050651051256107436
return,ElasticNet,A,rolling_9m_3m,1,17,-0.060660754826445666
return,ElasticNet,A,rolling_9m_3m,1,18,0.03619450259446423
return,ElasticNet,A,rolling_9m_3m,1,19,-0.005672478358188895
return,ElasticNet,A,rolling_9m_3m,1,20,0.0
return,ElasticNet,A,rolling_9m_3m,1,21,0.0
return,ElasticNet,A,rolling_9m_3m,1,22,0.0
return,ElasticNet,A,rolling_9m_3m,1,23,0.0
return,ElasticNet,A,rolling_9m_3m,1,24,0.0
return,ElasticNet,A,rolling_9m_3m,1,25,-0.02022432851936943
return,ElasticNet,A,rolling_9m_3m,1,26,0.02796129228673736
return,ElasticNet,A,rolling_9m_3m,1,27,0.02260127996703793
return,ElasticNet,A,rolling_9m_3m,1,28,0.010119792571388259
return,ElasticNet,A,rolling_9m_3m,1,29,0.0
return,ElasticNet,A,rolling_9m_3m,1,30,0.0
return,ElasticNet,A,rolling_9m_3m,1,31,0.022083971463599812
return,OLS,A,expanding,1,0,-0.006852871681259599
return,OLS,A,expanding,1,1,-0.011204383414298549
return,OLS,A,expanding,1,2,0.03810683924725489
return,OLS,A,expanding,1,3,-0.03716298051754605
return,OLS,A,expanding,1,4,0.041468887133815364
return,OLS,A,expanding,1,5,0.016343134079291933
return,OLS,A,expanding,1,6,-0.023601012544370515
return,OLS,A,expanding,1,7,-0.007452978290275215
return,OLS,A,expanding,1,8,0.005851182937403171
return,OLS,A,expanding,1,9,0.03893825194930003
return,OLS,A,expanding,1,10,0.04543273606941644
return,OLS,A,expanding,1,11,0.00282567222337075
return,OLS,A,expanding,1,12,-0.04998983624657557
return,OLS,A,expanding,1,13,0.04032080660267442
return,OLS,A,expanding,1,14,0.03115339831529825
return,OLS,A,expanding,1,15,0.02127055369513874
return,OLS,A,expanding,1,16,-0.0562892408132822
return,OLS,A,expanding,1,17,0.0012490928214262049
return,OLS,A,expanding,1,18,0.016709853861172536
return,OLS,A,expanding,1,19,-0.0180007525293646
return,OLS,A,expanding,1,20,0.012974810420473316
return,OLS,A,expanding,1,21,0.0727334930798963
return,OLS,A,expanding,1,22,0.047729454576552956
return,OLS,A,expanding,1,23,0.02236477621882645
return,OLS,A,expanding,1,24,0.003056369878767722
return,OLS,A,expanding,1,25,0.02048490661111037
return,OLS,A,expanding,1,26,0.026765057868489005
return,OLS,A,rolling_9m_3m,1,0,-0.032647671819601765
return,OLS,A,rolling_9m_3m,1,1,-0.04204373818364257
return,OLS,A,rolling_9m_3m,1,2,0.010675718334848568
return,OLS,A,rolling_9m_3m,1,3,0.032129205069855754
return,OLS,A,rolling_9m_3m,1,4,0.046071102435968035
return,OLS,A,rolling_9m_3m,1,5,0.0018279836865083055
return,OLS,A,rolling_9m_3m,1,6,-0.010671177113140385
return,OLS,A,rolling_9m_3m,1,7,0.0518263754675837
return,OLS,A,rolling_9m_3m,1,8,-0.019283323395150317
return,OLS,A,rolling_9m_3m,1,9,0.009072263929503843
return,OLS,A,rolling_9m_3m,1,10,0.06105977140305749
return,OLS,A,rolling_9m_3m,1,11,0.032687652102314536
return,OLS,A,rolling_9m_3m,1,12,-0.04779826142731392
return,OLS,A,rolling_9m_3m,1,13,0.03472236713846994
return,OLS,A,rolling_9m_3m,1,14,0.03402755351835577
return,OLS,A,rolling_9m_3m,1,15,0.023066523130318276
return,OLS,A,rolling_9m_3m,1,16,0.003828695621516238
return,OLS,A,rolling_9m_3m,1,17,-0.02010486254840739
return,OLS,A,rolling_9m_3m,1,18,0.02042081655651639
return,OLS,A,rolling_9m_3m,1,19,0.002884076152293876
return,OLS,A,rolling_9m_3m,1,20,-0.009650987575368981
return,OLS,A,rolling_9m_3m,1,21,-0.002470766347245128
return,OLS,A,rolling_9m_3m,1,22,0.05395210280199883
return,OLS,A,rolling_9m_3m,1,23,0.01896667999460841
return,OLS,A,rolling_9m_3m,1,24,-0.027690037930400056
return,OLS,A,rolling_9m_3m,1,25,-0.03443755673813571
return,OLS,A,rolling_9m_3m,1,26,-0.011512960236604544
return,OLS,A,rolling_9m_3m,1,27,0.01801633751661706
return,OLS,A,rolling_9m_3m,1,28,0.01526521331695713
return,OLS,A,rolling_9m_3m,1,29,0.015092069755071033
return,OLS,A,rolling_9m_3m,1,30,0.022837039916175996
return,OLS,A,rolling_9m_3m,1,31,0.05327866866565334
return,XGBoost,A,expanding,1,0,-0.013068498714001493
return,XGBoost,A,expanding,1,1,-0.03450026966500118
return,XGBoost,A,expanding,1,2,0.0416903821020249
return,XGBoost,A,expanding,1,3,0.03529793829305637
return,XGBoost,A,expanding,1,4,-0.019408225161127224
return,XGBoost,A,expanding,1,5,0.026773421583083504
return,XGBoost,A,expanding,1,6,-0.025844766066904723
return,XGBoost,A,expanding,1,7,0.005513748051701257
return,XGBoost,A,expanding,1,8,-0.037438468024417665
return,XGBoost,A,expanding,1,9,-0.016608322878088166
return,XGBoost,A,expanding,1,10,0.023141552334756926
return,XGBoost,A,expanding,1,11,-0.036209157538943326
return,XGBoost,A,expanding,1,12,0.00011601155287423633
return,XGBoost,A,expanding,1,13,0.016376611270083906
return,XGBoost,A,expanding,1,14,0.0028219995666579857
return,XGBoost,A,expanding,1,15,0.017940630546993692
return,XGBoost,A,expanding,1,16,-0.012146042128271266
return,XGBoost,A,expanding,1,17,0.009767460583289828
return,XGBoost,A,expanding,1,18,0.03042461231109664
return,XGBoost,A,expanding,1,19,-0.0019474993670757208
return,XGBoost,A,expanding,1,20,0.034450729443209455
return,XGBoost,A,expanding,1,21,0.04050681234197927
return,XGBoost,A,expanding,1,22,0.020157737594902785
return,XGBoost,A,expanding,1,23,-0.008697503325846458
return,XGBoost,A,expanding,1,24,0.027094312556329426
return,XGBoost,A,expanding,1,25,0.026797614059693102
return,XGBoost,A,expanding,1,26,-1.5087544380036688e-05
return,XGBoost,A,rolling_9m_3m,1,0,-0.015867835816575075
return,XGBoost,A,rolling_9m_3m,1,1,-0.012198880806267891
return,XGBoost,A,rolling_9m_3m,1,2,-0.00962843198470496
return,XGBoost,A,rolling_9m_3m,1,3,0.00597005506790966
return,XGBoost,A,rolling_9m_3m,1,4,0.05003952110117427
return,XGBoost,A,rolling_9m_3m,1,5,0.02289878917897862
return,XGBoost,A,rolling_9m_3m,1,6,-0.014736130177609075
return,XGBoost,A,rolling_9m_3m,1,7,0.0022180730957512326
return,XGBoost,A,rolling_9m_3m,1,8,0.032201541182210205
return,XGBoost,A,rolling_9m_3m,1,9,0.01302972150999641
return,XGBoost,A,rolling_9m_3m,1,10,0.03013499845657298
return,XGBoost,A,rolling_9m_3m,1,11,0.011954520516191955
return,XGBoost,A,rolling_9m_3m,1,12,-0.03992890196683438
return,XGBoost,A,rolling_9m_3m,1,13,0.04746755329010724
return,XGBoost,A,rolling_9m_3m,1,14,0.036660963913897775
return,XGBoost,A,rolling_9m_3m,1,15,-0.0020389123424054607
return,XGBoost,A,rolling_9m_3m,1,16,-0.01282360814526893
return,XGBoost,A,rolling_9m_3m,1,17,-0.011902669990869452
return,XGBoost,A,rolling_9m_3m,1,18,0.03297721020862313
return,XGBoost,A,rolling_9m_3m,1,19,0.006604923762758806
return,XGBoost,A,rolling_9m_3m,1,20,0.041684049433847625
return,XGBoost,A,rolling_9m_3m,1,21,-0.02788551800321425
return,XGBoost,A,rolling_9m_3m,1,22,0.010967067827577271
return,XGBoost,A,rolling_9m_3m,1,23,-0.018060071366132704
return,XGBoost,A,rolling_9m_3m,1,24,-0.030487561395664154
return,XGBoost,A,rolling_9m_3m,1,25,-0.006288183843290128
return,XGBoost,A,rolling_9m_3m,1,26,0.015806060014755218
return,XGBoost,A,rolling_9m_3m,1,27,0.011606648911682175
return,XGBoost,A,rolling_9m_3m,1,28,0.02466682712049235
return,XGBoost,A,rolling_9m_3m,1,29,-0.01132887565552035
return,XGBoost,A,rolling_9m_3m,1,30,-0.009388032266242824
return,XGBoost,A,rolling_9m_3m,1,31,-0.004510587704563972
return,ElasticNet,B,expanding,1,0,0.0
return,ElasticNet,B,expanding,1,1,0.0
return,ElasticNet,B,expanding,1,2,0.0
return,ElasticNet,B,expanding,1,3,0.0
return,ElasticNet,B,expanding,1,4,0.0
return,ElasticNet,B,expanding,1,5,0.0
return,ElasticNet,B,expanding,1,6,0.0
return,ElasticNet,B,expanding,1,7,0.0
return,ElasticNet,B,expanding,1,8,0.016858372486180506
return,ElasticNet,B,expanding,1,9,0.0
return,ElasticNet,B,expanding,1,10,0.0
return,ElasticNet,B,expanding,1,11,0.0
return,ElasticNet,B,expanding,1,12,0.0
return,ElasticNet,B,expanding,1,13,0.0
return,ElasticNet,B,expanding,1,14,0.0
return,ElasticNet,B,expanding,1,15,0.0
return,ElasticNet,B,expanding,1,16,0.0
return,ElasticNet,B,expanding,1,17,0.0
return,ElasticNet,B,expanding,1,18,0.0
return,ElasticNet,B,expanding,1,19,0.0
return,ElasticNet,B,expanding,1,20,0.0
return,ElasticNet,B,expanding,1,21,0.0
return,ElasticNet,B,expanding,1,22,0.0
return,ElasticNet,B,expanding,1,23,0.0
return,ElasticNet,B,expanding,1,24,0.0
return,ElasticNet,B,expanding,1,25,0.0
return,ElasticNet,B,expanding,1,26,0.0
return,ElasticNet,B,rolling_9m_3m,1,0,0.022861737023255425
return,ElasticNet,B,rolling_9m_3m,1,1,0.0
return,ElasticNet,B,rolling_9m_3m,1,2,0.017774976993930245
return,ElasticNet,B,rolling_9m_3m,1,3,0.025018239832516206
return,ElasticNet,B,rolling_9m_3m,1,4,0.0
return,ElasticNet,B,rolling_9m_3m,1,5,0.0
return,ElasticNet,B,rolling_9m_3m,1,6,0.008852960175580562
return,ElasticNet,B,rolling_9m_3m,1,7,-0.02067288069775653
return,ElasticNet,B,rolling_9m_3m,1,8,-0.04361554498113527
return,ElasticNet,B,rolling_9m_3m,1,9,0.0
return,ElasticNet,B,rolling_9m_3m,1,10,0.0
return,ElasticNet,B,rolling_9m_3m,1,11,0.0
return,ElasticNet,B,rolling_9m_3m,1,12,0.0
return,ElasticNet,B,rolling_9m_3m,1,13,0.0
return,ElasticNet,B,rolling_9m_3m,1,14,0.0
return,ElasticNet,B,rolling_9m_3m,1,15,0.0
return,ElasticNet,B,rolling_9m_3m,1,16,0.0
return,ElasticNet,B,rolling_9m_3m,1,17,0.0
return,ElasticNet,B,rolling_9m_3m,1,18,0.024289058040446464
return,ElasticNet,B,rolling_9m_3m,1,19,-0.01623296384648864
return,ElasticNet,B,rolling_9m_3m,1,20,0.0
return,ElasticNet,B,rolling_9m_3m,1,21,0.0
return,ElasticNet,B,rolling_9m_3m,1,22,0.0
return,ElasticNet,B,rolling_9m_3m,1,23,0.0
return,ElasticNet,B,rolling_9m_3m,1,24,0.0
return,ElasticNet,B,rolling_9m_3m,1,25,0.0
return,ElasticNet,B,rolling_9m_3m,1,26,0.06485651882926469
return,ElasticNet,B,rolling_9m_3m,1,27,0.0
return,ElasticNet,B,rolling_9m_3m,1,28,0.010008485540338312
return,ElasticNet,B,rolling_9m_3m,1,29,0.02411207850003655
return,ElasticNet,B,rolling_9m_3m,1,30,0.0
return,ElasticNet,B,rolling_9m_3m,1,31,0.0
return,OLS,B,expanding,1,0,0.04001190021193377
return,OLS,B,expanding,1,1,-0.008986053036196548
return,OLS,B,expanding,1,2,0.04763659688270039
return,OLS,B,expanding,1,3,-0.03697957425520532
return,OLS,B,expanding,1,4,0.019660568235957642
return,OLS,B,expanding,1,5,-0.00195164320584626
return,OLS,B,expanding,1,6,-0.023887655867307477
return,OLS,B,expanding,1,7,0.03119502276206352
return,OLS,B,expanding,1,8,0.02679783465474013
return,OLS,B,expanding,1,9,0.043219442812791484
return,OLS,B,expanding,1,10,0.04568146430090433
return,OLS,B,expanding,1,11,0.016984586221691717
return,OLS,B,expanding,1,12,-0.02602969397232885
return,OLS,B,expanding,1,13,0.016720492708148505
return,OLS,B,expanding,1,14,-0.01428007257132278
return,OLS,B,expanding,1,15,0.016740172813265477
return,OLS,B,expanding,1,16,-0.04480971566539255
return,OLS,B,expanding,1,17,-0.027708348203907236
return,OLS,B,expanding,1,18,-0.0014527513469000228
return,OLS,B,expanding,1,19,-0.03972560457663329
return,OLS,B,expanding,1,20,0.023749327417760903
return,OLS,B,expanding,1,21,0.069348103096498
return,OLS,B,expanding,1,22,0.023283332712745467
return,OLS,B,expanding,1,23,0.008147844666986094
return,OLS,B,expanding,1,24,0.031030327976259476
return,OLS,B,expanding,1,25,0.02961023529129183
return,OLS,B,expanding,1,26,0.0035259822051010186
return,OLS,B,rolling_9m_3m,1,0,-0.039362457012219375
return,OLS,B,rolling_9m_3m,1,1,-0.02619863168318622
return,OLS,B,rolling_9m_3m,1,2,0.008616879968979078
return,OLS,B,rolling_9m_3m,1,3,-0.0019823906554294573
return,OLS,B,rolling_9m_3m,1,4,0.03627261911503301
return,OLS,B,rolling_9m_3m,1,5,0.061059487048066095
return,OLS,B,rolling_9m_3m,1,6,0.011704532784129465
return,OLS,B,rolling_9m_3m,1,7,0.06299710635422666
return,OLS,B,rolling_9m_3m,1,8,-0.039021810950278776
return,OLS,B,rolling_9m_3m,1,9,-0.009793335062771942
return,OLS,B,rolling_9m_3m,1,10,0.03403444740829976
return,OLS,B,rolling_9m_3m,1,11,0.01856923539335352
return,OLS,B,rolling_9m_3m,1,12,-0.01456679173004369
return,OLS,B,rolling_9m_3m,1,13,0.027937980802972336
return,OLS,B,rolling_9m_3m,1,14,0.03663325662182713
return,OLS,B,rolling_9m_3m,1,15,0.042396718471812866
return,OLS,B,rolling_9m_3m,1,16,0.04226381727353467
return,OLS,B,rolling_9m_3m,1,17,0.0031674669906084593
return,OLS,B,rolling_9m_3m,1,18,0.0010598660435841647
return,OLS,B,rolling_9m_3m,1,19,-0.004732305959060676
return,OLS,B,rolling_9m_3m,1,20,-2.379092108159454e-05
return,OLS,B,rolling_9m_3m,1,21,0.02684460240625814
return,OLS,B,rolling_9m_3m,1,22,0.03947233885579711
return,OLS,B,rolling_9m_3m,1,23,0.013470196880936862
return,OLS,B,rolling_9m_3m,1,24,-0.001273696431332317
return,OLS,B,rolling_9m_3m,1,25,-0.003264158373278843
return,OLS,B,rolling_9m_3m,1,26,-0.03208867915038948
return,OLS,B,rolling_9m_3m,1,27,-0.010655385401858064
return,OLS,B,rolling_9m_3m,1,28,0.01288037058333378
return,OLS,B,rolling_9m_3m,1,29,0.028688649242733996
return,OLS,B,rolling_9m_3m,1,30,0.03286341235875831
return,OLS,B,rolling_9m_3m,1,31,0.04050162508622334
return,XGBoost,B,expanding,1,0,0.03413375415405781
return,XGBoost,B,expanding,1,1,0.02689961716995527
return,XGBoost,B,expanding,1,2,-0.008414328186602727
return,XGBoost,B,expanding,1,3,-0.010596984271020765
return,XGBoost,B,expanding,1,4,-0.009353373341537857
return,XGBoost,B,expanding,1,5,-0.016678676123825238
return,XGBoost,B,expanding,1,6,-0.029921019970092316
return,XGBoost,B,expanding,1,7,0.015508185834229991
return,XGBoost,B,expanding,1,8,-0.0036165399960968953
return,XGBoost,B,expanding,1,9,-0.018257157511868384
return,XGBoost,B,expanding,1,10,-0.005665232762883709
return,XGBoost,B,expanding,1,11,-0.021910039443695413
return,XGBoost,B,expanding,1,12,-0.026636264806522963
return,XGBoost,B,expanding,1,13,-0.0014959508187297095
return,XGBoost,B,expanding,1,14,-0.01936180212917706
return,XGBoost,B,expanding,1,15,-0.007075427576284823
return,XGBoost,B,expanding,1,16,0.002908218505123707
return,XGBoost,B,expanding,1,17,-0.02892505108016553
return,XGBoost,B,expanding,1,18,0.043471339170264044
return,XGBoost,B,expanding,1,19,-0.0173926562181305
return,XGBoost,B,expanding,1,20,0.029441516789061616
return,XGBoost,B,expanding,1,21,0.07463436140124124
return,XGBoost,B,expanding,1,22,0.029272890304896524
return,XGBoost,B,expanding,1,23,-0.02394716618454621
return,XGBoost,B,expanding,1,24,0.0004904209122258092
return,XGBoost,B,expanding,1,25,0.030517946314745883
return,XGBoost,B,expanding,1,26,-0.014995011067082654
return,XGBoost,B,rolling_9m_3m,1,0,-0.008932153041568124
return,XGBoost,B,rolling_9m_3m,1,1,0.04969078472534245
return,XGBoost,B,rolling_9m_3m,1,2,0.01164011061568619
return,XGBoost,B,rolling_9m_3m,1,3,-0.018535612582898046
return,XGBoost,B,rolling_9m_3m,1,4,0.012347994848338985
return,XGBoost,B,rolling_9m_3m,1,5,0.028198309244652
return,XGBoost,B,rolling_9m_3m,1,6,0.016166411863475342
return,XGBoost,B,rolling_9m_3m,1,7,0.040941633606477026
return,XGBoost,B,rolling_9m_3m,1,8,0.00014072328637294761
return,XGBoost,B,rolling_9m_3m,1,9,0.04710219017786201
return,XGBoost,B,rolling_9m_3m,1,10,0.021893749958860616
return,XGBoost,B,rolling_9m_3m,1,11,0.01028234376403644
return,XGBoost,B,rolling_9m_3m,1,12,-0.0006211478234744178
return,XGBoost,B,rolling_9m_3m,1,13,-0.016232193582254834
return,XGBoost,B,rolling_9m_3m,1,14,0.009816765480250522
return,XGBoost,B,rolling_9m_3m,1,15,0.014926302247352365
return,XGBoost,B,rolling_9m_3m,1,16,0.026830202295831374
return,XGBoost,B,rolling_9m_3m,1,17,0.025743673877497267
return,XGBoost,B,rolling_9m_3m,1,18,0.005922329623232622
return,XGBoost,B,rolling_9m_3m,1,19,0.0166169563480821
return,XGBoost,B,rolling_9m_3m,1,20,-0.007963604275158288
return,XGBoost,B,rolling_9m_3m,1,21,0.025367805549798634
return,XGBoost,B,rolling_9m_3m,1,22,0.018665027047607148
return,XGBoost,B,rolling_9m_3m,1,23,0.005078610192348081
return,XGBoost,B,rolling_9m_3m,1,24,0.04584454943410869
return,XGBoost,B,rolling_9m_3m,1,25,-0.01958150271991412
return,XGBoost,B,rolling_9m_3m,1,26,0.042224151041050505
return,XGBoost,B,rolling_9m_3m,1,27,0.00816064931388608
return,XGBoost,B,rolling_9m_3m,1,28,0.018861163346154116
return,XGBoost,B,rolling_9m_3m,1,29,0.04810206388483239
return,XGBoost,B,rolling_9m_3m,1,30,0.03513850544338234
return,XGBoost,B,rolling_9m_3m,1,31,-0.033949795841606685
return,ElasticNet,C,expanding,1,0,0.0
return,ElasticNet,C,expanding,1,1,0.0
return,ElasticNet,C,expanding,1,2,0.0
return,ElasticNet,C,expanding,1,3,0.0
return,ElasticNet,C,expanding,1,4,0.0
return,ElasticNet,C,expanding,1,5,0.0
return,ElasticNet,C,expanding,1,6,0.0
return,ElasticNet,C,expanding,1,7,0.0
return,ElasticNet,C,expanding,1,8,0.0
return,ElasticNet,C,expanding,1,9,0.0
return,ElasticNet,C,expanding,1,10,0.0
return,ElasticNet,C,expanding,1,11,0.0
return,ElasticNet,C,expanding,1,12,0.0
return,ElasticNet,C,expanding,1,13,0.0
return,ElasticNet,C,expanding,1,14,0.0
return,ElasticNet,C,expanding,1,15,0.0
return,ElasticNet,C,expanding,1,16,0.0
return,ElasticNet,C,expanding,1,17,0.0
return,ElasticNet,C,expanding,1,18,0.0
return,ElasticNet,C,expanding,1,19,0.0
return,ElasticNet,C,expanding,1,20,0.0
return,ElasticNet,C,expanding,1,21,0.0
return,ElasticNet,C,expanding,1,22,0.0
return,ElasticNet,C,expanding,1,23,0.0
return,ElasticNet,C,expanding,1,24,0.0
return,ElasticNet,C,expanding,1,25,0.0
return,ElasticNet,C,expanding,1,26,0.0
return,ElasticNet,C,rolling_9m_3m,1,0,0.022861737023255425
return,ElasticNet,C,rolling_9m_3m,1,1,0.0
return,ElasticNet,C,rolling_9m_3m,1,2,-0.005502542821427973
return,ElasticNet,C,rolling_9m_3m,1,3,0.019140253595199556
return,ElasticNet,C,rolling_9m_3m,1,4,0.0
return,ElasticNet,C,rolling_9m_3m,1,5,0.0
return,ElasticNet,C,rolling_9m_3m,1,6,0.008852960175580562
return,ElasticNet,C,rolling_9m_3m,1,7,-0.02067288069775653
return,ElasticNet,C,rolling_9m_3m,1,8,-0.04360233396384157
return,ElasticNet,C,rolling_9m_3m,1,9,0.0
return,ElasticNet,C,rolling_9m_3m,1,10,0.0
return,ElasticNet,C,rolling_9m_3m,1,11,0.0
return,ElasticNet,C,rolling_9m_3m,1,12,0.0
return,ElasticNet,C,rolling_9m_3m,1,13,0.0
return,ElasticNet,C,rolling_9m_3m,1,14,0.0
return,ElasticNet,C,rolling_9m_3m,1,15,0.0
return,ElasticNet,C,rolling_9m_3m,1,16,0.0
return,ElasticNet,C,rolling_9m_3m,1,17,-0.060660754826445666
return,ElasticNet,C,rolling_9m_3m,1,18,0.024289058040446464
return,ElasticNet,C,rolling_9m_3m,1,19,-0.01623296384648864
return,ElasticNet,C,rolling_9m_3m,1,20,0.0002462193436846481
return,ElasticNet,C,rolling_9m_3m,1,21,0.0
return,ElasticNet,C,rolling_9m_3m,1,22,0.0
return,ElasticNet,C,rolling_9m_3m,1,23,0.0
return,ElasticNet,C,rolling_9m_3m,1,24,0.0
return,ElasticNet,C,rolling_9m_3m,1,25,0.0
return,ElasticNet,C,rolling_9m_3m,1,26,0.03745477822231915
return,ElasticNet,C,rolling_9m_3m,1,27,0.018428207349188645
return,ElasticNet,C,rolling_9m_3m,1,28,0.010035618532251642
return,ElasticNet,C,rolling_9m_3m,1,29,0.009585054160718125
return,ElasticNet,C,rolling_9m_3m,1,30,0.0
return,ElasticNet,C,rolling_9m_3m,1,31,0.0
return,OLS,C,expanding,1,0,-0.012090488355870009
return,OLS,C,expanding,1,1,-0.011496796112930195
return,OLS,C,expanding,1,2,0.022010966028035206
return,OLS,C,expanding,1,3,-0.04110279983014153
return,OLS,C,expanding,1,4,0.021509671587051492
return,OLS,C,expanding,1,5,-0.014884465753468166
return,OLS,C,expanding,1,6,-0.0199763040890361
return,OLS,C,expanding,1,7,0.0010914911843608723
return,OLS,C,expanding,1,8,0.02098227653531303
return,OLS,C,expanding,1,9,0.031824041935528104
return,OLS,C,expanding,1,10,0.05217522335001303
return,OLS,C,expanding,1,11,0.018871099777222226
return,OLS,C,expanding,1,12,-0.056263246440385696
return,OLS,C,expanding,1,13,0.015531375982264417
return,OLS,C,expanding,1,14,0.01705364243267712
return,OLS,C,expanding,1,15,0.013516417937654165
return,OLS,C,expanding,1,16,-0.05851197716255535
return,OLS,C,expanding,1,17,-0.023476603186143204
return,OLS,C,expanding,1,18,0.0196857294802444
return,OLS,C,expanding,1,19,-0.014425848670663594
return,OLS,C,expanding,1,20,0.01790141278706761
return,OLS,C,expanding,1,21,0.06662196605632513
return,OLS,C,expanding,1,22,0.029123225169565486
return,OLS,C,expanding,1,23,0.010517278322055266
return,OLS,C,expanding,1,24,0.008152224008670153
return,OLS,C,expanding,1,25,0.025530736128638334
return,OLS,C,expanding,1,26,0.02293829840722992
return,OLS,C,rolling_9m_3m,1,0,-0.03311713700115366
return,OLS,C,rolling_9m_3m,1,1,-0.03842214971550539
return,OLS,C,rolling_9m_3m,1,2,0.010315645017453022
return,OLS,C,rolling_9m_3m,1,3,0.016018056650372967
return,OLS,C,rolling_9m_3m,1,4,0.04030149801150089
return,OLS,C,rolling_9m_3m,1,5,0.00901594285008979
return,OLS,C,rolling_9m_3m,1,6,0.000873751197010078
return,OLS,C,rolling_9m_3m,1,7,0.04701704577485771
return,OLS,C,rolling_9m_3m,1,8,-0.031055027518184314
return,OLS,C,rolling_9m_3m,1,9,-0.0020388805203998437
return,OLS,C,rolling_9m_3m,1,10,0.04224026210031871
return,OLS,C,rolling_9m_3m,1,11,0.025211555026909655
return,OLS,C,rolling_9m_3m,1,12,-0.03801220124683408
return,OLS,C,rolling_9m_3m,1,13,0.027653207222934843
return,OLS,C,rolling_9m_3m,1,14,0.01819311872027239
return,OLS,C,rolling_9m_3m,1,15,0.04568833404204809
return,OLS,C,rolling_9m_3m,1,16,0.029493527702239758
return,OLS,C,rolling_9m_3m,1,17,-0.008516368564515505
return,OLS,C,rolling_9m_3m,1,18,0.0007640419585200413
return,OLS,C,rolling_9m_3m,1,19,0.011342929715749506
return,OLS,C,rolling_9m_3m,1,20,0.0038610024268967993
return,OLS,C,rolling_9m_3m,1,21,0.002247295235995554
return,OLS,C,rolling_9m_3m,1,22,0.028517610962618976
return,OLS,C,rolling_9m_3m,1,23,0.014280279385457223
return,OLS,C,rolling_9m_3m,1,24,-0.0016765924744506686
return,OLS,C,rolling_9m_3m,1,25,-0.0022103292593978457
return,OLS,C,rolling_9m_3m,1,26,-0.047329722504331324
return,OLS,C,rolling_9m_3m,1,27,-0.00743844831402105
return,OLS,C,rolling_9m_3m,1,28,0.015672674784637856
return,OLS,C,rolling_9m_3m,1,29,0.006001809168504826
return,OLS,C,rolling_9m_3m,1,30,0.027314507992285495
return,OLS,C,rolling_9m_3m,1,31,0.04705515893059028
return,XGBoost,C,expanding,1,0,-0.004483789949104245
return,XGBoost,C,expanding,1,1,0.0030360984664013226
return,XGBoost,C,expanding,1,2,-0.016305678731753103
return,XGBoost,C,expanding,1,3,-0.011939487465004868
return,XGBoost,C,expanding,1,4,-0.02268672871829668
return,XGBoost,C,expanding,1,5,0.0232935665496997
return,XGBoost,C,expanding,1,6,-0.0060663397155454775
return,XGBoost,C,expanding,1,7,0.04407868534241633
return,XGBoost,C,expanding,1,8,-0.009540604169121676
return,XGBoost,C,expanding,1,9,-0.0439726724226513
return,XGBoost,C,expanding,1,10,0.018068446090957948
return,XGBoost,C,expanding,1,11,-0.01480399907664572
return,XGBoost,C,expanding,1,12,-0.03628858084128501
return,XGBoost,C,expanding,1,13,-0.012492906190158458
return,XGBoost,C,expanding,1,14,-0.044384341030390656
return,XGBoost,C,expanding,1,15,0.031874228907270485
return,XGBoost,C,expanding,1,16,0.01873534486732889
return,XGBoost,C,expanding,1,17,-0.029182951954996178
return,XGBoost,C,expanding,1,18,0.04197666105297387
return,XGBoost,C,expanding,1,19,-0.01134623394380242
return,XGBoost,C,expanding,1,20,0.04326828874286926
return,XGBoost,C,expanding,1,21,0.03601193013138337
return,XGBoost,C,expanding,1,22,0.04202113667765973
return,XGBoost,C,expanding,1,23,0.0035464930606817725
return,XGBoost,C,expanding,1,24,-0.008180892753367103
return,XGBoost,C,expanding,1,25,0.019236410446579665
return,XGBoost,C,expanding,1,26,0.0020333986173331118
return,XGBoost,C,rolling_9m_3m,1,0,0.015345403806754246
return,XGBoost,C,rolling_9m_3m,1,1,0.028942818885046885
return,XGBoost,C,rolling_9m_3m,1,2,-0.0015827337981153369
return,XGBoost,C,rolling_9m_3m,1,3,-0.005360646185300752
return,XGBoost,C,rolling_9m_3m,1,4,0.015498543168491292
return,XGBoost,C,rolling_9m_3m,1,5,0.0016470858301842605
return,XGBoost,C,rolling_9m_3m,1,6,-0.012013865745273727
return,XGBoost,C,rolling_9m_3m,1,7,0.043949840805718475
return,XGBoost,C,rolling_9m_3m,1,8,-0.00561062975280462
return,XGBoost,C,rolling_9m_3m,1,9,-0.0025673002499485543
return,XGBoost,C,rolling_9m_3m,1,10,0.0004240429552882469
return,XGBoost,C,rolling_9m_3m,1,11,0.02683672784396926
return,XGBoost,C,rolling_9m_3m,1,12,-0.02693649709698513
return,XGBoost,C,rolling_9m_3m,1,13,-0.0025248345463101366
return,XGBoost,C,rolling_9m_3m,1,14,0.011737267966736525
return,XGBoost,C,rolling_9m_3m,1,15,0.018989418481159884
return,XGBoost,C,rolling_9m_3m,1,16,0.0353369340743539
return,XGBoost,C,rolling_9m_3m,1,17,-0.02935233039018998
return,XGBoost,C,rolling_9m_3m,1,18,0.025685557132685197
return,XGBoost,C,rolling_9m_3m,1,19,0.006971465548328201
return,XGBoost,C,rolling_9m_3m,1,20,0.06734114125307288
return,XGBoost,C,rolling_9m_3m,1,21,-0.0069926094619115415
return,XGBoost,C,rolling_9m_3m,1,22,0.013887894991771083
return,XGBoost,C,rolling_9m_3m,1,23,-0.012988836960462342
return,XGBoost,C,rolling_9m_3m,1,24,-0.026998800669698862
return,XGBoost,C,rolling_9m_3m,1,25,0.008010917872369697
return,XGBoost,C,rolling_9m_3m,1,26,0.07536964815098243
return,XGBoost,C,rolling_9m_3m,1,27,0.016105553651437853
return,XGBoost,C,rolling_9m_3m,1,28,0.0422797758408149
return,XGBoost,C,rolling_9m_3m,1,29,0.030690286894111827
return,XGBoost,C,rolling_9m_3m,1,30,0.015061868885416827
return,XGBoost,C,rolling_9m_3m,1,31,0.022472783064807756
return,ElasticNet,candidate_6,expanding,1,0,0.0
return,ElasticNet,candidate_6,expanding,1,1,0.0
return,ElasticNet,candidate_6,expanding,1,2,0.031385656499692494
return,ElasticNet,candidate_6,expanding,1,3,-0.036286825990329355
return,ElasticNet,candidate_6,expanding,1,4,0.015494233501296513
return,ElasticNet,candidate_6,expanding,1,5,-0.026017946339700844
return,ElasticNet,candidate_6,expanding,1,6,0.0
return,ElasticNet,candidate_6,expanding,1,7,0.056539483730369725
return,ElasticNet,candidate_6,expanding,1,8,-0.0038420770761704976
return,ElasticNet,candidate_6,expanding,1,9,0.0
return,ElasticNet,candidate_6,expanding,1,10,0.0
return,ElasticNet,candidate_6,expanding,1,11,0.0
return,ElasticNet,candidate_6,expanding,1,12,0.0
return,ElasticNet,candidate_6,expanding,1,13,0.0
return,ElasticNet,candidate_6,expanding,1,14,0.0
return,ElasticNet,candidate_6,expanding,1,15,0.0
return,ElasticNet,candidate_6,expanding,1,16,0.0
return,ElasticNet,candidate_6,expanding,1,17,0.0
return,ElasticNet,candidate_6,expanding,1,18,0.0
return,ElasticNet,candidate_6,expanding,1,19,0.0
return,ElasticNet,candidate_6,expanding,1,20,0.0
return,ElasticNet,candidate_6,expanding,1,21,0.0
return,ElasticNet,candidate_6,expanding,1,22,0.0011451373802469822
return,ElasticNet,candidate_6,expanding,1,23,0.005918990506074049
return,ElasticNet,candidate_6,expanding,1,24,0.008261353923090643
return,ElasticNet,candidate_6,expanding,1,25,0.021250008208677278
return,ElasticNet,candidate_6,expanding,1,26,-0.006340963678508848
return,ElasticNet,candidate_6,rolling_9m_3m,1,0,0.022861737023255425
return,ElasticNet,candidate_6,rolling_9m_3m,1,1,-0.038269901715853226
return,ElasticNet,candidate_6,rolling_9m_3m,1,2,0.028094458052460712
return,ElasticNet,candidate_6,rolling_9m_3m,1,3,0.006817581238462833
return,ElasticNet,candidate_6,rolling_9m_3m,1,4,0.0
return,ElasticNet,candidate_6,rolling_9m_3m,1,5,0.0
return,ElasticNet,candidate_6,rolling_9m_3m,1,6,0.008852960175580562
return,ElasticNet,candidate_6,rolling_9m_3m,1,7,0.06543008408441385
return,ElasticNet,candidate_6,rolling_9m_3m,1,8,-0.043614360712799755
return,ElasticNet,candidate_6,rolling_9m_3m,1,9,-0.03236344391392985
return,ElasticNet,candidate_6,rolling_9m_3m,1,10,0.0
return,ElasticNet,candidate_6,rolling_9m_3m,1,11,0.03439070283445948
return,ElasticNet,candidate_6,rolling_9m_3m,1,12,0.0
return,ElasticNet,candidate_6,rolling_9m_3m,1,13,0.0
return,ElasticNet,candidate_6,rolling_9m_3m,1,14,0.05226341200066446
return,ElasticNet,candidate_6,rolling_9m_3m,1,15,0.03344358147863987
return,ElasticNet,candidate_6,rolling_9m_3m,1,16,0.01278376193657562
return,ElasticNet,candidate_6,rolling_9m_3m,1,17,0.0
return,ElasticNet,candidate_6,rolling_9m_3m,1,18,0.010207480330603123
return,ElasticNet,candidate_6,rolling_9m_3m,1,19,-0.008732148343356942
return,ElasticNet,candidate_6,rolling_9m_3m,1,20,0.0
return,ElasticNet,candidate_6,rolling_9m_3m,1,21,0.0
return,ElasticNet,candidate_6,rolling_9m_3m,1,22,0.0
return,ElasticNet,candidate_6,rolling_9m_3m,1,23,0.0
return,ElasticNet,candidate_6,rolling_9m_3m,1,24,0.0
return,ElasticNet,candidate_6,rolling_9m_3m,1,25,0.0
return,ElasticNet,candidate_6,rolling_9m_3m,1,26,0.013620693142248558
return,ElasticNet,candidate_6,rolling_9m_3m,1,27,0.014624004809966064
return,ElasticNet,candidate_6,rolling_9m_3m,1,28,0.008358242831006195
return,ElasticNet,candidate_6,rolling_9m_3m,1,29,0.038341125265156865
return,ElasticNet,candidate_6,rolling_9m_3m,1,30,0.0
return,ElasticNet,candidate_6,rolling_9m_3m,1,31,0.0
return,OLS,candidate_6,expanding,1,0,0.043361549303634714
return,OLS,candidate_6,expanding,1,1,-0.00752630857381373
return,OLS,candidate_6,expanding,1,2,0.044777711499041764
return,OLS,candidate_6,expanding,1,3,-0.04355766703536556
return,OLS,candidate_6,expanding,1,4,0.020511207977078488
return,OLS,candidate_6,expanding,1,5,-0.0023222011456200693
return,OLS,candidate_6,expanding,1,6,-0.018076936392422464
return,OLS,candidate_6,expanding,1,7,0.023512501844845827
return,OLS,candidate_6,expanding,1,8,0.04416513904556748
return,OLS,candidate_6,expanding,1,9,0.0550561000616193
return,OLS,candidate_6,expanding,1,10,0.041089759294168825
return,OLS,candidate_6,expanding,1,11,0.005144155610351975
return,OLS,candidate_6,expanding,1,12,-0.012730078945120935
return,OLS,candidate_6,expanding,1,13,0.019785557903929784
return,OLS,candidate_6,expanding,1,14,0.0014893564385927657
return,OLS,candidate_6,expanding,1,15,0.024140578551589013
return,OLS,candidate_6,expanding,1,16,-0.033907128483843044
return,OLS,candidate_6,expanding,1,17,-0.02148492482125375
return,OLS,candidate_6,expanding,1,18,0.018789651283084356
return,OLS,candidate_6,expanding,1,19,-0.03971852612708899
return,OLS,candidate_6,expanding,1,20,0.033283129760947126
return,OLS,candidate_6,expanding,1,21,0.08699989029802041
return,OLS,candidate_6,expanding,1,22,0.03668959379896403
return,OLS,candidate_6,expanding,1,23,0.011937306129839472
return,OLS,candidate_6,expanding,1,24,0.022117236412177905
return,OLS,candidate_6,expanding,1,25,0.0299973104004272
return,OLS,candidate_6,expanding,1,26,-0.004364130545410696
return,OLS,candidate_6,rolling_9m_3m,1,0,-0.04447764882699847
return,OLS,candidate_6,rolling_9m_3m,1,1,-0.04532891324517529
return,OLS,candidate_6,rolling_9m_3m,1,2,0.03407840834781997
return,OLS,candidate_6,rolling_9m_3m,1,3,0.007481821394085643
return,OLS,candidate_6,rolling_9m_3m,1,4,0.05364930749295693
return,OLS,candidate_6,rolling_9m_3m,1,5,0.05971579329748016
return,OLS,candidate_6,rolling_9m_3m,1,6,0.010613425406671494
return,OLS,candidate_6,rolling_9m_3m,1,7,0.06563217193278979
return,OLS,candidate_6,rolling_9m_3m,1,8,-0.029271291628194553
return,OLS,candidate_6,rolling_9m_3m,1,9,-0.023570848697057504
return,OLS,candidate_6,rolling_9m_3m,1,10,0.039693606870233406
return,OLS,candidate_6,rolling_9m_3m,1,11,0.0428848577075787
return,OLS,candidate_6,rolling_9m_3m,1,12,-0.0370247973237417
return,OLS,candidate_6,rolling_9m_3m,1,13,0.034907992450839774
return,OLS,candidate_6,rolling_9m_3m,1,14,0.06628804449498062
return,OLS,candidate_6,rolling_9m_3m,1,15,0.02862156040937214
return,OLS,candidate_6,rolling_9m_3m,1,16,0.014140190022925872
return,OLS,candidate_6,rolling_9m_3m,1,17,0.007565350858480031
return,OLS,candidate_6,rolling_9m_3m,1,18,0.01190165302752379
return,OLS,candidate_6,rolling_9m_3m,1,19,-0.004964879061858208
return,OLS,candidate_6,rolling_9m_3m,1,20,-0.0006267429894398094
return,OLS,candidate_6,rolling_9m_3m,1,21,0.06559649301609456
return,OLS,candidate_6,rolling_9m_3m,1,22,0.04729619680071182
return,OLS,candidate_6,rolling_9m_3m,1,23,0.020305808484577786
return,OLS,candidate_6,rolling_9m_3m,1,24,-0.011593663733905052
return,OLS,candidate_6,rolling_9m_3m,1,25,-0.021141930364601377
return,OLS,candidate_6,rolling_9m_3m,1,26,-0.011925571578589561
return,OLS,candidate_6,rolling_9m_3m,1,27,0.007100836247635064
return,OLS,candidate_6,rolling_9m_3m,1,28,0.009839519850146822
return,OLS,candidate_6,rolling_9m_3m,1,29,0.0421726884982504
return,OLS,candidate_6,rolling_9m_3m,1,30,0.030110569661547102
return,OLS,candidate_6,rolling_9m_3m,1,31,0.03016701163220573
return,XGBoost,candidate_6,expanding,1,0,0.016739483476727796
return,XGBoost,candidate_6,expanding,1,1,0.030779811827891447
return,XGBoost,candidate_6,expanding,1,2,-0.018723278014922514
return,XGBoost,candidate_6,expanding,1,3,-0.04674865441235037
return,XGBoost,candidate_6,expanding,1,4,0.010240137525421768
return,XGBoost,candidate_6,expanding,1,5,-0.032279891500642706
return,XGBoost,candidate_6,expanding,1,6,-0.006748021826038711
return,XGBoost,candidate_6,expanding,1,7,0.0099144775565744
return,XGBoost,candidate_6,expanding,1,8,0.015455453632403908
return,XGBoost,candidate_6,expanding,1,9,-0.011602552331334932
return,XGBoost,candidate_6,expanding,1,10,-0.0110627632725349
return,XGBoost,candidate_6,expanding,1,11,0.005746916011455649
return,XGBoost,candidate_6,expanding,1,12,0.0063982913807798854
return,XGBoost,candidate_6,expanding,1,13,0.013330192399551738
return,XGBoost,candidate_6,expanding,1,14,-0.004874897066612945
return,XGBoost,candidate_6,expanding,1,15,0.005458786878398016
return,XGBoost,candidate_6,expanding,1,16,-0.0244251476944022
return,XGBoost,candidate_6,expanding,1,17,-0.0353518447311914
return,XGBoost,candidate_6,expanding,1,18,0.029145843245940332
return,XGBoost,candidate_6,expanding,1,19,-0.015688119230439345
return,XGBoost,candidate_6,expanding,1,20,0.03611069666127366
return,XGBoost,candidate_6,expanding,1,21,0.04986260034975392
return,XGBoost,candidate_6,expanding,1,22,0.0023005821163484463
return,XGBoost,candidate_6,expanding,1,23,-0.012373774709997561
return,XGBoost,candidate_6,expanding,1,24,-0.00846478373849029
return,XGBoost,candidate_6,expanding,1,25,-0.0032262060933072488
return,XGBoost,candidate_6,expanding,1,26,-0.0023065866689388876
return,XGBoost,candidate_6,rolling_9m_3m,1,0,0.0018799763453837737
return,XGBoost,candidate_6,rolling_9m_3m,1,1,0.047573482105303745
return,XGBoost,candidate_6,rolling_9m_3m,1,2,0.00770123420513889
return,XGBoost,candidate_6,rolling_9m_3m,1,3,-0.013041104699611996
return,XGBoost,candidate_6,rolling_9m_3m,1,4,0.02326994608112017
return,XGBoost,candidate_6,rolling_9m_3m,1,5,0.01965062098015168
return,XGBoost,candidate_6,rolling_9m_3m,1,6,-0.009065757996941828
return,XGBoost,candidate_6,rolling_9m_3m,1,7,0.030808282413576568
return,XGBoost,candidate_6,rolling_9m_3m,1,8,9.144163580127569e-05
return,XGBoost,candidate_6,rolling_9m_3m,1,9,-0.004171511622938082
return,XGBoost,candidate_6,rolling_9m_3m,1,10,0.02049370260439052
return,XGBoost,candidate_6,rolling_9m_3m,1,11,0.015663882515044785
return,XGBoost,candidate_6,rolling_9m_3m,1,12,0.017162983908008963
return,XGBoost,candidate_6,rolling_9m_3m,1,13,-0.011548814316138844
return,XGBoost,candidate_6,rolling_9m_3m,1,14,-0.019349596518494407
return,XGBoost,candidate_6,rolling_9m_3m,1,15,-0.012585829077828684
return,XGBoost,candidate_6,rolling_9m_3m,1,16,0.009419670700401717
return,XGBoost,candidate_6,rolling_9m_3m,1,17,0.028640551371330127
return,XGBoost,candidate_6,rolling_9m_3m,1,18,0.013609540255523831
return,XGBoost,candidate_6,rolling_9m_3m,1,19,0.007760483837738104
return,XGBoost,candidate_6,rolling_9m_3m,1,20,0.009447219111683095
return,XGBoost,candidate_6,rolling_9m_3m,1,21,-0.010385062959252206
return,XGBoost,candidate_6,rolling_9m_3m,1,22,-0.021812221438289793
return,XGBoost,candidate_6,rolling_9m_3m,1,23,-0.015466484851786245
return,XGBoost,candidate_6,rolling_9m_3m,1,24,0.018347851894517722
return,XGBoost,candidate_6,rolling_9m_3m,1,25,0.0022404467058456698
return,XGBoost,candidate_6,rolling_9m_3m,1,26,0.02982648201589121
return,XGBoost,candidate_6,rolling_9m_3m,1,27,0.007076328228418491
return,XGBoost,candidate_6,rolling_9m_3m,1,28,0.024209635360821994
return,XGBoost,candidate_6,rolling_9m_3m,1,29,0.02690413766702326
return,XGBoost,candidate_6,rolling_9m_3m,1,30,0.019716835303591952
return,XGBoost,candidate_6,rolling_9m_3m,1,31,0.0069914844023122626
return,ElasticNet,D,expanding,1,0,0.0
return,ElasticNet,D,expanding,1,1,0.0
return,ElasticNet,D,expanding,1,2,0.0
return,ElasticNet,D,expanding,1,3,0.0
return,ElasticNet,D,expanding,1,4,0.0
return,ElasticNet,D,expanding,1,5,0.0
return,ElasticNet,D,expanding,1,6,0.0
return,ElasticNet,D,expanding,1,7,0.0
return,ElasticNet,D,expanding,1,8,0.0
return,ElasticNet,D,expanding,1,9,0.0
return,ElasticNet,D,expanding,1,10,0.0
return,ElasticNet,D,expanding,1,11,0.0
return,ElasticNet,D,expanding,1,12,0.0
return,ElasticNet,D,expanding,1,13,0.0
return,ElasticNet,D,expanding,1,14,0.0
return,ElasticNet,D,expanding,1,15,0.0
return,ElasticNet,D,expanding,1,16,0.0
return,ElasticNet,D,expanding,1,17,0.0
return,ElasticNet,D,expanding,1,18,0.0
return,ElasticNet,D,expanding,1,19,0.0
return,ElasticNet,D,expanding,1,20,0.0
return,ElasticNet,D,expanding,1,21,0.0
return,ElasticNet,D,expanding,1,22,0.0
return,ElasticNet,D,expanding,1,23,0.0
return,ElasticNet,D,expanding,1,24,0.0
return,ElasticNet,D,expanding,1,25,0.0
return,ElasticNet,D,expanding,1,26,0.0
return,ElasticNet,D,rolling_9m_3m,1,0,0.022861737023255425
return,ElasticNet,D,rolling_9m_3m,1,1,0.0008324980853237973
return,ElasticNet,D,rolling_9m_3m,1,2,0.00906728184858219
return,ElasticNet,D,rolling_9m_3m,1,3,0.028056915910871484
return,ElasticNet,D,rolling_9m_3m,1,4,0.0
return,ElasticNet,D,rolling_9m_3m,1,5,0.0
return,ElasticNet,D,rolling_9m_3m,1,6,0.008852960175580562
return,ElasticNet,D,rolling_9m_3m,1,7,-0.02067288069775653
return,ElasticNet,D,rolling_9m_3m,1,8,-0.04683314309964071
return,ElasticNet,D,rolling_9m_3m,1,9,-0.006381630601602683
return,ElasticNet,D,rolling_9m_3m,1,10,0.008005119696684933
return,ElasticNet,D,rolling_9m_3m,1,11,0.0
return,ElasticNet,D,rolling_9m_3m,1,12,0.0
return,ElasticNet,D,rolling_9m_3m,1,13,0.0
return,ElasticNet,D,rolling_9m_3m,1,14,0.0
return,ElasticNet,D,rolling_9m_3m,1,15,0.0
return,ElasticNet,D,rolling_9m_3m,1,16,0.0
return,ElasticNet,D,rolling_9m_3m,1,17,-0.05369431159180787
return,ElasticNet,D,rolling_9m_3m,1,18,0.0
return,ElasticNet,D,rolling_9m_3m,1,19,0.0
return,ElasticNet,D,rolling_9m_3m,1,20,0.0
return,ElasticNet,D,rolling_9m_3m,1,21,0.0
return,ElasticNet,D,rolling_9m_3m,1,22,0.0
return,ElasticNet,D,rolling_9m_3m,1,23,-0.022464590708859568
return,ElasticNet,D,rolling_9m_3m,1,24,0.0
return,ElasticNet,D,rolling_9m_3m,1,25,-0.02022432851936943
return,ElasticNet,D,rolling_9m_3m,1,26,0.06206870323539981
return,ElasticNet,D,rolling_9m_3m,1,27,0.020944830120911112
return,ElasticNet,D,rolling_9m_3m,1,28,0.004095200775445811
return,ElasticNet,D,rolling_9m_3m,1,29,-0.01902203456583738
return,ElasticNet,D,rolling_9m_3m,1,30,0.0
return,ElasticNet,D,rolling_9m_3m,1,31,0.0
return,OLS,D,expanding,1,0,-0.013438723426954752
return,OLS,D,expanding,1,1,0.004124833477874514
return,OLS,D,expanding,1,2,0.040015582028803925
return,OLS,D,expanding,1,3,-0.027126654928779963
return,OLS,D,expanding,1,4,0.04148017242613943
return,OLS,D,expanding,1,5,0.019594662861143558
return,OLS,D,expanding,1,6,-0.03539883364269219
return,OLS,D,expanding,1,7,0.013824781096999599
return,OLS,D,expanding,1,8,0.009482238975662591
return,OLS,D,expanding,1,9,0.04266798323395389
return,OLS,D,expanding,1,10,0.021249105549849493
return,OLS,D,expanding,1,11,0.009335222029989605
return,OLS,D,expanding,1,12,-0.048605373232907555
return,OLS,D,expanding,1,13,0.030340407010422565
return,OLS,D,expanding,1,14,0.011083596834676916
return,OLS,D,expanding,1,15,-0.0022207358703754546
return,OLS,D,expanding,1,16,-0.03891908443439854
return,OLS,D,expanding,1,17,0.00999853342240828
return,OLS,D,expanding,1,18,-0.0033629089349281674
return,OLS,D,expanding,1,19,-0.022772869952371884
return,OLS,D,expanding,1,20,0.025622177085122554
return,OLS,D,expanding,1,21,0.0573587467757813
return,OLS,D,expanding,1,22,0.05064779798384087
return,OLS,D,expanding,1,23,0.02341033021352654
return,OLS,D,expanding,1,24,0.005682722256055691
return,OLS,D,expanding,1,25,0.023539022887044268
return,OLS,D,expanding,1,26,0.004542641653841783
return,OLS,D,rolling_9m_3m,1,0,-0.0218638612891176
return,OLS,D,rolling_9m_3m,1,1,-0.04012796450947924
return,OLS,D,rolling_9m_3m,1,2,0.01959889199057968
return,OLS,D,rolling_9m_3m,1,3,0.019772919849913383
return,OLS,D,rolling_9m_3m,1,4,0.028952500257853703
return,OLS,D,rolling_9m_3m,1,5,-0.0024229205546716197
return,OLS,D,rolling_9m_3m,1,6,-0.023320561068063052
return,OLS,D,rolling_9m_3m,1,7,0.03908360936091307
return,OLS,D,rolling_9m_3m,1,8,-0.01145964915301596
return,OLS,D,rolling_9m_3m,1,9,0.021083472025454027
return,OLS,D,rolling_9m_3m,1,10,0.05417730827578997
return,OLS,D,rolling_9m_3m,1,11,0.017746073751450528
return,OLS,D,rolling_9m_3m,1,12,-0.05305049790687662
return,OLS,D,rolling_9m_3m,1,13,0.016995218732823364
return,OLS,D,rolling_9m_3m,1,14,0.02167383530015236
return,OLS,D,rolling_9m_3m,1,15,0.02950491671811321
return,OLS,D,rolling_9m_3m,1,16,0.014707365438014885
return,OLS,D,rolling_9m_3m,1,17,-0.022486924225257658
return,OLS,D,rolling_9m_3m,1,18,0.024280362846460634
return,OLS,D,rolling_9m_3m,1,19,0.003604089902977602
return,OLS,D,rolling_9m_3m,1,20,-0.007521382885033967
return,OLS,D,rolling_9m_3m,1,21,-0.017866262209355256
return,OLS,D,rolling_9m_3m,1,22,0.045640862396806064
return,OLS,D,rolling_9m_3m,1,23,0.013789657015394837
return,OLS,D,rolling_9m_3m,1,24,-0.0029380187804897407
return,OLS,D,rolling_9m_3m,1,25,0.0033377906739994866
return,OLS,D,rolling_9m_3m,1,26,-0.05322841167506024
return,OLS,D,rolling_9m_3m,1,27,0.025578318114552863
return,OLS,D,rolling_9m_3m,1,28,0.010957020979303319
return,OLS,D,rolling_9m_3m,1,29,0.025487771293496896
return,OLS,D,rolling_9m_3m,1,30,0.020615401709740015
return,OLS,D,rolling_9m_3m,1,31,0.04802874945072746
return,XGBoost,D,expanding,1,0,-0.021172013140685068
return,XGBoost,D,expanding,1,1,0.012013998927131122
return,XGBoost,D,expanding,1,2,0.01954966029020332
return,XGBoost,D,expanding,1,3,-0.031465139105531295
return,XGBoost,D,expanding,1,4,0.008892590538481187
return,XGBoost,D,expanding,1,5,0.02381747000526799
return,XGBoost,D,expanding,1,6,-0.04843206884384437
return,XGBoost,D,expanding,1,7,0.04233072011109674
return,XGBoost,D,expanding,1,8,0.00666076302745215
return,XGBoost,D,expanding,1,9,0.037573943831305814
return,XGBoost,D,expanding,1,10,0.01720630329744888
return,XGBoost,D,expanding,1,11,-0.01336191078267652
return,XGBoost,D,expanding,1,12,-0.024752027491973236
return,XGBoost,D,expanding,1,13,0.0003002476641056254
return,XGBoost,D,expanding,1,14,0.005757882488672176
return,XGBoost,D,expanding,1,15,-0.005464476458645007
return,XGBoost,D,expanding,1,16,-0.04513522103548542
return,XGBoost,D,expanding,1,17,-0.029827369958300938
return,XGBoost,D,expanding,1,18,0.03631827665700719
return,XGBoost,D,expanding,1,19,-0.01410523837620498
return,XGBoost,D,expanding,1,20,0.003928443672117109
return,XGBoost,D,expanding,1,21,0.0748944195162421
return,XGBoost,D,expanding,1,22,0.011912307658967789
return,XGBoost,D,expanding,1,23,0.028034758509252286
return,XGBoost,D,expanding,1,24,0.017641886661717423
return,XGBoost,D,expanding,1,25,0.021136656020591577
return,XGBoost,D,expanding,1,26,0.031578164653538944
return,XGBoost,D,rolling_9m_3m,1,0,0.03422773311384122
return,XGBoost,D,rolling_9m_3m,1,1,0.012179050926735038
return,XGBoost,D,rolling_9m_3m,1,2,-0.0006138030564092182
return,XGBoost,D,rolling_9m_3m,1,3,0.008643210646161331
return,XGBoost,D,rolling_9m_3m,1,4,0.025448642509567618
return,XGBoost,D,rolling_9m_3m,1,5,0.012302894042459322
return,XGBoost,D,rolling_9m_3m,1,6,-0.0044335921526868745
return,XGBoost,D,rolling_9m_3m,1,7,0.010992303966712495
return,XGBoost,D,rolling_9m_3m,1,8,0.004572640599291927
return,XGBoost,D,rolling_9m_3m,1,9,0.003900256208579403
return,XGBoost,D,rolling_9m_3m,1,10,0.027633657469681452
return,XGBoost,D,rolling_9m_3m,1,11,0.035274955142847744
return,XGBoost,D,rolling_9m_3m,1,12,-0.02069137090181537
return,XGBoost,D,rolling_9m_3m,1,13,-0.022605955856829365
return,XGBoost,D,rolling_9m_3m,1,14,-0.011642172151504333
return,XGBoost,D,rolling_9m_3m,1,15,0.03154098556735718
return,XGBoost,D,rolling_9m_3m,1,16,0.022608593156062184
return,XGBoost,D,rolling_9m_3m,1,17,-0.02450228204099724
return,XGBoost,D,rolling_9m_3m,1,18,0.014981036860927712
return,XGBoost,D,rolling_9m_3m,1,19,-0.03938097734075168
return,XGBoost,D,rolling_9m_3m,1,20,0.040282078844750685
return,XGBoost,D,rolling_9m_3m,1,21,-0.04269629120150561
return,XGBoost,D,rolling_9m_3m,1,22,-0.023502378936422236
return,XGBoost,D,rolling_9m_3m,1,23,-0.0014832332684243453
return,XGBoost,D,rolling_9m_3m,1,24,-0.01445788271180584
return,XGBoost,D,rolling_9m_3m,1,25,0.0028247899413337703
return,XGBoost,D,rolling_9m_3m,1,26,0.04526188370013456
return,XGBoost,D,rolling_9m_3m,1,27,0.02852027306228488
return,XGBoost,D,rolling_9m_3m,1,28,0.03601255054864778
return,XGBoost,D,rolling_9m_3m,1,29,0.00707376408175025
return,XGBoost,D,rolling_9m_3m,1,30,0.00031479347300500176
return,XGBoost,D,rolling_9m_3m,1,31,-0.011086627508759224
return,ElasticNet,repr_svi,expanding,1,0,0.0
return,ElasticNet,repr_svi,expanding,1,1,0.0
return,ElasticNet,repr_svi,expanding,1,2,0.0
return,ElasticNet,repr_svi,expanding,1,3,0.0
return,ElasticNet,repr_svi,expanding,1,4,0.0
return,ElasticNet,repr_svi,expanding,1,5,0.0
return,ElasticNet,repr_svi,expanding,1,6,0.0
return,ElasticNet,repr_svi,expanding,1,7,0.0
return,ElasticNet,repr_svi,expanding,1,8,0.0
return,ElasticNet,repr_svi,expanding,1,9,0.0
return,ElasticNet,repr_svi,expanding,1,10,0.0
return,ElasticNet,repr_svi,expanding,1,11,0.0
return,ElasticNet,repr_svi,expanding,1,12,0.0
return,ElasticNet,repr_svi,expanding,1,13,0.0
return,ElasticNet,repr_svi,expanding,1,14,0.0
return,ElasticNet,repr_svi,expanding,1,15,0.0
return,ElasticNet,repr_svi,expanding,1,16,0.0
return,ElasticNet,repr_svi,expanding,1,17,0.0
return,ElasticNet,repr_svi,expanding,1,18,0.0
return,ElasticNet,repr_svi,expanding,1,19,0.0
return,ElasticNet,repr_svi,expanding,1,20,0.0
return,ElasticNet,repr_svi,expanding,1,21,0.0
return,ElasticNet,repr_svi,expanding,1,22,0.0
return,ElasticNet,repr_svi,expanding,1,23,0.0
return,ElasticNet,repr_svi,expanding,1,24,0.0
return,ElasticNet,repr_svi,expanding,1,25,0.0
return,ElasticNet,repr_svi,expanding,1,26,0.0
return,ElasticNet,repr_svi,rolling_9m_3m,1,0,0.022861737023255425
return,ElasticNet,repr_svi,rolling_9m_3m,1,1,0.001002143916749847
return,ElasticNet,repr_svi,rolling_9m_3m,1,2,-0.011020759314496212
return,ElasticNet,repr_svi,rolling_9m_3m,1,3,0.027856415753580374
return,ElasticNet,repr_svi,rolling_9m_3m,1,4,0.0
return,ElasticNet,repr_svi,rolling_9m_3m,1,5,0.0
return,ElasticNet,repr_svi,rolling_9m_3m,1,6,0.008852960175580562
return,ElasticNet,repr_svi,rolling_9m_3m,1,7,-0.02067288069775653
return,ElasticNet,repr_svi,rolling_9m_3m,1,8,-0.034238825398511814
return,ElasticNet,repr_svi,rolling_9m_3m,1,9,-0.006381630601602683
return,ElasticNet,repr_svi,rolling_9m_3m,1,10,0.008005119696684933
return,ElasticNet,repr_svi,rolling_9m_3m,1,11,0.0
return,ElasticNet,repr_svi,rolling_9m_3m,1,12,0.0
return,ElasticNet,repr_svi,rolling_9m_3m,1,13,0.0
return,ElasticNet,repr_svi,rolling_9m_3m,1,14,0.0
return,ElasticNet,repr_svi,rolling_9m_3m,1,15,0.0
return,ElasticNet,repr_svi,rolling_9m_3m,1,16,0.0
return,ElasticNet,repr_svi,rolling_9m_3m,1,17,-0.05507087545548551
return,ElasticNet,repr_svi,rolling_9m_3m,1,18,0.0
return,ElasticNet,repr_svi,rolling_9m_3m,1,19,0.0
return,ElasticNet,repr_svi,rolling_9m_3m,1,20,0.0
return,ElasticNet,repr_svi,rolling_9m_3m,1,21,0.0
return,ElasticNet,repr_svi,rolling_9m_3m,1,22,0.0
return,ElasticNet,repr_svi,rolling_9m_3m,1,23,-0.022464590708859568
return,ElasticNet,repr_svi,rolling_9m_3m,1,24,0.0
return,ElasticNet,repr_svi,rolling_9m_3m,1,25,-0.02022432851936943
return,ElasticNet,repr_svi,rolling_9m_3m,1,26,0.06206870323539981
return,ElasticNet,repr_svi,rolling_9m_3m,1,27,0.020984955063810228
return,ElasticNet,repr_svi,rolling_9m_3m,1,28,0.009832888240517918
return,ElasticNet,repr_svi,rolling_9m_3m,1,29,-0.01904156517689649
return,ElasticNet,repr_svi,rolling_9m_3m,1,30,0.0
return,ElasticNet,repr_svi,rolling_9m_3m,1,31,0.0
return,OLS,repr_svi,expanding,1,0,-0.02557320272578694
return,OLS,repr_svi,expanding,1,1,-0.01196608413457966
return,OLS,repr_svi,expanding,1,2,0.040383997459231456
return,OLS,repr_svi,expanding,1,3,-0.02333766028619526
return,OLS,repr_svi,expanding,1,4,0.04058508761026747
return,OLS,repr_svi,expanding,1,5,0.01374283757861174
return,OLS,repr_svi,expanding,1,6,-0.02418881745613792
return,OLS,repr_svi,expanding,1,7,0.005226338764856068
return,OLS,repr_svi,expanding,1,8,0.02138797720998301
return,OLS,repr_svi,expanding,1,9,0.04007627454142447
return,OLS,repr_svi,expanding,1,10,0.0323547739819313
return,OLS,repr_svi,expanding,1,11,-0.003463607602354224
return,OLS,repr_svi,expanding,1,12,-0.04349181254934719
return,OLS,repr_svi,expanding,1,13,0.03181644480680495
return,OLS,repr_svi,expanding,1,14,0.02694595062682265
return,OLS,repr_svi,expanding,1,15,0.0105827477083554
return,OLS,repr_svi,expanding,1,16,-0.05763650246003844
return,OLS,repr_svi,expanding,1,17,-0.0032428230500475665
return,OLS,repr_svi,expanding,1,18,0.0038865045026253028
return,OLS,repr_svi,expanding,1,19,-0.016556912335499576
return,OLS,repr_svi,expanding,1,20,0.021492885054665255
return,OLS,repr_svi,expanding,1,21,0.07215751065531686
return,OLS,repr_svi,expanding,1,22,0.04793832930893663
return,OLS,repr_svi,expanding,1,23,0.01601597814491468
return,OLS,repr_svi,expanding,1,24,-0.005066348806810753
return,OLS,repr_svi,expanding,1,25,0.011774132862652496
return,OLS,repr_svi,expanding,1,26,0.012580218924344699
return,OLS,repr_svi,rolling_9m_3m,1,0,-0.024268544859945663
return,OLS,repr_svi,rolling_9m_3m,1,1,-0.04310142440368095
return,OLS,repr_svi,rolling_9m_3m,1,2,0.014977676462587802
return,OLS,repr_svi,rolling_9m_3m,1,3,0.02356877930375987
return,OLS,repr_svi,rolling_9m_3m,1,4,0.03972035822370984
return,OLS,repr_svi,rolling_9m_3m,1,5,-0.003358117149469589
return,OLS,repr_svi,rolling_9m_3m,1,6,-0.022360531101434787
return,OLS,repr_svi,rolling_9m_3m,1,7,0.045558376077991264
return,OLS,repr_svi,rolling_9m_3m,1,8,-0.01566086670557197
return,OLS,repr_svi,rolling_9m_3m,1,9,0.0011906908864593023
return,OLS,repr_svi,rolling_9m_3m,1,10,0.05802104063321643
return,OLS,repr_svi,rolling_9m_3m,1,11,0.019227336811246377
return,OLS,repr_svi,rolling_9m_3m,1,12,-0.048854026235864254
return,OLS,repr_svi,rolling_9m_3m,1,13,0.033327731092957495
return,OLS,repr_svi,rolling_9m_3m,1,14,0.03216800222752981
return,OLS,repr_svi,rolling_9m_3m,1,15,0.027645234155545522
return,OLS,repr_svi,rolling_9m_3m,1,16,0.006567163942750556
return,OLS,repr_svi,rolling_9m_3m,1,17,-0.0173654225007508
return,OLS,repr_svi,rolling_9m_3m,1,18,0.016495848186841508
return,OLS,repr_svi,rolling_9m_3m,1,19,-0.0028876057164441116
return,OLS,repr_svi,rolling_9m_3m,1,20,-0.008991812570352026
return,OLS,repr_svi,rolling_9m_3m,1,21,-0.009272088869516873
return,OLS,repr_svi,rolling_9m_3m,1,22,0.053313760405119814
return,OLS,repr_svi,rolling_9m_3m,1,23,0.011786330453613762
return,OLS,repr_svi,rolling_9m_3m,1,24,0.004317898900823569
return,OLS,repr_svi,rolling_9m_3m,1,25,0.0035726224344647768
return,OLS,repr_svi,rolling_9m_3m,1,26,-0.060560362526081095
return,OLS,repr_svi,rolling_9m_3m,1,27,0.02058436185286284
return,OLS,repr_svi,rolling_9m_3m,1,28,0.009092653301578634
return,OLS,repr_svi,rolling_9m_3m,1,29,-0.004591167760302615
return,OLS,repr_svi,rolling_9m_3m,1,30,0.0244839881193196
return,OLS,repr_svi,rolling_9m_3m,1,31,0.046317422080664895
return,XGBoost,repr_svi,expanding,1,0,-0.0028732096672578395
return,XGBoost,repr_svi,expanding,1,1,0.026759389454432205
return,XGBoost,repr_svi,expanding,1,2,0.008156479935501329
return,XGBoost,repr_svi,expanding,1,3,-0.027968195070177032
return,XGBoost,repr_svi,expanding,1,4,0.024476119799210116
return,XGBoost,repr_svi,expanding,1,5,-0.03772346781047937
return,XGBoost,repr_svi,expanding,1,6,-0.02827658500604182
return,XGBoost,repr_svi,expanding,1,7,0.025663047930786435
return,XGBoost,repr_svi,expanding,1,8,0.0016228751374633232
return,XGBoost,repr_svi,expanding,1,9,-0.015892093781314426
return,XGBoost,repr_svi,expanding,1,10,-0.019154603370391026
return,XGBoost,repr_svi,expanding,1,11,0.01726395231443019
return,XGBoost,repr_svi,expanding,1,12,0.01956191901636957
return,XGBoost,repr_svi,expanding,1,13,-0.006001463947080711
return,XGBoost,repr_svi,expanding,1,14,0.004791492685392195
return,XGBoost,repr_svi,expanding,1,15,0.008974420067448302
return,XGBoost,repr_svi,expanding,1,16,0.013225127007651263
return,XGBoost,repr_svi,expanding,1,17,0.027394319508291017
return,XGBoost,repr_svi,expanding,1,18,0.05024727533685385
return,XGBoost,repr_svi,expanding,1,19,-0.016216518916278906
return,XGBoost,repr_svi,expanding,1,20,0.03590694930375766
return,XGBoost,repr_svi,expanding,1,21,0.07543202370721747
return,XGBoost,repr_svi,expanding,1,22,0.0007395297726397631
return,XGBoost,repr_svi,expanding,1,23,0.007565048164728151
return,XGBoost,repr_svi,expanding,1,24,0.010633597582325757
return,XGBoost,repr_svi,expanding,1,25,0.017973555380488084
return,XGBoost,repr_svi,expanding,1,26,-0.011428144750641337
return,XGBoost,repr_svi,rolling_9m_3m,1,0,0.010988219415906948
return,XGBoost,repr_svi,rolling_9m_3m,1,1,0.012117273324113718
return,XGBoost,repr_svi,rolling_9m_3m,1,2,-0.025020758649280602
return,XGBoost,repr_svi,rolling_9m_3m,1,3,0.017167824032970305
return,XGBoost,repr_svi,rolling_9m_3m,1,4,-0.008181132032471243
return,XGBoost,repr_svi,rolling_9m_3m,1,5,0.01257662584688892
return,XGBoost,repr_svi,rolling_9m_3m,1,6,-0.0004235093898904328
return,XGBoost,repr_svi,rolling_9m_3m,1,7,-0.009083676432812897
return,XGBoost,repr_svi,rolling_9m_3m,1,8,0.017371581391878384
return,XGBoost,repr_svi,rolling_9m_3m,1,9,-0.0100519239419511
return,XGBoost,repr_svi,rolling_9m_3m,1,10,0.05532712254499311
return,XGBoost,repr_svi,rolling_9m_3m,1,11,0.023140137425484805
return,XGBoost,repr_svi,rolling_9m_3m,1,12,-0.05187652444354729
return,XGBoost,repr_svi,rolling_9m_3m,1,13,0.010320125441437109
return,XGBoost,repr_svi,rolling_9m_3m,1,14,-0.001996053900232498
return,XGBoost,repr_svi,rolling_9m_3m,1,15,0.026348624082025738
return,XGBoost,repr_svi,rolling_9m_3m,1,16,0.011253228096683894
return,XGBoost,repr_svi,rolling_9m_3m,1,17,-0.01789811875956449
return,XGBoost,repr_svi,rolling_9m_3m,1,18,0.020641767957060082
return,XGBoost,repr_svi,rolling_9m_3m,1,19,0.005238367554258142
return,XGBoost,repr_svi,rolling_9m_3m,1,20,0.03600947384899039
return,XGBoost,repr_svi,rolling_9m_3m,1,21,-0.04986151165738747
return,XGBoost,repr_svi,rolling_9m_3m,1,22,-0.008750528417716502
return,XGBoost,repr_svi,rolling_9m_3m,1,23,-0.017988643680533944
return,XGBoost,repr_svi,rolling_9m_3m,1,24,0.020555123770918372
return,XGBoost,repr_svi,rolling_9m_3m,1,25,-0.020506659866712837
return,XGBoost,repr_svi,rolling_9m_3m,1,26,0.01301780790815399
return,XGBoost,repr_svi,rolling_9m_3m,1,27,0.004662982883431215
return,XGBoost,repr_svi,rolling_9m_3m,1,28,0.010903250692517824
return,XGBoost,repr_svi,rolling_9m_3m,1,29,0.024923891362079658
return,XGBoost,repr_svi,rolling_9m_3m,1,30,-0.007856046415821613
return,XGBoost,repr_svi,rolling_9m_3m,1,31,0.015434074887058549
return,ElasticNet,repr_grid,expanding,1,0,0.0
return,ElasticNet,repr_grid,expanding,1,1,0.0
return,ElasticNet,repr_grid,expanding,1,2,0.0
return,ElasticNet,repr_grid,expanding,1,3,0.0
return,ElasticNet,repr_grid,expanding,1,4,0.0
return,ElasticNet,repr_grid,expanding,1,5,0.0
return,ElasticNet,repr_grid,expanding,1,6,0.0
return,ElasticNet,repr_grid,expanding,1,7,0.0
return,ElasticNet,repr_grid,expanding,1,8,0.0
return,ElasticNet,repr_grid,expanding,1,9,0.0
return,ElasticNet,repr_grid,expanding,1,10,0.0
return,ElasticNet,repr_grid,expanding,1,11,0.0
return,ElasticNet,repr_grid,expanding,1,12,0.0
return,ElasticNet,repr_grid,expanding,1,13,0.0
return,ElasticNet,repr_grid,expanding,1,14,0.0
return,ElasticNet,repr_grid,expanding,1,15,0.0
return,ElasticNet,repr_grid,expanding,1,16,0.0
return,ElasticNet,repr_grid,expanding,1,17,0.0
return,ElasticNet,repr_grid,expanding,1,18,0.0
return,ElasticNet,repr_grid,expanding,1,19,0.0
return,ElasticNet,repr_grid,expanding,1,20,0.0
return,ElasticNet,repr_grid,expanding,1,21,0.0
return,ElasticNet,repr_grid,expanding,1,22,0.0
return,ElasticNet,repr_grid,expanding,1,23,0.0
return,ElasticNet,repr_grid,expanding,1,24,0.009061264717680187
return,ElasticNet,repr_grid,expanding,1,25,0.02837468928966442
return,ElasticNet,repr_grid,expanding,1,26,0.0010177671560601576
return,ElasticNet,repr_grid,rolling_9m_3m,1,0,0.022861737023255425
return,ElasticNet,repr_grid,rolling_9m_3m,1,1,-0.009787074275813679
return,ElasticNet,repr_grid,rolling_9m_3m,1,2,0.00906728184858219
return,ElasticNet,repr_grid,rolling_9m_3m,1,3,0.021998061297006533
return,ElasticNet,repr_grid,rolling_9m_3m,1,4,0.0
return,ElasticNet,repr_grid,rolling_9m_3m,1,5,0.0
return,ElasticNet,repr_grid,rolling_9m_3m,1,6,0.008852960175580562
return,ElasticNet,repr_grid,rolling_9m_3m,1,7,-0.02067288069775653
return,ElasticNet,repr_grid,rolling_9m_3m,1,8,-0.04401024019097673
return,ElasticNet,repr_grid,rolling_9m_3m,1,9,0.0
return,ElasticNet,repr_grid,rolling_9m_3m,1,10,0.0
return,ElasticNet,repr_grid,rolling_9m_3m,1,11,0.0
return,ElasticNet,repr_grid,rolling_9m_3m,1,12,0.0
return,ElasticNet,repr_grid,rolling_9m_3m,1,13,0.0
return,ElasticNet,repr_grid,rolling_9m_3m,1,14,-0.04522458650905384
return,ElasticNet,repr_grid,rolling_9m_3m,1,15,-0.00129277261063861
return,ElasticNet,repr_grid,rolling_9m_3m,1,16,0.050651051256107436
return,ElasticNet,repr_grid,rolling_9m_3m,1,17,-0.05836687810709291
return,ElasticNet,repr_grid,rolling_9m_3m,1,18,0.027996118758591655
return,ElasticNet,repr_grid,rolling_9m_3m,1,19,0.0037892632092980613
return,ElasticNet,repr_grid,rolling_9m_3m,1,20,0.0
return,ElasticNet,repr_grid,rolling_9m_3m,1,21,0.0
return,ElasticNet,repr_grid,rolling_9m_3m,1,22,0.0
return,ElasticNet,repr_grid,rolling_9m_3m,1,23,0.0
return,ElasticNet,repr_grid,rolling_9m_3m,1,24,0.0
return,ElasticNet,repr_grid,rolling_9m_3m,1,25,-0.02022432851936943
return,ElasticNet,repr_grid,rolling_9m_3m,1,26,0.05907171986307846
return,ElasticNet,repr_grid,rolling_9m_3m,1,27,0.014239662480759134
return,ElasticNet,repr_grid,rolling_9m_3m,1,28,0.01557218482143283
return,ElasticNet,repr_grid,rolling_9m_3m,1,29,0.026030210924914293
return,ElasticNet,repr_grid,rolling_9m_3m,1,30,0.0
return,ElasticNet,repr_grid,rolling_9m_3m,1,31,0.022083971463599812
return,OLS,repr_grid,expanding,1,0,-0.005325375620111907
return,OLS,repr_grid,expanding,1,1,-0.0020008911358517733
return,OLS,repr_grid,expanding,1,2,0.04239208009328777
return,OLS,repr_grid,expanding,1,3,-0.0400348946740789
return,OLS,repr_grid,expanding,1,4,0.06025140329304253
return,OLS,repr_grid,expanding,1,5,0.019719501488916973
return,OLS,repr_grid,expanding,1,6,-0.025696948341996186
return,OLS,repr_grid,expanding,1,7,0.001532630903779749
return,OLS,repr_grid,expanding,1,8,0.0015289793275357936
return,OLS,repr_grid,expanding,1,9,0.0368733989202232
return,OLS,repr_grid,expanding,1,10,0.027104257461281523
return,OLS,repr_grid,expanding,1,11,0.00867214028887191
return,OLS,repr_grid,expanding,1,12,-0.05404562931500536
return,OLS,repr_grid,expanding,1,13,0.03573279927629612
return,OLS,repr_grid,expanding,1,14,0.00799591006695286
return,OLS,repr_grid,expanding,1,15,0.006584515997958997
return,OLS,repr_grid,expanding,1,16,-0.04049952561380282
return,OLS,repr_grid,expanding,1,17,0.00823457690158658
return,OLS,repr_grid,expanding,1,18,0.004410790424327338
return,OLS,repr_grid,expanding,1,19,-0.02634398959049553
return,OLS,repr_grid,expanding,1,20,0.027311482785530646
return,OLS,repr_grid,expanding,1,21,0.06284813605654872
return,OLS,repr_grid,expanding,1,22,0.05058826936826811
return,OLS,repr_grid,expanding,1,23,0.020597310214718608
return,OLS,repr_grid,expanding,1,24,0.011000735937343522
return,OLS,repr_grid,expanding,1,25,0.02865550435169164
return,OLS,repr_grid,expanding,1,26,0.004865447755313851
return,OLS,repr_grid,rolling_9m_3m,1,0,-0.028835092367633444
return,OLS,repr_grid,rolling_9m_3m,1,1,-0.037533086831252775
return,OLS,repr_grid,rolling_9m_3m,1,2,0.015674510372685503
return,OLS,repr_grid,rolling_9m_3m,1,3,0.029180693953497264
return,OLS,repr_grid,rolling_9m_3m,1,4,0.0429943614883277
return,OLS,repr_grid,rolling_9m_3m,1,5,0.004500254431474654
return,OLS,repr_grid,rolling_9m_3m,1,6,-0.01184408474652437
return,OLS,repr_grid,rolling_9m_3m,1,7,0.04471984021391667
return,OLS,repr_grid,rolling_9m_3m,1,8,-0.01230365436293433
return,OLS,repr_grid,rolling_9m_3m,1,9,0.039007234065799756
return,OLS,repr_grid,rolling_9m_3m,1,10,0.050667875401881744
return,OLS,repr_grid,rolling_9m_3m,1,11,0.023785186635744787
return,OLS,repr_grid,rolling_9m_3m,1,12,-0.05048474556845818
return,OLS,repr_grid,rolling_9m_3m,1,13,0.010846915196913866
return,OLS,repr_grid,rolling_9m_3m,1,14,0.018467445612320173
return,OLS,repr_grid,rolling_9m_3m,1,15,0.01598484424731783
return,OLS,repr_grid,rolling_9m_3m,1,16,0.009951292862375715
return,OLS,repr_grid,rolling_9m_3m,1,17,-0.016433147588974482
return,OLS,repr_grid,rolling_9m_3m,1,18,0.023336024686001138
return,OLS,repr_grid,rolling_9m_3m,1,19,0.007661243776264657
return,OLS,repr_grid,rolling_9m_3m,1,20,-0.004832730460236977
return,OLS,repr_grid,rolling_9m_3m,1,21,-0.018903961152419026
return,OLS,repr_grid,rolling_9m_3m,1,22,0.04066167869419606
return,OLS,repr_grid,rolling_9m_3m,1,23,0.016113971087262924
return,OLS,repr_grid,rolling_9m_3m,1,24,-0.017086007040902334
return,OLS,repr_grid,rolling_9m_3m,1,25,-0.01025593070576128
return,OLS,repr_grid,rolling_9m_3m,1,26,-0.02071624875921028
return,OLS,repr_grid,rolling_9m_3m,1,27,0.026118891211864996
return,OLS,repr_grid,rolling_9m_3m,1,28,0.015421754838235158
return,OLS,repr_grid,rolling_9m_3m,1,29,0.01849334642855615
return,OLS,repr_grid,rolling_9m_3m,1,30,0.01137361981922187
return,OLS,repr_grid,rolling_9m_3m,1,31,0.04531264977709323
return,XGBoost,repr_grid,expanding,1,0,-0.02109225177896805
return,XGBoost,repr_grid,expanding,1,1,0.020693032336166386
return,XGBoost,repr_grid,expanding,1,2,0.010806533663485655
return,XGBoost,repr_grid,expanding,1,3,-0.025551478290252477
return,XGBoost,repr_grid,expanding,1,4,0.04142785248604915
return,XGBoost,repr_grid,expanding,1,5,-0.0021342320480241712
return,XGBoost,repr_grid,expanding,1,6,-0.03764907313472087
return,XGBoost,repr_grid,expanding,1,7,0.03582199192249726
return,XGBoost,repr_grid,expanding,1,8,0.013062878197031016
return,XGBoost,repr_grid,expanding,1,9,0.02062592901217311
return,XGBoost,repr_grid,expanding,1,10,0.01727674008705688
return,XGBoost,repr_grid,expanding,1,11,0.016231120272759428
return,XGBoost,repr_grid,expanding,1,12,-0.004619438582749284
return,XGBoost,repr_grid,expanding,1,13,-0.0021023759183104317
return,XGBoost,repr_grid,expanding,1,14,-0.03208438983529857
return,XGBoost,repr_grid,expanding,1,15,-0.008896357619733314
return,XGBoost,repr_grid,expanding,1,16,-0.014285291914001866
return,XGBoost,repr_grid,expanding,1,17,-0.014227957828080631
return,XGBoost,repr_grid,expanding,1,18,0.01628539191880294
return,XGBoost,repr_grid,expanding,1,19,-0.01998396940626151
return,XGBoost,repr_grid,expanding,1,20,0.03597030537755557
return,XGBoost,repr_grid,expanding,1,21,0.08427872552393446
return,XGBoost,repr_grid,expanding,1,22,0.005163434015767363
return,XGBoost,repr_grid,expanding,1,23,0.010284618218204705
return,XGBoost,repr_grid,expanding,1,24,0.014997786935602104
return,XGBoost,repr_grid,expanding,1,25,0.031745969632963895
return,XGBoost,repr_grid,expanding,1,26,0.062124078629465174
return,XGBoost,repr_grid,rolling_9m_3m,1,0,0.015033354454395128
return,XGBoost,repr_grid,rolling_9m_3m,1,1,-0.030241984355370084
return,XGBoost,repr_grid,rolling_9m_3m,1,2,0.022721857435222374
return,XGBoost,repr_grid,rolling_9m_3m,1,3,0.029639003811383645
return,XGBoost,repr_grid,rolling_9m_3m,1,4,0.013791551055074376
return,XGBoost,repr_grid,rolling_9m_3m,1,5,0.006694996777280487
return,XGBoost,repr_grid,rolling_9m_3m,1,6,0.03519593561591257
return,XGBoost,repr_grid,rolling_9m_3m,1,7,0.015105489046687345
return,XGBoost,repr_grid,rolling_9m_3m,1,8,0.0253144481267014
return,XGBoost,repr_grid,rolling_9m_3m,1,9,0.034438389361850806
return,XGBoost,repr_grid,rolling_9m_3m,1,10,0.035817349222654594
return,XGBoost,repr_grid,rolling_9m_3m,1,11,0.023628526272799658
return,XGBoost,repr_grid,rolling_9m_3m,1,12,-0.025866638780971247
return,XGBoost,repr_grid,rolling_9m_3m,1,13,-0.03417381341431899
return,XGBoost,repr_grid,rolling_9m_3m,1,14,0.008996679473907155
return,XGBoost,repr_grid,rolling_9m_3m,1,15,0.04113061974818867
return,XGBoost,repr_grid,rolling_9m_3m,1,16,0.0063505833893831055
return,XGBoost,repr_grid,rolling_9m_3m,1,17,-0.009821863529168575
return,XGBoost,repr_grid,rolling_9m_3m,1,18,-0.005972430687063882
return,XGBoost,repr_grid,rolling_9m_3m,1,19,0.015389131231466785
return,XGBoost,repr_grid,rolling_9m_3m,1,20,0.053777319911824585
return,XGBoost,repr_grid,rolling_9m_3m,1,21,-0.04106543708606733
return,XGBoost,repr_grid,rolling_9m_3m,1,22,-0.03689519216126716
return,XGBoost,repr_grid,rolling_9m_3m,1,23,-0.019061925511430124
return,XGBoost,repr_grid,rolling_9m_3m,1,24,0.018559055192399164
return,XGBoost,repr_grid,rolling_9m_3m,1,25,0.011434631769697012
return,XGBoost,repr_grid,rolling_9m_3m,1,26,-0.011240509720227079
return,XGBoost,repr_grid,rolling_9m_3m,1,27,0.026220072600389045
return,XGBoost,repr_grid,rolling_9m_3m,1,28,0.03044383566207137
return,XGBoost,repr_grid,rolling_9m_3m,1,29,-0.015127198287101634
return,XGBoost,repr_grid,rolling_9m_3m,1,30,-4.7201509664699574e-05
return,XGBoost,repr_grid,rolling_9m_3m,1,31,-0.0009674288050642034
return,ElasticNet,repr_grid_raw,expanding,1,0,0.0
return,ElasticNet,repr_grid_raw,expanding,1,1,0.0
return,ElasticNet,repr_grid_raw,expanding,1,2,0.0
return,ElasticNet,repr_grid_raw,expanding,1,3,0.0
return,ElasticNet,repr_grid_raw,expanding,1,4,0.0
return,ElasticNet,repr_grid_raw,expanding,1,5,0.0
return,ElasticNet,repr_grid_raw,expanding,1,6,0.0
return,ElasticNet,repr_grid_raw,expanding,1,7,0.0
return,ElasticNet,repr_grid_raw,expanding,1,8,0.0
return,ElasticNet,repr_grid_raw,expanding,1,9,0.0
return,ElasticNet,repr_grid_raw,expanding,1,10,0.0
return,ElasticNet,repr_grid_raw,expanding,1,11,0.0
return,ElasticNet,repr_grid_raw,expanding,1,12,0.0
return,ElasticNet,repr_grid_raw,expanding,1,13,0.0
return,ElasticNet,repr_grid_raw,expanding,1,14,0.0
return,ElasticNet,repr_grid_raw,expanding,1,15,0.0
return,ElasticNet,repr_grid_raw,expanding,1,16,0.0
return,ElasticNet,repr_grid_raw,expanding,1,17,0.0
return,ElasticNet,repr_grid_raw,expanding,1,18,0.0
return,ElasticNet,repr_grid_raw,expanding,1,19,0.0
return,ElasticNet,repr_grid_raw,expanding,1,20,0.0
return,ElasticNet,repr_grid_raw,expanding,1,21,0.0
return,ElasticNet,repr_grid_raw,expanding,1,22,0.0
return,ElasticNet,repr_grid_raw,expanding,1,23,0.0
return,ElasticNet,repr_grid_raw,expanding,1,24,0.0
return,ElasticNet,repr_grid_raw,expanding,1,25,0.0
return,ElasticNet,repr_grid_raw,expanding,1,26,0.011285511980623546
return,ElasticNet,repr_grid_raw,rolling_9m_3m,1,0,0.022861737023255425
return,ElasticNet,repr_grid_raw,rolling_9m_3m,1,1,-0.009454197494532614
return,ElasticNet,repr_grid_raw,rolling_9m_3m,1,2,0.0022465985011403443
return,ElasticNet,repr_grid_raw,rolling_9m_3m,1,3,0.029249960552419293
return,ElasticNet,repr_grid_raw,rolling_9m_3m,1,4,0.0
return,ElasticNet,repr_grid_raw,rolling_9m_3m,1,5,0.0
return,ElasticNet,repr_grid_raw,rolling_9m_3m,1,6,0.008852960175580562
return,ElasticNet,repr_grid_raw,rolling_9m_3m,1,7,-0.02067288069775653
return,ElasticNet,repr_grid_raw,rolling_9m_3m,1,8,-0.04220010466386584
return,ElasticNet,repr_grid_raw,rolling_9m_3m,1,9,0.0
return,ElasticNet,repr_grid_raw,rolling_9m_3m,1,10,0.0
return,ElasticNet,repr_grid_raw,rolling_9m_3m,1,11,0.0
return,ElasticNet,repr_grid_raw,rolling_9m_3m,1,12,0.0
return,ElasticNet,repr_grid_raw,rolling_9m_3m,1,13,0.0
return,ElasticNet,repr_grid_raw,rolling_9m_3m,1,14,-0.03410517482324036
return,ElasticNet,repr_grid_raw,rolling_9m_3m,1,15,0.0318035244161139
return,ElasticNet,repr_grid_raw,rolling_9m_3m,1,16,0.050651051256107436
return,ElasticNet,repr_grid_raw,rolling_9m_3m,1,17,-0.06055158342786773
return,ElasticNet,repr_grid_raw,rolling_9m_3m,1,18,0.0
return,ElasticNet,repr_grid_raw,rolling_9m_3m,1,19,-0.005865778316271532
return,ElasticNet,repr_grid_raw,rolling_9m_3m,1,20,0.0
return,ElasticNet,repr_grid_raw,rolling_9m_3m,1,21,0.0
return,ElasticNet,repr_grid_raw,rolling_9m_3m,1,22,0.0
return,ElasticNet,repr_grid_raw,rolling_9m_3m,1,23,-0.02374709197131852
return,ElasticNet,repr_grid_raw,rolling_9m_3m,1,24,0.0
return,ElasticNet,repr_grid_raw,rolling_9m_3m,1,25,-0.02022432851936943
return,ElasticNet,repr_grid_raw,rolling_9m_3m,1,26,0.031162670529456225
return,ElasticNet,repr_grid_raw,rolling_9m_3m,1,27,0.019294684031331596
return,ElasticNet,repr_grid_raw,rolling_9m_3m,1,28,0.015289678026803966
return,ElasticNet,repr_grid_raw,rolling_9m_3m,1,29,0.011531595913206813
return,ElasticNet,repr_grid_raw,rolling_9m_3m,1,30,0.0
return,ElasticNet,repr_grid_raw,rolling_9m_3m,1,31,0.022083971463599812
return,OLS,repr_grid_raw,expanding,1,0,-0.012935303767123828
return,OLS,repr_grid_raw,expanding,1,1,-0.011928219108125788
return,OLS,repr_grid_raw,expanding,1,2,0.035528193137201146
return,OLS,repr_grid_raw,expanding,1,3,-0.02626436607327431
return,OLS,repr_grid_raw,expanding,1,4,0.030755577800280962
return,OLS,repr_grid_raw,expanding,1,5,0.006626461077892813
return,OLS,repr_grid_raw,expanding,1,6,-0.017626108461029282
return,OLS,repr_grid_raw,expanding,1,7,-0.008497130018458306
return,OLS,repr_grid_raw,expanding,1,8,0.0017665760912582633
return,OLS,repr_grid_raw,expanding,1,9,0.04287257065107841
return,OLS,repr_grid_raw,expanding,1,10,0.04846872317715533
return,OLS,repr_grid_raw,expanding,1,11,0.00788737280282298
return,OLS,repr_grid_raw,expanding,1,12,-0.04954050461093044
return,OLS,repr_grid_raw,expanding,1,13,0.04602601309538317
return,OLS,repr_grid_raw,expanding,1,14,0.028294779457514616
return,OLS,repr_grid_raw,expanding,1,15,0.024837902988506473
return,OLS,repr_grid_raw,expanding,1,16,-0.04169500724578113
return,OLS,repr_grid_raw,expanding,1,17,0.00457893856274632
return,OLS,repr_grid_raw,expanding,1,18,0.018901847311750812
return,OLS,repr_grid_raw,expanding,1,19,-0.01537951583564361
return,OLS,repr_grid_raw,expanding,1,20,0.01719023833529841
return,OLS,repr_grid_raw,expanding,1,21,0.07271963156515512
return,OLS,repr_grid_raw,expanding,1,22,0.037424319210824585
return,OLS,repr_grid_raw,expanding,1,23,0.018552752918253684
return,OLS,repr_grid_raw,expanding,1,24,0.0034282096352432905
return,OLS,repr_grid_raw,expanding,1,25,0.019457331830171964
return,OLS,repr_grid_raw,expanding,1,26,0.02037051275639889
return,OLS,repr_grid_raw,rolling_9m_3m,1,0,-0.03369454506427547
return,OLS,repr_grid_raw,rolling_9m_3m,1,1,-0.03729828984941109
return,OLS,repr_grid_raw,rolling_9m_3m,1,2,0.012448952366283277
return,OLS,repr_grid_raw,rolling_9m_3m,1,3,0.028036749940433203
return,OLS,repr_grid_raw,rolling_9m_3m,1,4,0.04550018269147999
return,OLS,repr_grid_raw,rolling_9m_3m,1,5,0.012520631211175795
return,OLS,repr_grid_raw,rolling_9m_3m,1,6,-0.00608889736650409
return,OLS,repr_grid_raw,rolling_9m_3m,1,7,0.04027497862371597
return,OLS,repr_grid_raw,rolling_9m_3m,1,8,-0.015413417824554727
return,OLS,repr_grid_raw,rolling_9m_3m,1,9,0.0047134966210534155
return,OLS,repr_grid_raw,rolling_9m_3m,1,10,0.04283912154326903
return,OLS,repr_grid_raw,rolling_9m_3m,1,11,0.0430792528916578
return,OLS,repr_grid_raw,rolling_9m_3m,1,12,-0.05340125215664121
return,OLS,repr_grid_raw,rolling_9m_3m,1,13,0.02285271536792291
return,OLS,repr_grid_raw,rolling_9m_3m,1,14,0.028503309442695586
return,OLS,repr_grid_raw,rolling_9m_3m,1,15,0.02631108656097942
return,OLS,repr_grid_raw,rolling_9m_3m,1,16,0.007207984451538888
return,OLS,repr_grid_raw,rolling_9m_3m,1,17,-0.021255823948571183
return,OLS,repr_grid_raw,rolling_9m_3m,1,18,0.01865076824524839
return,OLS,repr_grid_raw,rolling_9m_3m,1,19,0.011074009446560765
return,OLS,repr_grid_raw,rolling_9m_3m,1,20,-0.006458039749243076
return,OLS,repr_grid_raw,rolling_9m_3m,1,21,0.010261509084578851
return,OLS,repr_grid_raw,rolling_9m_3m,1,22,0.04303374731310011
return,OLS,repr_grid_raw,rolling_9m_3m,1,23,0.01884608948319894
return,OLS,repr_grid_raw,rolling_9m_3m,1,24,-0.023239794091328283
return,OLS,repr_grid_raw,rolling_9m_3m,1,25,-0.021976024684741458
return,OLS,repr_grid_raw,rolling_9m_3m,1,26,-0.051429250363494175
return,OLS,repr_grid_raw,rolling_9m_3m,1,27,0.03738076933761917
return,OLS,repr_grid_raw,rolling_9m_3m,1,28,0.009703541029658026
return,OLS,repr_grid_raw,rolling_9m_3m,1,29,0.011683412929812705
return,OLS,repr_grid_raw,rolling_9m_3m,1,30,0.018537721142192445
return,OLS,repr_grid_raw,rolling_9m_3m,1,31,0.044023400053644364
return,XGBoost,repr_grid_raw,expanding,1,0,-0.024130992280116663
return,XGBoost,repr_grid_raw,expanding,1,1,0.018999619238536013
return,XGBoost,repr_grid_raw,expanding,1,2,0.018155801008848255
return,XGBoost,repr_grid_raw,expanding,1,3,-0.02650651188095058
return,XGBoost,repr_grid_raw,expanding,1,4,0.016720761517227817
return,XGBoost,repr_grid_raw,expanding,1,5,-0.01997437552761642
return,XGBoost,repr_grid_raw,expanding,1,6,-0.02458238149914808
return,XGBoost,repr_grid_raw,expanding,1,7,0.01958498117610979
return,XGBoost,repr_grid_raw,expanding,1,8,-0.005277414058866397
return,XGBoost,repr_grid_raw,expanding,1,9,-0.0002794700949086915
return,XGBoost,repr_grid_raw,expanding,1,10,-0.003927353344550881
return,XGBoost,repr_grid_raw,expanding,1,11,0.0013050367915755266
return,XGBoost,repr_grid_raw,expanding,1,12,-0.001925707161818963
return,XGBoost,repr_grid_raw,expanding,1,13,0.0052591851205775215
return,XGBoost,repr_grid_raw,expanding,1,14,0.020639857944207855
return,XGBoost,repr_grid_raw,expanding,1,15,-0.030366970992697747
return,XGBoost,repr_grid_raw,expanding,1,16,-0.0026858160678478404
return,XGBoost,repr_grid_raw,expanding,1,17,-0.029031602686345526
return,XGBoost,repr_grid_raw,expanding,1,18,0.008119667144075795
return,XGBoost,repr_grid_raw,expanding,1,19,-0.009839086440848981
return,XGBoost,repr_grid_raw,expanding,1,20,0.04503473627023893
return,XGBoost,repr_grid_raw,expanding,1,21,0.0643428765294439
return,XGBoost,repr_grid_raw,expanding,1,22,0.030894678723762486
return,XGBoost,repr_grid_raw,expanding,1,23,0.00940849079296254
return,XGBoost,repr_grid_raw,expanding,1,24,0.016351834984319108
return,XGBoost,repr_grid_raw,expanding,1,25,0.007417996153136499
return,XGBoost,repr_grid_raw,expanding,1,26,0.0018219314678497502
return,XGBoost,repr_grid_raw,rolling_9m_3m,1,0,0.017383462224063357
return,XGBoost,repr_grid_raw,rolling_9m_3m,1,1,0.016383933186154814
return,XGBoost,repr_grid_raw,rolling_9m_3m,1,2,0.017847556918653723
return,XGBoost,repr_grid_raw,rolling_9m_3m,1,3,0.016446089345351158
return,XGBoost,repr_grid_raw,rolling_9m_3m,1,4,-0.010078828194632784
return,XGBoost,repr_grid_raw,rolling_9m_3m,1,5,0.010043481779185476
return,XGBoost,repr_grid_raw,rolling_9m_3m,1,6,0.02621615769986923
return,XGBoost,repr_grid_raw,rolling_9m_3m,1,7,0.038261961328841576
return,XGBoost,repr_grid_raw,rolling_9m_3m,1,8,-0.02091502123274444
return,XGBoost,repr_grid_raw,rolling_9m_3m,1,9,0.01764448494475189
return,XGBoost,repr_grid_raw,rolling_9m_3m,1,10,0.05728857455270958
return,XGBoost,repr_grid_raw,rolling_9m_3m,1,11,-0.002639305453663827
return,XGBoost,repr_grid_raw,rolling_9m_3m,1,12,-0.023999505101639097
return,XGBoost,repr_grid_raw,rolling_9m_3m,1,13,-0.044329190355326724
return,XGBoost,repr_grid_raw,rolling_9m_3m,1,14,-0.006044951765785217
return,XGBoost,repr_grid_raw,rolling_9m_3m,1,15,-0.001736529609877501
return,XGBoost,repr_grid_raw,rolling_9m_3m,1,16,0.011640276600031797
return,XGBoost,repr_grid_raw,rolling_9m_3m,1,17,-0.02527624429343859
return,XGBoost,repr_grid_raw,rolling_9m_3m,1,18,0.003879679099059557
return,XGBoost,repr_grid_raw,rolling_9m_3m,1,19,0.04924632087113008
return,XGBoost,repr_grid_raw,rolling_9m_3m,1,20,0.047267836807219944
return,XGBoost,repr_grid_raw,rolling_9m_3m,1,21,-0.05989672515428481
return,XGBoost,repr_grid_raw,rolling_9m_3m,1,22,0.0009044869695806738
return,XGBoost,repr_grid_raw,rolling_9m_3m,1,23,-0.005796274362793441
return,XGBoost,repr_grid_raw,rolling_9m_3m,1,24,-0.009795349893611038
return,XGBoost,repr_grid_raw,rolling_9m_3m,1,25,0.005871327919079548
return,XGBoost,repr_grid_raw,rolling_9m_3m,1,26,0.0386711990582331
return,XGBoost,repr_grid_raw,rolling_9m_3m,1,27,0.030636861902903646
return,XGBoost,repr_grid_raw,rolling_9m_3m,1,28,0.005410561498924987
return,XGBoost,repr_grid_raw,rolling_9m_3m,1,29,-0.005680393757403707
return,XGBoost,repr_grid_raw,rolling_9m_3m,1,30,0.005425192008301685
return,XGBoost,repr_grid_raw,rolling_9m_3m,1,31,0.014206109286435531
return,ElasticNet,repr_bkm,expanding,1,0,0.0
return,ElasticNet,repr_bkm,expanding,1,1,0.0
return,ElasticNet,repr_bkm,expanding,1,2,0.0
return,ElasticNet,repr_bkm,expanding,1,3,0.0
return,ElasticNet,repr_bkm,expanding,1,4,0.0
return,ElasticNet,repr_bkm,expanding,1,5,0.0
return,ElasticNet,repr_bkm,expanding,1,6,0.0
return,ElasticNet,repr_bkm,expanding,1,7,0.0
return,ElasticNet,repr_bkm,expanding,1,8,0.0
return,ElasticNet,repr_bkm,expanding,1,9,0.0
return,ElasticNet,repr_bkm,expanding,1,10,0.0
return,ElasticNet,repr_bkm,expanding,1,11,0.0
return,ElasticNet,repr_bkm,expanding,1,12,0.0
return,ElasticNet,repr_bkm,expanding,1,13,0.0
return,ElasticNet,repr_bkm,expanding,1,14,0.0
return,ElasticNet,repr_bkm,expanding,1,15,0.0
return,ElasticNet,repr_bkm,expanding,1,16,0.0
return,ElasticNet,repr_bkm,expanding,1,17,0.0
return,ElasticNet,repr_bkm,expanding,1,18,0.0
return,ElasticNet,repr_bkm,expanding,1,19,0.0
return,ElasticNet,repr_bkm,expanding,1,20,0.0
return,ElasticNet,repr_bkm,expanding,1,21,0.0
return,ElasticNet,repr_bkm,expanding,1,22,0.0
return,ElasticNet,repr_bkm,expanding,1,23,0.0
return,ElasticNet,repr_bkm,expanding,1,24,0.0
return,ElasticNet,repr_bkm,expanding,1,25,0.0
return,ElasticNet,repr_bkm,expanding,1,26,0.0
return,ElasticNet,repr_bkm,rolling_9m_3m,1,0,0.022861737023255425
return,ElasticNet,repr_bkm,rolling_9m_3m,1,1,-0.009787074275813679
return,ElasticNet,repr_bkm,rolling_9m_3m,1,2,-0.021637814121631092
return,ElasticNet,repr_bkm,rolling_9m_3m,1,3,0.011975976105006813
return,ElasticNet,repr_bkm,rolling_9m_3m,1,4,0.0
return,ElasticNet,repr_bkm,rolling_9m_3m,1,5,0.0
return,ElasticNet,repr_bkm,rolling_9m_3m,1,6,0.008852960175580562
return,ElasticNet,repr_bkm,rolling_9m_3m,1,7,-0.02067288069775653
return,ElasticNet,repr_bkm,rolling_9m_3m,1,8,0.010090322021584944
return,ElasticNet,repr_bkm,rolling_9m_3m,1,9,0.0
return,ElasticNet,repr_bkm,rolling_9m_3m,1,10,0.0
return,ElasticNet,repr_bkm,rolling_9m_3m,1,11,0.0
return,ElasticNet,repr_bkm,rolling_9m_3m,1,12,0.0
return,ElasticNet,repr_bkm,rolling_9m_3m,1,13,0.0
return,ElasticNet,repr_bkm,rolling_9m_3m,1,14,-0.04524442355763136
return,ElasticNet,repr_bkm,rolling_9m_3m,1,15,0.0318035244161139
return,ElasticNet,repr_bkm,rolling_9m_3m,1,16,0.050651051256107436
return,ElasticNet,repr_bkm,rolling_9m_3m,1,17,-0.060660754826445666
return,ElasticNet,repr_bkm,rolling_9m_3m,1,18,0.0351873275136013
return,ElasticNet,repr_bkm,rolling_9m_3m,1,19,-0.005672478358188895
return,ElasticNet,repr_bkm,rolling_9m_3m,1,20,0.0
return,ElasticNet,repr_bkm,rolling_9m_3m,1,21,0.0
return,ElasticNet,repr_bkm,rolling_9m_3m,1,22,0.0
return,ElasticNet,repr_bkm,rolling_9m_3m,1,23,0.0
return,ElasticNet,repr_bkm,rolling_9m_3m,1,24,0.0
return,ElasticNet,repr_bkm,rolling_9m_3m,1,25,-0.02022432851936943
return,ElasticNet,repr_bkm,rolling_9m_3m,1,26,0.02796129228673736
return,ElasticNet,repr_bkm,rolling_9m_3m,1,27,0.02260127996703793
return,ElasticNet,repr_bkm,rolling_9m_3m,1,28,0.010119792571388259
return,ElasticNet,repr_bkm,rolling_9m_3m,1,29,0.0
return,ElasticNet,repr_bkm,rolling_9m_3m,1,30,0.0
return,ElasticNet,repr_bkm,rolling_9m_3m,1,31,0.022083971463599812
return,OLS,repr_bkm,expanding,1,0,-0.007880796970107828
return,OLS,repr_bkm,expanding,1,1,-0.010918599486575168
return,OLS,repr_bkm,expanding,1,2,0.036793435320271586
return,OLS,repr_bkm,expanding,1,3,-0.034047333626225106
return,OLS,repr_bkm,expanding,1,4,0.04464571715523382
return,OLS,repr_bkm,expanding,1,5,0.007835243441897677
return,OLS,repr_bkm,expanding,1,6,-0.025032620957501066
return,OLS,repr_bkm,expanding,1,7,-0.009019330925730677
return,OLS,repr_bkm,expanding,1,8,0.011321323756061114
return,OLS,repr_bkm,expanding,1,9,0.03643016709052305
return,OLS,repr_bkm,expanding,1,10,0.04879067661946606
return,OLS,repr_bkm,expanding,1,11,0.009315390814122896
return,OLS,repr_bkm,expanding,1,12,-0.054140392585981224
return,OLS,repr_bkm,expanding,1,13,0.03452434398170209
return,OLS,repr_bkm,expanding,1,14,0.02668435769666601
return,OLS,repr_bkm,expanding,1,15,0.03014973920236556
return,OLS,repr_bkm,expanding,1,16,-0.05836837728371021
return,OLS,repr_bkm,expanding,1,17,-0.002510881147089096
return,OLS,repr_bkm,expanding,1,18,0.016318477126464014
return,OLS,repr_bkm,expanding,1,19,-0.023357916956768313
return,OLS,repr_bkm,expanding,1,20,0.021778813356634882
return,OLS,repr_bkm,expanding,1,21,0.06854194020850314
return,OLS,repr_bkm,expanding,1,22,0.044666853877030135
return,OLS,repr_bkm,expanding,1,23,0.01668228985327617
return,OLS,repr_bkm,expanding,1,24,-0.0012137550414635535
return,OLS,repr_bkm,expanding,1,25,0.017496761789215325
return,OLS,repr_bkm,expanding,1,26,0.02106991476621232
return,OLS,repr_bkm,rolling_9m_3m,1,0,-0.03506713674424395
return,OLS,repr_bkm,rolling_9m_3m,1,1,-0.04078990148401447
return,OLS,repr_bkm,rolling_9m_3m,1,2,0.007803903458596876
return,OLS,repr_bkm,rolling_9m_3m,1,3,0.03146527445861057
return,OLS,repr_bkm,rolling_9m_3m,1,4,0.044699252793332665
return,OLS,repr_bkm,rolling_9m_3m,1,5,0.002296282830384173
return,OLS,repr_bkm,rolling_9m_3m,1,6,-0.011573369248549927
return,OLS,repr_bkm,rolling_9m_3m,1,7,0.05095830118380832
return,OLS,repr_bkm,rolling_9m_3m,1,8,-0.019267946130527965
return,OLS,repr_bkm,rolling_9m_3m,1,9,0.009573740598871597
return,OLS,repr_bkm,rolling_9m_3m,1,10,0.05523950677981062
return,OLS,repr_bkm,rolling_9m_3m,1,11,0.028874878045902903
return,OLS,repr_bkm,rolling_9m_3m,1,12,-0.044751649049771726
return,OLS,repr_bkm,rolling_9m_3m,1,13,0.03214163472009275
return,OLS,repr_bkm,rolling_9m_3m,1,14,0.032113318544945244
return,OLS,repr_bkm,rolling_9m_3m,1,15,0.02438203416537722
return,OLS,repr_bkm,rolling_9m_3m,1,16,0.005282964069352253
return,OLS,repr_bkm,rolling_9m_3m,1,17,-0.020186756168968326
return,OLS,repr_bkm,rolling_9m_3m,1,18,0.020486656096377336
return,OLS,repr_bkm,rolling_9m_3m,1,19,0.010150337696871651
return,OLS,repr_bkm,rolling_9m_3m,1,20,-0.006611018475908824
return,OLS,repr_bkm,rolling_9m_3m,1,21,-0.008415555486318994
return,OLS,repr_bkm,rolling_9m_3m,1,22,0.05195121588435763
return,OLS,repr_bkm,rolling_9m_3m,1,23,0.020700972115443028
return,OLS,repr_bkm,rolling_9m_3m,1,24,-0.02428791200632964
return,OLS,repr_bkm,rolling_9m_3m,1,25,-0.037430916933133204
return,OLS,repr_bkm,rolling_9m_3m,1,26,-0.006603225669004322
return,OLS,repr_bkm,rolling_9m_3m,1,27,0.01559862682819836
return,OLS,repr_bkm,rolling_9m_3m,1,28,0.01443418543628541
return,OLS,repr_bkm,rolling_9m_3m,1,29,0.010433640051607499
return,OLS,repr_bkm,rolling_9m_3m,1,30,0.023781153470189692
return,OLS,repr_bkm,rolling_9m_3m,1,31,0.04665226045206261
return,XGBoost,repr_bkm,expanding,1,0,-0.04587013494270902
return,XGBoost,repr_bkm,expanding,1,1,-0.01690712212445915
return,XGBoost,repr_bkm,expanding,1,2,-0.015098670311932266
return,XGBoost,repr_bkm,expanding,1,3,0.01757590189170415
return,XGBoost,repr_bkm,expanding,1,4,-0.03286617001198792
return,XGBoost,repr_bkm,expanding,1,5,0.0034010955552384982
return,XGBoost,repr_bkm,expanding,1,6,-0.01909775378897952
return,XGBoost,repr_bkm,expanding,1,7,0.04115999642460268
return,XGBoost,repr_bkm,expanding,1,8,0.0057308094758860405
return,XGBoost,repr_bkm,expanding,1,9,0.005384317458346824
return,XGBoost,repr_bkm,expanding,1,10,0.006470638786789908
return,XGBoost,repr_bkm,expanding,1,11,0.004440108326700507
return,XGBoost,repr_bkm,expanding,1,12,0.004618023679176511
return,XGBoost,repr_bkm,expanding,1,13,0.007459607310099426
return,XGBoost,repr_bkm,expanding,1,14,0.017923424607905584
return,XGBoost,repr_bkm,expanding,1,15,0.025805892155577288
return,XGBoost,repr_bkm,expanding,1,16,-0.0021390664550414505
return,XGBoost,repr_bkm,expanding,1,17,0.014906171298769293
return,XGBoost,repr_bkm,expanding,1,18,0.004211727720570043
return,XGBoost,repr_bkm,expanding,1,19,-0.0015001766409804594
return,XGBoost,repr_bkm,expanding,1,20,0.026186718764094362
return,XGBoost,repr_bkm,expanding,1,21,0.00879332967801571
return,XGBoost,repr_bkm,expanding,1,22,0.03130657355055432
return,XGBoost,repr_bkm,expanding,1,23,-0.014278239268474843
return,XGBoost,repr_bkm,expanding,1,24,0.006905720137868922
return,XGBoost,repr_bkm,expanding,1,25,0.01797983493868402
return,XGBoost,repr_bkm,expanding,1,26,-0.008399800542910087
return,XGBoost,repr_bkm,rolling_9m_3m,1,0,-0.005845431101114196
return,XGBoost,repr_bkm,rolling_9m_3m,1,1,0.007294724336701764
return,XGBoost,repr_bkm,rolling_9m_3m,1,2,-0.017424592765287576
return,XGBoost,repr_bkm,rolling_9m_3m,1,3,-0.00019217986462137756
return,XGBoost,repr_bkm,rolling_9m_3m,1,4,0.009944520222252002
return,XGBoost,repr_bkm,rolling_9m_3m,1,5,-0.014855285671845131
return,XGBoost,repr_bkm,rolling_9m_3m,1,6,-0.02975242382662294
return,XGBoost,repr_bkm,rolling_9m_3m,1,7,-0.006662143279024587
return,XGBoost,repr_bkm,rolling_9m_3m,1,8,0.014462193326398748
return,XGBoost,repr_bkm,rolling_9m_3m,1,9,0.0011211944015994053
return,XGBoost,repr_bkm,rolling_9m_3m,1,10,0.04131408304431687
return,XGBoost,repr_bkm,rolling_9m_3m,1,11,0.0213588219335212
return,XGBoost,repr_bkm,rolling_9m_3m,1,12,-0.02947229873719817
return,XGBoost,repr_bkm,rolling_9m_3m,1,13,0.02856301700680926
return,XGBoost,repr_bkm,rolling_9m_3m,1,14,0.04264437852944036
return,XGBoost,repr_bkm,rolling_9m_3m,1,15,0.0011176045944575339
return,XGBoost,repr_bkm,rolling_9m_3m,1,16,0.010475020431331018
return,XGBoost,repr_bkm,rolling_9m_3m,1,17,-0.008223880921847261
return,XGBoost,repr_bkm,rolling_9m_3m,1,18,0.029961626276311278
return,XGBoost,repr_bkm,rolling_9m_3m,1,19,0.044302421303245985
return,XGBoost,repr_bkm,rolling_9m_3m,1,20,0.03627709297643804
return,XGBoost,repr_bkm,rolling_9m_3m,1,21,0.0016240546266262092
return,XGBoost,repr_bkm,rolling_9m_3m,1,22,-0.0034247906881787037
return,XGBoost,repr_bkm,rolling_9m_3m,1,23,-0.004327738920170856
return,XGBoost,repr_bkm,rolling_9m_3m,1,24,0.007817326328879926
return,XGBoost,repr_bkm,rolling_9m_3m,1,25,-0.003134248846694303
return,XGBoost,repr_bkm,rolling_9m_3m,1,26,-0.013807756019236055
return,XGBoost,repr_bkm,rolling_9m_3m,1,27,0.004590778119175337
return,XGBoost,repr_bkm,rolling_9m_3m,1,28,-0.0011674769789031339
return,XGBoost,repr_bkm,rolling_9m_3m,1,29,0.00641076896212553
return,XGBoost,repr_bkm,rolling_9m_3m,1,30,0.0070580259478714704
return,XGBoost,repr_bkm,rolling_9m_3m,1,31,-0.0013809709254554035
return,ElasticNet,A,expanding,3,0,0.0
return,ElasticNet,A,expanding,3,1,0.0
return,ElasticNet,A,expanding,3,2,0.0
return,ElasticNet,A,expanding,3,3,0.0
return,ElasticNet,A,expanding,3,4,0.04893232363625178
return,ElasticNet,A,expanding,3,5,-0.005101366743971655
return,ElasticNet,A,expanding,3,6,-0.03459106632183978
return,ElasticNet,A,expanding,3,7,0.11173610690528349
return,ElasticNet,A,expanding,3,8,-0.02575682655478221
return,ElasticNet,A,expanding,3,9,0.04360737133200142
return,ElasticNet,A,expanding,3,10,0.06470070996751523
return,ElasticNet,A,expanding,3,11,-0.011908570373918435
return,ElasticNet,A,expanding,3,12,-0.07419518362575893
return,ElasticNet,A,expanding,3,13,0.005473520013889051
return,ElasticNet,A,expanding,3,14,0.031061679134520508
return,ElasticNet,A,expanding,3,15,0.016703506281776918
return,ElasticNet,A,expanding,3,16,-0.054634216416887586
return,ElasticNet,A,expanding,3,17,0.03703672843647268
return,ElasticNet,A,expanding,3,18,0.004408296073461332
return,ElasticNet,A,expanding,3,19,-0.008615636109560872
return,ElasticNet,A,expanding,3,20,0.06974202547112446
return,ElasticNet,A,expanding,3,21,0.09558012102847299
return,ElasticNet,A,expanding,3,22,0.0066673949425492636
return,ElasticNet,A,expanding,3,23,0.001395767592601593
return,ElasticNet,A,expanding,3,24,0.0
return,ElasticNet,A,expanding,3,25,0.028529717890458675
return,ElasticNet,A,expanding,3,26,0.019814260845096264
return,ElasticNet,A,rolling_9m_3m,3,0,0.0
return,ElasticNet,A,rolling_9m_3m,3,1,0.0
return,ElasticNet,A,rolling_9m_3m,3,2,-0.030930033670653265
return,ElasticNet,A,rolling_9m_3m,3,3,0.0
return,ElasticNet,A,rolling_9m_3m,3,4,0.0
return,ElasticNet,A,rolling_9m_3m,3,5,0.0
return,ElasticNet,A,rolling_9m_3m,3,6,0.0
return,ElasticNet,A,rolling_9m_3m,3,7,0.0
return,ElasticNet,A,rolling_9m_3m,3,8,0.0
return,ElasticNet,A,rolling_9m_3m,3,9,0.0
return,ElasticNet,A,rolling_9m_3m,3,10,0.0
return,ElasticNet,A,rolling_9m_3m,3,11,0.0
return,ElasticNet,A,rolling_9m_3m,3,12,-0.03340083907267501
return,ElasticNet,A,rolling_9m_3m,3,13,0.0
return,ElasticNet,A,rolling_9m_3m,3,14,0.0
return,ElasticNet,A,rolling_9m_3m,3,15,0.08072405637805109
return,ElasticNet,A,rolling_9m_3m,3,16,-0.0507530968748302
return,ElasticNet,A,rolling_9m_3m,3,17,0.0
return,ElasticNet,A,rolling_9m_3m,3,18,0.013761041857656857
return,ElasticNet,A,rolling_9m_3m,3,19,-0.001661322603215618
return,ElasticNet,A,rolling_9m_3m,3,20,0.0
return,ElasticNet,A,rolling_9m_3m,3,21,0.0
return,ElasticNet,A,rolling_9m_3m,3,22,0.0
return,ElasticNet,A,rolling_9m_3m,3,23,0.028140422861445174
return,ElasticNet,A,rolling_9m_3m,3,24,0.0
return,ElasticNet,A,rolling_9m_3m,3,25,0.0
return,ElasticNet,A,rolling_9m_3m,3,26,0.03490493021677792
return,ElasticNet,A,rolling_9m_3m,3,27,0.0
return,ElasticNet,A,rolling_9m_3m,3,28,0.033609300867598564
return,ElasticNet,A,rolling_9m_3m,3,29,0.02576013661383428
return,ElasticNet,A,rolling_9m_3m,3,30,0.0
return,ElasticNet,A,rolling_9m_3m,3,31,0.0
return,OLS,A,expanding,3,0,0.003251280163388029
return,OLS,A,expanding,3,1,0.024301126727927225
return,OLS,A,expanding,3,2,0.04785775537189117
return,OLS,A,expanding,3,3,-0.033199517857978735
return,OLS,A,expanding,3,4,0.08135130213807328
return,OLS,A,expanding,3,5,0.019739684394694434
return,OLS,A,expanding,3,6,-0.03332171008331017
return,OLS,A,expanding,3,7,-0.0012888468653831765
return,OLS,A,expanding,3,8,0.016575315868361726
return,OLS,A,expanding,3,9,0.09891284311994185
return,OLS,A,expanding,3,10,0.11220319693401874
return,OLS,A,expanding,3,11,-0.07821268960997299
return,OLS,A,expanding,3,12,-0.04262008309019465
return,OLS,A,expanding,3,13,0.03530795832641914
return,OLS,A,expanding,3,14,0.036896790974123406
return,OLS,A,expanding,3,15,0.04334242971543411
return,OLS,A,expanding,3,16,-0.06629208698459853
return,OLS,A,expanding,3,17,-0.017333566330986826
return,OLS,A,expanding,3,18,-0.002861199644068556
return,OLS,A,expanding,3,19,-0.03396837115192033
return,OLS,A,expanding,3,20,0.033271714255441835
return,OLS,A,expanding,3,21,0.13204682408199675
return,OLS,A,expanding,3,22,0.05577491570623143
return,OLS,A,expanding,3,23,-0.008975798015536461
return,OLS,A,expanding,3,24,0.0002647723089974255
return,OLS,A,expanding,3,25,0.02857837588879102
return,OLS,A,expanding,3,26,-0.025779197665883987
return,OLS,A,rolling_9m_3m,3,0,-0.06828223402630318
return,OLS,A,rolling_9m_3m,3,1,-0.06995978648695345
return,OLS,A,rolling_9m_3m,3,2,0.02377091945366127
return,OLS,A,rolling_9m_3m,3,3,0.04807210018142691
return,OLS,A,rolling_9m_3m,3,4,0.03509054778446843
return,OLS,A,rolling_9m_3m,3,5,0.030281198504064244
return,OLS,A,rolling_9m_3m,3,6,0.02162988605556158
return,OLS,A,rolling_9m_3m,3,7,0.05495633175947137
return,OLS,A,rolling_9m_3m,3,8,-0.01616489652220417
return,OLS,A,rolling_9m_3m,3,9,0.0097090999255821
return,OLS,A,rolling_9m_3m,3,10,0.08078763700176937
return,OLS,A,rolling_9m_3m,3,11,0.04804909677296665
return,OLS,A,rolling_9m_3m,3,12,-0.08583323178578119
return,OLS,A,rolling_9m_3m,3,13,0.023892601642567277
return,OLS,A,rolling_9m_3m,3,14,0.11288672298216908
return,OLS,A,rolling_9m_3m,3,15,0.08368703587016756
return,OLS,A,rolling_9m_3m,3,16,-0.08063777419670072
return,OLS,A,rolling_9m_3m,3,17,0.01639778246651947
return,OLS,A,rolling_9m_3m,3,18,0.004476893857197339
return,OLS,A,rolling_9m_3m,3,19,0.02415614332929538
return,OLS,A,rolling_9m_3m,3,20,-0.016674942763102957
return,OLS,A,rolling_9m_3m,3,21,-0.025274344052220954
return,OLS,A,rolling_9m_3m,3,22,0.022038001001628654
return,OLS,A,rolling_9m_3m,3,23,0.040767269820762696
return,OLS,A,rolling_9m_3m,3,24,-0.061063139047697175
return,OLS,A,rolling_9m_3m,3,25,-0.046385933663303
return,OLS,A,rolling_9m_3m,3,26,-0.017865410234556362
return,OLS,A,rolling_9m_3m,3,27,0.006686656944607487
return,OLS,A,rolling_9m_3m,3,28,0.0027871123635812953
return,OLS,A,rolling_9m_3m,3,29,0.04395833451040141
return,OLS,A,rolling_9m_3m,3,30,0.018006142237673727
return,OLS,A,rolling_9m_3m,3,31,0.05088288951636684
return,XGBoost,A,expanding,3,0,-0.01000378735054265
return,XGBoost,A,expanding,3,1,0.05863654106667597
return,XGBoost,A,expanding,3,2,0.059897421647201195
return,XGBoost,A,expanding,3,3,-0.0084119510516472
return,XGBoost,A,expanding,3,4,-0.05383940847434611
return,XGBoost,A,expanding,3,5,-0.021318051970416627
return,XGBoost,A,expanding,3,6,0.04982174471498599
return,XGBoost,A,expanding,3,7,0.08383883859133855
return,XGBoost,A,expanding,3,8,-0.012159501274035301
return,XGBoost,A,expanding,3,9,-0.01434236886874219
return,XGBoost,A,expanding,3,10,0.04865330073385554
return,XGBoost,A,expanding,3,11,0.03935662398564062
return,XGBoost,A,expanding,3,12,0.018575651661510848
return,XGBoost,A,expanding,3,13,0.009112231938598326
return,XGBoost,A,expanding,3,14,0.03183073526546779
return,XGBoost,A,expanding,3,15,0.029938450364317123
return,XGBoost,A,expanding,3,16,-0.029389782956992842
return,XGBoost,A,expanding,3,17,-0.050423301968091874
return,XGBoost,A,expanding,3,18,0.03651872031217112
return,XGBoost,A,expanding,3,19,0.0005818774451109971
return,XGBoost,A,expanding,3,20,0.05084951264115011
return,XGBoost,A,expanding,3,21,0.05107791132196181
return,XGBoost,A,expanding,3,22,-0.03127352244588487
return,XGBoost,A,expanding,3,23,-0.06810273496331297
return,XGBoost,A,expanding,3,24,-0.010900009345760917
return,XGBoost,A,expanding,3,25,-0.022574694850983103
return,XGBoost,A,expanding,3,26,0.01523001061597475
return,XGBoost,A,rolling_9m_3m,3,0,-0.022922335299048635
return,XGBoost,A,rolling_9m_3m,3,1,0.00016876157472868358
return,XGBoost,A,rolling_9m_3m,3,2,-0.007987865644313879
return,XGBoost,A,rolling_9m_3m,3,3,0.010630861632193683
return,XGBoost,A,rolling_9m_3m,3,4,0.06038757385263515
return,XGBoost,A,rolling_9m_3m,3,5,0.046053840281078846
return,XGBoost,A,rolling_9m_3m,3,6,0.013419422244525598
return,XGBoost,A,rolling_9m_3m,3,7,0.07522261759123319
return,XGBoost,A,rolling_9m_3m,3,8,0.0454657182844915
return,XGBoost,A,rolling_9m_3m,3,9,0.006930412698488158
return,XGBoost,A,rolling_9m_3m,3,10,0.07143315758034573
return,XGBoost,A,rolling_9m_3m,3,11,0.010092357002046349
return,XGBoost,A,rolling_9m_3m,3,12,-0.03798177402429108
return,XGBoost,A,rolling_9m_3m,3,13,0.008609521840725227
return,XGBoost,A,rolling_9m_3m,3,14,-0.026312166300300397
return,XGBoost,A,rolling_9m_3m,3,15,0.03434461047461687
return,XGBoost,A,rolling_9m_3m,3,16,0.022438886149590456
return,XGBoost,A,rolling_9m_3m,3,17,-0.03408422315024267
return,XGBoost,A,rolling_9m_3m,3,18,-0.04091038024187123
return,XGBoost,A,rolling_9m_3m,3,19,0.04904594102217534
return,XGBoost,A,rolling_9m_3m,3,20,-0.013475438059399419
return,XGBoost,A,rolling_9m_3m,3,21,-0.02833087814643133
return,XGBoost,A,rolling_9m_3m,3,22,-0.025132118264711005
return,XGBoost,A,rolling_9m_3m,3,23,-0.015840085207333657
return,XGBoost,A,rolling_9m_3m,3,24,-0.018683349087476417
return,XGBoost,A,rolling_9m_3m,3,25,0.04357919314383552
return,XGBoost,A,rolling_9m_3m,3,26,0.007051692040015854
return,XGBoost,A,rolling_9m_3m,3,27,0.005423955338967433
return,XGBoost,A,rolling_9m_3m,3,28,-0.01440103473721702
return,XGBoost,A,rolling_9m_3m,3,29,0.009649613839471369
return,XGBoost,A,rolling_9m_3m,3,30,-0.0005090696714152347
return,XGBoost,A,rolling_9m_3m,3,31,0.012171610331666844
return,ElasticNet,B,expanding,3,0,0.054290842854604816
return,ElasticNet,B,expanding,3,1,0.07972734685168079
return,ElasticNet,B,expanding,3,2,0.054770827524764185
return,ElasticNet,B,expanding,3,3,-0.024560985321475538
return,ElasticNet,B,expanding,3,4,0.025955613858266904
return,ElasticNet,B,expanding,3,5,-0.06345972893693501
return,ElasticNet,B,expanding,3,6,-0.030565159319766475
return,ElasticNet,B,expanding,3,7,0.1207816552730535
return,ElasticNet,B,expanding,3,8,-0.028937205538697434
return,ElasticNet,B,expanding,3,9,0.04348906849762464
return,ElasticNet,B,expanding,3,10,0.03752391581007999
return,ElasticNet,B,expanding,3,11,0.034708136710194556
return,ElasticNet,B,expanding,3,12,0.024332080991266346
return,ElasticNet,B,expanding,3,13,0.028674622057163358
return,ElasticNet,B,expanding,3,14,0.013821639084024975
return,ElasticNet,B,expanding,3,15,-0.022312864457866247
return,ElasticNet,B,expanding,3,16,-0.0835828088631358
return,ElasticNet,B,expanding,3,17,-0.0899569221970379
return,ElasticNet,B,expanding,3,18,0.02552443479621979
return,ElasticNet,B,expanding,3,19,0.026348145488063055
return,ElasticNet,B,expanding,3,20,0.07556857323441724
return,ElasticNet,B,expanding,3,21,0.10341212309048144
return,ElasticNet,B,expanding,3,22,0.0033059382285673083
return,ElasticNet,B,expanding,3,23,-0.006188671701518699
return,ElasticNet,B,expanding,3,24,0.04087131566357098
return,ElasticNet,B,expanding,3,25,0.029663694503629434
return,ElasticNet,B,expanding,3,26,-0.030443769281365902
return,ElasticNet,B,rolling_9m_3m,3,0,0.0
return,ElasticNet,B,rolling_9m_3m,3,1,0.0019435550622007285
return,ElasticNet,B,rolling_9m_3m,3,2,0.02085974520779624
return,ElasticNet,B,rolling_9m_3m,3,3,0.04539651677035872
return,ElasticNet,B,rolling_9m_3m,3,4,0.09042807675948095
return,ElasticNet,B,rolling_9m_3m,3,5,0.05299421198293159
return,ElasticNet,B,rolling_9m_3m,3,6,0.0
return,ElasticNet,B,rolling_9m_3m,3,7,0.05738157295796594
return,ElasticNet,B,rolling_9m_3m,3,8,0.0013584453815657217
return,ElasticNet,B,rolling_9m_3m,3,9,0.0
return,ElasticNet,B,rolling_9m_3m,3,10,0.0
return,ElasticNet,B,rolling_9m_3m,3,11,0.0
return,ElasticNet,B,rolling_9m_3m,3,12,0.0006902552829694235
return,ElasticNet,B,rolling_9m_3m,3,13,0.0
return,ElasticNet,B,rolling_9m_3m,3,14,0.0
return,ElasticNet,B,rolling_9m_3m,3,15,0.0
return,ElasticNet,B,rolling_9m_3m,3,16,-0.024982748541499317
return,ElasticNet,B,rolling_9m_3m,3,17,-0.0049236426347380215
return,ElasticNet,B,rolling_9m_3m,3,18,-0.003986902214206299
return,ElasticNet,B,rolling_9m_3m,3,19,0.002951856555474019
return,ElasticNet,B,rolling_9m_3m,3,20,0.0
return,ElasticNet,B,rolling_9m_3m,3,21,0.0
return,ElasticNet,B,rolling_9m_3m,3,22,0.0
return,ElasticNet,B,rolling_9m_3m,3,23,0.0
return,ElasticNet,B,rolling_9m_3m,3,24,-0.01948217514368426
return,ElasticNet,B,rolling_9m_3m,3,25,-0.031113142294661264
return,ElasticNet,B,rolling_9m_3m,3,26,0.06934096882572689
return,ElasticNet,B,rolling_9m_3m,3,27,0.005445095999579811
return,ElasticNet,B,rolling_9m_3m,3,28,0.0061382652869406
return,ElasticNet,B,rolling_9m_3m,3,29,0.09334944329736979
return,ElasticNet,B,rolling_9m_3m,3,30,0.017498660234957435
return,ElasticNet,B,rolling_9m_3m,3,31,0.0
return,OLS,B,expanding,3,0,0.05099971554425926
return,OLS,B,expanding,3,1,0.013818868002105168
return,OLS,B,expanding,3,2,0.06642790181667955
return,OLS,B,expanding,3,3,-0.03249553751077872
return,OLS,B,expanding,3,4,0.05851555011223617
return,OLS,B,expanding,3,5,-0.014565177991586381
return,OLS,B,expanding,3,6,-0.03538188612805313
return,OLS,B,expanding,3,7,0.05295837827883899
return,OLS,B,expanding,3,8,0.04812973589613326
return,OLS,B,expanding,3,9,0.10110099634714796
return,OLS,B,expanding,3,10,0.10993069049035967
return,OLS,B,expanding,3,11,-0.061957947943806796
return,OLS,B,expanding,3,12,-0.009104511717634232
return,OLS,B,expanding,3,13,0.03683620771613987
return,OLS,B,expanding,3,14,-0.00847462509771409
return,OLS,B,expanding,3,15,0.048869787951273065
return,OLS,B,expanding,3,16,-0.05748984286158607
return,OLS,B,expanding,3,17,-0.04023188535982796
return,OLS,B,expanding,3,18,0.006353562372994354
return,OLS,B,expanding,3,19,-0.031105720662458796
return,OLS,B,expanding,3,20,0.05833012298914049
return,OLS,B,expanding,3,21,0.12218954332478936
return,OLS,B,expanding,3,22,0.03407484437067454
return,OLS,B,expanding,3,23,-0.006814432479852601
return,OLS,B,expanding,3,24,0.031437971232665445
return,OLS,B,expanding,3,25,0.0359984386671502
return,OLS,B,expanding,3,26,-0.012338098605857425
return,OLS,B,rolling_9m_3m,3,0,-0.07893246195295499
return,OLS,B,rolling_9m_3m,3,1,-0.04652439486694936
return,OLS,B,rolling_9m_3m,3,2,0.026683856635261228
return,OLS,B,rolling_9m_3m,3,3,0.04233183940488437
return,OLS,B,rolling_9m_3m,3,4,0.06462364113351605
return,OLS,B,rolling_9m_3m,3,5,0.06470051814901372
return,OLS,B,rolling_9m_3m,3,6,0.03857526151726
return,OLS,B,rolling_9m_3m,3,7,0.07458488187594287
return,OLS,B,rolling_9m_3m,3,8,-0.01440904178065609
return,OLS,B,rolling_9m_3m,3,9,-0.00044126565712529134
return,OLS,B,rolling_9m_3m,3,10,0.047321324611746395
return,OLS,B,rolling_9m_3m,3,11,0.044341013372006986
return,OLS,B,rolling_9m_3m,3,12,-0.043406919201314606
return,OLS,B,rolling_9m_3m,3,13,0.015710977467107392
return,OLS,B,rolling_9m_3m,3,14,0.0810889893332997
return,OLS,B,rolling_9m_3m,3,15,0.10084762915407618
return,OLS,B,rolling_9m_3m,3,16,-0.02952859591856267
return,OLS,B,rolling_9m_3m,3,17,0.046003206926335916
return,OLS,B,rolling_9m_3m,3,18,-0.03281908885653783
return,OLS,B,rolling_9m_3m,3,19,0.012449446233936677
return,OLS,B,rolling_9m_3m,3,20,0.004109728832113407
return,OLS,B,rolling_9m_3m,3,21,0.015870508282060252
return,OLS,B,rolling_9m_3m,3,22,0.03753730592430206
return,OLS,B,rolling_9m_3m,3,23,0.04132941312118068
return,OLS,B,rolling_9m_3m,3,24,-0.02714261789287168
return,OLS,B,rolling_9m_3m,3,25,-0.01240838312418491
return,OLS,B,rolling_9m_3m,3,26,-0.05296460027919009
return,OLS,B,rolling_9m_3m,3,27,0.003946358758213057
return,OLS,B,rolling_9m_3m,3,28,-0.011684801885317795
return,OLS,B,rolling_9m_3m,3,29,0.07144156277253486
return,OLS,B,rolling_9m_3m,3,30,0.026932137195009448
return,OLS,B,rolling_9m_3m,3,31,0.03495609502781143
return,XGBoost,B,expanding,3,0,0.04123127616625513
return,XGBoost,B,expanding,3,1,0.01898941380085806
return,XGBoost,B,expanding,3,2,-0.00964379488783927
return,XGBoost,B,expanding,3,3,0.01229103866590022
return,XGBoost,B,expanding,3,4,0.01983003387742799
return,XGBoost,B,expanding,3,5,-0.004806438316363382
return,XGBoost,B,expanding,3,6,-0.06580456547160027
return,XGBoost,B,expanding,3,7,0.042033236952889665
return,XGBoost,B,expanding,3,8,0.027901382239737902
return,XGBoost,B,expanding,3,9,0.008929079371295768
return,XGBoost,B,expanding,3,10,-0.02049875285320021
return,XGBoost,B,expanding,3,11,-0.003649428988973443
return,XGBoost,B,expanding,3,12,0.0016511502188329887
return,XGBoost,B,expanding,3,13,0.024861055581381835
return,XGBoost,B,expanding,3,14,0.043545070007528
return,XGBoost,B,expanding,3,15,-0.005274058919081852
return,XGBoost,B,expanding,3,16,-0.07987515834830236
return,XGBoost,B,expanding,3,17,-0.06753512847188348
return,XGBoost,B,expanding,3,18,0.029094346774093786
return,XGBoost,B,expanding,3,19,0.04381863930817124
return,XGBoost,B,expanding,3,20,0.02598752296477382
return,XGBoost,B,expanding,3,21,0.12529401826897343
return,XGBoost,B,expanding,3,22,0.02620108580234144
return,XGBoost,B,expanding,3,23,-0.023221380921723937
return,XGBoost,B,expanding,3,24,0.024552742062846727
return,XGBoost,B,expanding,3,25,0.039054587064613996
return,XGBoost,B,expanding,3,26,0.004162287338865536
return,XGBoost,B,rolling_9m_3m,3,0,0.0065125304215310365
return,XGBoost,B,rolling_9m_3m,3,1,-0.01318647075516619
return,XGBoost,B,rolling_9m_3m,3,2,0.01564038652144301
return,XGBoost,B,rolling_9m_3m,3,3,-0.008278790428415155
return,XGBoost,B,rolling_9m_3m,3,4,0.050943440068513
return,XGBoost,B,rolling_9m_3m,3,5,0.03701694640412948
return,XGBoost,B,rolling_9m_3m,3,6,-0.007435439451182571
return,XGBoost,B,rolling_9m_3m,3,7,0.02012259718503566
return,XGBoost,B,rolling_9m_3m,3,8,-0.009719668543745098
return,XGBoost,B,rolling_9m_3m,3,9,-0.010767352966456208
return,XGBoost,B,rolling_9m_3m,3,10,0.03967779075929323
return,XGBoost,B,rolling_9m_3m,3,11,0.01477617326832709
return,XGBoost,B,rolling_9m_3m,3,12,-0.04792653032840456
return,XGBoost,B,rolling_9m_3m,3,13,-0.004305147343061539
return,XGBoost,B,rolling_9m_3m,3,14,-0.014225177942132228
return,XGBoost,B,rolling_9m_3m,3,15,0.05185672546759111
return,XGBoost,B,rolling_9m_3m,3,16,-0.014515012122252936
return,XGBoost,B,rolling_9m_3m,3,17,-0.020964027011160385
return,XGBoost,B,rolling_9m_3m,3,18,-0.0052856971171257715
return,XGBoost,B,rolling_9m_3m,3,19,0.021318570257169746
return,XGBoost,B,rolling_9m_3m,3,20,0.010246518993127687
return,XGBoost,B,rolling_9m_3m,3,21,-0.04541358934766336
return,XGBoost,B,rolling_9m_3m,3,22,0.08315644892591847
return,XGBoost,B,rolling_9m_3m,3,23,0.03429308122310731
return,XGBoost,B,rolling_9m_3m,3,24,0.003595817272791222
return,XGBoost,B,rolling_9m_3m,3,25,-0.03770212264516308
return,XGBoost,B,rolling_9m_3m,3,26,0.07972277048613509
return,XGBoost,B,rolling_9m_3m,3,27,0.029287488779753547
return,XGBoost,B,rolling_9m_3m,3,28,0.029211676878037406
return,XGBoost,B,rolling_9m_3m,3,29,0.01272406055405532
return,XGBoost,B,rolling_9m_3m,3,30,0.016858979345656572
return,XGBoost,B,rolling_9m_3m,3,31,0.00025496791643822835
return,ElasticNet,C,expanding,3,0,0.005313894046904247
return,ElasticNet,C,expanding,3,1,0.0
return,ElasticNet,C,expanding,3,2,0.05017420793699701
return,ElasticNet,C,expanding,3,3,-0.024539513123587663
return,ElasticNet,C,expanding,3,4,0.025831745099226325
return,ElasticNet,C,expanding,3,5,-0.0640879644139948
return,ElasticNet,C,expanding,3,6,-0.030624335177062003
return,ElasticNet,C,expanding,3,7,0.12088399297502668
return,ElasticNet,C,expanding,3,8,-0.03043937816474607
return,ElasticNet,C,expanding,3,9,0.06781784844079679
return,ElasticNet,C,expanding,3,10,0.062458053336183796
return,ElasticNet,C,expanding,3,11,-0.003953271199484337
return,ElasticNet,C,expanding,3,12,-0.057261170794565934
return,ElasticNet,C,expanding,3,13,0.02354413070610344
return,ElasticNet,C,expanding,3,14,0.014323164232420135
return,ElasticNet,C,expanding,3,15,-0.034081892828701395
return,ElasticNet,C,expanding,3,16,-0.09656703125434861
return,ElasticNet,C,expanding,3,17,-0.08990402378990993
return,ElasticNet,C,expanding,3,18,0.02922873826184119
return,ElasticNet,C,expanding,3,19,0.02592337067097903
return,ElasticNet,C,expanding,3,20,0.07552121040558794
return,ElasticNet,C,expanding,3,21,0.10341212309048144
return,ElasticNet,C,expanding,3,22,0.0033059382285673083
return,ElasticNet,C,expanding,3,23,0.017205187177857028
return,ElasticNet,C,expanding,3,24,0.06344199224502943
return,ElasticNet,C,expanding,3,25,0.029663694503629434
return,ElasticNet,C,expanding,3,26,-0.010319003834459349
return,ElasticNet,C,rolling_9m_3m,3,0,0.0
return,ElasticNet,C,rolling_9m_3m,3,1,0.0
return,ElasticNet,C,rolling_9m_3m,3,2,-0.006021335727955218
return,ElasticNet,C,rolling_9m_3m,3,3,0.045993208577590136
return,ElasticNet,C,rolling_9m_3m,3,4,0.0
return,ElasticNet,C,rolling_9m_3m,3,5,0.0
return,ElasticNet,C,rolling_9m_3m,3,6,0.0
return,ElasticNet,C,rolling_9m_3m,3,7,0.05738157295796594
return,ElasticNet,C,rolling_9m_3m,3,8,0.0013584453815657217
return,ElasticNet,C,rolling_9m_3m,3,9,0.0
return,ElasticNet,C,rolling_9m_3m,3,10,0.0
return,ElasticNet,C,rolling_9m_3m,3,11,0.0
return,ElasticNet,C,rolling_9m_3m,3,12,-0.030277617680666506
return,ElasticNet,C,rolling_9m_3m,3,13,0.0
return,ElasticNet,C,rolling_9m_3m,3,14,0.0
return,ElasticNet,C,rolling_9m_3m,3,15,0.09225437683688807
return,ElasticNet,C,rolling_9m_3m,3,16,-0.05563582636700851
return,ElasticNet,C,rolling_9m_3m,3,17,-0.022790971054309113
return,ElasticNet,C,rolling_9m_3m,3,18,0.014471541074723487
return,ElasticNet,C,rolling_9m_3m,3,19,0.004655365278577308
return,ElasticNet,C,rolling_9m_3m,3,20,0.0
return,ElasticNet,C,rolling_9m_3m,3,21,0.0
return,ElasticNet,C,rolling_9m_3m,3,22,0.0
return,ElasticNet,C,rolling_9m_3m,3,23,0.03646847072316063
return,ElasticNet,C,rolling_9m_3m,3,24,-0.03344514608164674
return,ElasticNet,C,rolling_9m_3m,3,25,0.0
return,ElasticNet,C,rolling_9m_3m,3,26,0.07010472383402078
return,ElasticNet,C,rolling_9m_3m,3,27,0.023567563951765253
return,ElasticNet,C,rolling_9m_3m,3,28,0.014159923200057142
return,ElasticNet,C,rolling_9m_3m,3,29,0.08335430083934894
return,ElasticNet,C,rolling_9m_3m,3,30,0.0
return,ElasticNet,C,rolling_9m_3m,3,31,0.0
return,OLS,C,expanding,3,0,-0.016340343763738604
return,OLS,C,expanding,3,1,0.021155476098942305
return,OLS,C,expanding,3,2,0.03977054867428082
return,OLS,C,expanding,3,3,-0.03146065640378571
return,OLS,C,expanding,3,4,0.06473472585223324
return,OLS,C,expanding,3,5,-0.014145456074328794
return,OLS,C,expanding,3,6,-0.026637369228212197
return,OLS,C,expanding,3,7,0.009222117067636766
return,OLS,C,expanding,3,8,0.02860573273906739
return,OLS,C,expanding,3,9,0.08791316365658412
return,OLS,C,expanding,3,10,0.10745380571362824
return,OLS,C,expanding,3,11,-0.07056990811335763
return,OLS,C,expanding,3,12,-0.058458365864007385
return,OLS,C,expanding,3,13,0.02915281301134889
return,OLS,C,expanding,3,14,0.02936031877863371
return,OLS,C,expanding,3,15,0.04326171946523234
return,OLS,C,expanding,3,16,-0.05715154477716932
return,OLS,C,expanding,3,17,-0.03126747058339629
return,OLS,C,expanding,3,18,0.008883257795207452
return,OLS,C,expanding,3,19,-0.0099669102622131
return,OLS,C,expanding,3,20,0.05634757066053016
return,OLS,C,expanding,3,21,0.11535128349944467
return,OLS,C,expanding,3,22,0.05127121608535547
return,OLS,C,expanding,3,23,-0.014437097447077106
return,OLS,C,expanding,3,24,0.005243878391534204
return,OLS,C,expanding,3,25,0.039205208060645896
return,OLS,C,expanding,3,26,-0.009694938893886002
return,OLS,C,rolling_9m_3m,3,0,-0.07209280794779974
return,OLS,C,rolling_9m_3m,3,1,-0.0564877346312065
return,OLS,C,rolling_9m_3m,3,2,0.022548156784135187
return,OLS,C,rolling_9m_3m,3,3,0.04971196565059009
return,OLS,C,rolling_9m_3m,3,4,0.03897057426050862
return,OLS,C,rolling_9m_3m,3,5,0.022398344897389115
return,OLS,C,rolling_9m_3m,3,6,0.037356721011796754
return,OLS,C,rolling_9m_3m,3,7,0.053074946424458425
return,OLS,C,rolling_9m_3m,3,8,-0.019211057746393752
return,OLS,C,rolling_9m_3m,3,9,0.006389067713404272
return,OLS,C,rolling_9m_3m,3,10,0.07258249482239867
return,OLS,C,rolling_9m_3m,3,11,0.03905263752690618
return,OLS,C,rolling_9m_3m,3,12,-0.06980281895074723
return,OLS,C,rolling_9m_3m,3,13,-0.002799369055949978
return,OLS,C,rolling_9m_3m,3,14,0.08957976269533947
return,OLS,C,rolling_9m_3m,3,15,0.09548632930465654
return,OLS,C,rolling_9m_3m,3,16,-0.0511835724682277
return,OLS,C,rolling_9m_3m,3,17,0.04884332048567886
return,OLS,C,rolling_9m_3m,3,18,-0.02762418695984345
return,OLS,C,rolling_9m_3m,3,19,0.023181077572169275
return,OLS,C,rolling_9m_3m,3,20,0.00012118744162178202
return,OLS,C,rolling_9m_3m,3,21,-0.02743831134430661
return,OLS,C,rolling_9m_3m,3,22,0.009944813404954112
return,OLS,C,rolling_9m_3m,3,23,0.04132950379901774
return,OLS,C,rolling_9m_3m,3,24,-0.020948631075057605
return,OLS,C,rolling_9m_3m,3,25,0.0036687276343986813
return,OLS,C,rolling_9m_3m,3,26,-0.07109054189005676
return,OLS,C,rolling_9m_3m,3,27,0.012070646544836108
return,OLS,C,rolling_9m_3m,3,28,-0.006706243357412485
return,OLS,C,rolling_9m_3m,3,29,0.04339150037572013
return,OLS,C,rolling_9m_3m,3,30,0.015718078837962116
return,OLS,C,rolling_9m_3m,3,31,0.03368322613278957
return,XGBoost,C,expanding,3,0,0.014949915523899179
return,XGBoost,C,expanding,3,1,0.002438961799746638
return,XGBoost,C,expanding,3,2,3.903287250560163e-05
return,XGBoost,C,expanding,3,3,-0.0068238187888160625
return,XGBoost,C,expanding,3,4,0.01969159270419844
return,XGBoost,C,expanding,3,5,-0.016742204453096394
return,XGBoost,C,expanding,3,6,-0.03786967789123255
return,XGBoost,C,expanding,3,7,-0.026007564027470835
return,XGBoost,C,expanding,3,8,-0.011620027204120746
return,XGBoost,C,expanding,3,9,-0.05387414415985053
return,XGBoost,C,expanding,3,10,0.04098675805702151
return,XGBoost,C,expanding,3,11,0.02929633627761018
return,XGBoost,C,expanding,3,12,0.04771067267843005
return,XGBoost,C,expanding,3,13,0.01376591489306612
return,XGBoost,C,expanding,3,14,0.06862137099028832
return,XGBoost,C,expanding,3,15,0.00953028479241271
return,XGBoost,C,expanding,3,16,-0.05814588077248997
return,XGBoost,C,expanding,3,17,-0.05293133964013049
return,XGBoost,C,expanding,3,18,-0.02558731346327422
return,XGBoost,C,expanding,3,19,0.023992613204528532
return,XGBoost,C,expanding,3,20,0.06334824319594336
return,XGBoost,C,expanding,3,21,0.056077206442386465
return,XGBoost,C,expanding,3,22,0.05433157136471253
return,XGBoost,C,expanding,3,23,0.00653002858776486
return,XGBoost,C,expanding,3,24,0.011322933272824638
return,XGBoost,C,expanding,3,25,0.010500588480274456
return,XGBoost,C,expanding,3,26,-0.001024914790571915
return,XGBoost,C,rolling_9m_3m,3,0,-0.002594950619656779
return,XGBoost,C,rolling_9m_3m,3,1,-0.007520431197343305
return,XGBoost,C,rolling_9m_3m,3,2,-0.000702671750798011
return,XGBoost,C,rolling_9m_3m,3,3,0.004827727895317298
return,XGBoost,C,rolling_9m_3m,3,4,-0.04266702514047213
return,XGBoost,C,rolling_9m_3m,3,5,-0.01235967122649088
return,XGBoost,C,rolling_9m_3m,3,6,-0.04067097155855822
return,XGBoost,C,rolling_9m_3m,3,7,0.033185210185165584
return,XGBoost,C,rolling_9m_3m,3,8,0.018532025116210434
return,XGBoost,C,rolling_9m_3m,3,9,-0.016203975456130233
return,XGBoost,C,rolling_9m_3m,3,10,0.05635957891126394
return,XGBoost,C,rolling_9m_3m,3,11,0.0363239223604465
return,XGBoost,C,rolling_9m_3m,3,12,-0.04753282764051834
return,XGBoost,C,rolling_9m_3m,3,13,-0.05459739286027112
return,XGBoost,C,rolling_9m_3m,3,14,0.023097496928453757
return,XGBoost,C,rolling_9m_3m,3,15,0.04488021664471058
return,XGBoost,C,rolling_9m_3m,3,16,0.0076140191842217235
return,XGBoost,C,rolling_9m_3m,3,17,-0.006452423062160739
return,XGBoost,C,rolling_9m_3m,3,18,0.010892357073353901
return,XGBoost,C,rolling_9m_3m,3,19,0.009146242055534317
return,XGBoost,C,rolling_9m_3m,3,20,0.0016536130509681177
return,XGBoost,C,rolling_9m_3m,3,21,-0.010360511065210772
return,XGBoost,C,rolling_9m_3m,3,22,-0.0279618002609377
return,XGBoost,C,rolling_9m_3m,3,23,-0.024094644827555894
return,XGBoost,C,rolling_9m_3m,3,24,0.03595628023647323
return,XGBoost,C,rolling_9m_3m,3,25,-0.034598618516662606
return,XGBoost,C,rolling_9m_3m,3,26,0.07811351166855159
return,XGBoost,C,rolling_9m_3m,3,27,0.0038505874390470426
return,XGBoost,C,rolling_9m_3m,3,28,0.027660534822068115
return,XGBoost,C,rolling_9m_3m,3,29,-0.008175467898704634
return,XGBoost,C,rolling_9m_3m,3,30,-0.0018971058505344509
return,XGBoost,C,rolling_9m_3m,3,31,-0.0003260881059069274
return,ElasticNet,candidate_6,expanding,3,0,0.05410921945232128
return,ElasticNet,candidate_6,expanding,3,1,0.07978414899744596
return,ElasticNet,candidate_6,expanding,3,2,0.05479737478927135
return,ElasticNet,candidate_6,expanding,3,3,-0.024468367916932392
return,ElasticNet,candidate_6,expanding,3,4,0.027478342571996075
return,ElasticNet,candidate_6,expanding,3,5,-0.06339989819531504
return,ElasticNet,candidate_6,expanding,3,6,-0.032050253605902884
return,ElasticNet,candidate_6,expanding,3,7,0.12091261954748624
return,ElasticNet,candidate_6,expanding,3,8,-0.03097583813443478
return,ElasticNet,candidate_6,expanding,3,9,0.041090979440949284
return,ElasticNet,candidate_6,expanding,3,10,0.0
return,ElasticNet,candidate_6,expanding,3,11,0.03474922367486401
return,ElasticNet,candidate_6,expanding,3,12,0.024281710953919143
return,ElasticNet,candidate_6,expanding,3,13,0.028638845277472128
return,ElasticNet,candidate_6,expanding,3,14,0.01376442913504326
return,ElasticNet,candidate_6,expanding,3,15,-0.022245272412184148
return,ElasticNet,candidate_6,expanding,3,16,-0.08350522959452021
return,ElasticNet,candidate_6,expanding,3,17,-0.08995868999701155
return,ElasticNet,candidate_6,expanding,3,18,0.025593600020980378
return,ElasticNet,candidate_6,expanding,3,19,0.026309632135114443
return,ElasticNet,candidate_6,expanding,3,20,0.07550859628459006
return,ElasticNet,candidate_6,expanding,3,21,0.10341212309048144
return,ElasticNet,candidate_6,expanding,3,22,0.0033059382285673083
return,ElasticNet,candidate_6,expanding,3,23,-0.01201475760872499
return,ElasticNet,candidate_6,expanding,3,24,0.020859473835572757
return,ElasticNet,candidate_6,expanding,3,25,0.029663694503629434
return,ElasticNet,candidate_6,expanding,3,26,-0.026524360229971424
return,ElasticNet,candidate_6,rolling_9m_3m,3,0,0.0
return,ElasticNet,candidate_6,rolling_9m_3m,3,1,0.005833274587952721
return,ElasticNet,candidate_6,rolling_9m_3m,3,2,0.033496534902425525
return,ElasticNet,candidate_6,rolling_9m_3m,3,3,0.04782283921833475
return,ElasticNet,candidate_6,rolling_9m_3m,3,4,0.07793609102707763
return,ElasticNet,candidate_6,rolling_9m_3m,3,5,0.0
return,ElasticNet,candidate_6,rolling_9m_3m,3,6,0.0
return,ElasticNet,candidate_6,rolling_9m_3m,3,7,0.05313185606174786
return,ElasticNet,candidate_6,rolling_9m_3m,3,8,-0.02619557383677814
return,ElasticNet,candidate_6,rolling_9m_3m,3,9,0.0
return,ElasticNet,candidate_6,rolling_9m_3m,3,10,0.00788122717043251
return,ElasticNet,candidate_6,rolling_9m_3m,3,11,0.03429521878149292
return,ElasticNet,candidate_6,rolling_9m_3m,3,12,0.008471238655428218
return,ElasticNet,candidate_6,rolling_9m_3m,3,13,0.0
return,ElasticNet,candidate_6,rolling_9m_3m,3,14,0.12586752548850955
return,ElasticNet,candidate_6,rolling_9m_3m,3,15,0.0
return,ElasticNet,candidate_6,rolling_9m_3m,3,16,-0.04463778005588405
return,ElasticNet,candidate_6,rolling_9m_3m,3,17,0.013343592484313955
return,ElasticNet,candidate_6,rolling_9m_3m,3,18,-0.003651369803819896
return,ElasticNet,candidate_6,rolling_9m_3m,3,19,0.0023728227640990376
return,ElasticNet,candidate_6,rolling_9m_3m,3,20,0.0
return,ElasticNet,candidate_6,rolling_9m_3m,3,21,0.06133962055485498
return,ElasticNet,candidate_6,rolling_9m_3m,3,22,0.040979026983562
return,ElasticNet,candidate_6,rolling_9m_3m,3,23,0.0
return,ElasticNet,candidate_6,rolling_9m_3m,3,24,0.0
return,ElasticNet,candidate_6,rolling_9m_3m,3,25,0.0
return,ElasticNet,candidate_6,rolling_9m_3m,3,26,0.07626479365316524
return,ElasticNet,candidate_6,rolling_9m_3m,3,27,0.0051145090189223036
return,ElasticNet,candidate_6,rolling_9m_3m,3,28,0.003479751036572314
return,ElasticNet,candidate_6,rolling_9m_3m,3,29,0.08220306897046967
return,ElasticNet,candidate_6,rolling_9m_3m,3,30,0.01919687047123384
return,ElasticNet,candidate_6,rolling_9m_3m,3,31,0.0
return,OLS,candidate_6,expanding,3,0,0.06366431935988498
return,OLS,candidate_6,expanding,3,1,0.018642133124715965
return,OLS,candidate_6,expanding,3,2,0.06856275866504115
return,OLS,candidate_6,expanding,3,3,-0.0434799507226337
return,OLS,candidate_6,expanding,3,4,0.044090890994092885
return,OLS,candidate_6,expanding,3,5,-0.019062642523108242
return,OLS,candidate_6,expanding,3,6,-0.02245723698200595
return,OLS,candidate_6,expanding,3,7,0.030390489323473446
return,OLS,candidate_6,expanding,3,8,0.07564917399005021
return,OLS,candidate_6,expanding,3,9,0.128839902184866
return,OLS,candidate_6,expanding,3,10,0.11814310001361501
return,OLS,candidate_6,expanding,3,11,-0.06341021279368023
return,OLS,candidate_6,expanding,3,12,-0.006837126352381477
return,OLS,candidate_6,expanding,3,13,0.03634947698767388
return,OLS,candidate_6,expanding,3,14,-0.0038686722651163205
return,OLS,candidate_6,expanding,3,15,0.042319806920379094
return,OLS,candidate_6,expanding,3,16,-0.048143908377997396
return,OLS,candidate_6,expanding,3,17,-0.04770235360159909
return,OLS,candidate_6,expanding,3,18,0.007530993161565789
return,OLS,candidate_6,expanding,3,19,-0.038540633680441125
return,OLS,candidate_6,expanding,3,20,0.048685223676764484
return,OLS,candidate_6,expanding,3,21,0.14452693686290538
return,OLS,candidate_6,expanding,3,22,0.04329849630337846
return,OLS,candidate_6,expanding,3,23,-0.014964350705881622
return,OLS,candidate_6,expanding,3,24,0.03115765116222133
return,OLS,candidate_6,expanding,3,25,0.034855130646186304
return,OLS,candidate_6,expanding,3,26,-0.015967579223688518
return,OLS,candidate_6,rolling_9m_3m,3,0,-0.0836986085452313
return,OLS,candidate_6,rolling_9m_3m,3,1,-0.07264979721829393
return,OLS,candidate_6,rolling_9m_3m,3,2,0.04786216309016094
return,OLS,candidate_6,rolling_9m_3m,3,3,0.03480505262126479
return,OLS,candidate_6,rolling_9m_3m,3,4,0.05790145570345632
return,OLS,candidate_6,rolling_9m_3m,3,5,0.10308942117540178
return,OLS,candidate_6,rolling_9m_3m,3,6,0.028458202073200996
return,OLS,candidate_6,rolling_9m_3m,3,7,0.06313539503355385
return,OLS,candidate_6,rolling_9m_3m,3,8,-0.015536628293828134
return,OLS,candidate_6,rolling_9m_3m,3,9,-0.02606344992753739
return,OLS,candidate_6,rolling_9m_3m,3,10,0.05439474496192
return,OLS,candidate_6,rolling_9m_3m,3,11,0.05532227540572483
return,OLS,candidate_6,rolling_9m_3m,3,12,-0.06644296391421363
return,OLS,candidate_6,rolling_9m_3m,3,13,0.03519026011506755
return,OLS,candidate_6,rolling_9m_3m,3,14,0.12239200791162223
return,OLS,candidate_6,rolling_9m_3m,3,15,0.09072209640513801
return,OLS,candidate_6,rolling_9m_3m,3,16,-0.06160461128887455
return,OLS,candidate_6,rolling_9m_3m,3,17,0.027400878835646354
return,OLS,candidate_6,rolling_9m_3m,3,18,-0.01166135468921949
return,OLS,candidate_6,rolling_9m_3m,3,19,0.015411654013272028
return,OLS,candidate_6,rolling_9m_3m,3,20,-0.006578300416929718
return,OLS,candidate_6,rolling_9m_3m,3,21,0.06212544037168427
return,OLS,candidate_6,rolling_9m_3m,3,22,0.052146942686705305
return,OLS,candidate_6,rolling_9m_3m,3,23,0.03427097006940831
return,OLS,candidate_6,rolling_9m_3m,3,24,-0.054179868139079435
return,OLS,candidate_6,rolling_9m_3m,3,25,-0.039753289321101316
return,OLS,candidate_6,rolling_9m_3m,3,26,-0.010866437893458984
return,OLS,candidate_6,rolling_9m_3m,3,27,0.006789408884433121
return,OLS,candidate_6,rolling_9m_3m,3,28,-0.02571862709011544
return,OLS,candidate_6,rolling_9m_3m,3,29,0.08810344792710115
return,OLS,candidate_6,rolling_9m_3m,3,30,0.023199837421613367
return,OLS,candidate_6,rolling_9m_3m,3,31,0.03137813527419922
return,XGBoost,candidate_6,expanding,3,0,0.007906942736600787
return,XGBoost,candidate_6,expanding,3,1,0.10933508547962366
return,XGBoost,candidate_6,expanding,3,2,0.012145157054733773
return,XGBoost,candidate_6,expanding,3,3,-0.05556738721565703
return,XGBoost,candidate_6,expanding,3,4,0.02311021819821655
return,XGBoost,candidate_6,expanding,3,5,-0.03209946006304498
return,XGBoost,candidate_6,expanding,3,6,-0.05047632000855934
return,XGBoost,candidate_6,expanding,3,7,0.029447397127480734
return,XGBoost,candidate_6,expanding,3,8,0.03360673114285036
return,XGBoost,candidate_6,expanding,3,9,-0.0063173618632079865
return,XGBoost,candidate_6,expanding,3,10,-0.011200922365326068
return,XGBoost,candidate_6,expanding,3,11,0.05989991970704568
return,XGBoost,candidate_6,expanding,3,12,0.020671412295718918
return,XGBoost,candidate_6,expanding,3,13,0.03802212800941722
return,XGBoost,candidate_6,expanding,3,14,0.008454776687372472
return,XGBoost,candidate_6,expanding,3,15,-0.005720024359288883
return,XGBoost,candidate_6,expanding,3,16,-0.04332223266568614
return,XGBoost,candidate_6,expanding,3,17,-0.07071399130059909
return,XGBoost,candidate_6,expanding,3,18,0.03876673983798574
return,XGBoost,candidate_6,expanding,3,19,-0.010754753646203274
return,XGBoost,candidate_6,expanding,3,20,0.08071639220054928
return,XGBoost,candidate_6,expanding,3,21,0.0951726517829077
return,XGBoost,candidate_6,expanding,3,22,0.03291687805203361
return,XGBoost,candidate_6,expanding,3,23,-0.01996186964470428
return,XGBoost,candidate_6,expanding,3,24,0.013602717745172683
return,XGBoost,candidate_6,expanding,3,25,0.03379046063570478
return,XGBoost,candidate_6,expanding,3,26,-0.03511085829814753
return,XGBoost,candidate_6,rolling_9m_3m,3,0,0.003992169444455252
return,XGBoost,candidate_6,rolling_9m_3m,3,1,-0.008781236385722598
return,XGBoost,candidate_6,rolling_9m_3m,3,2,0.039487415484665764
return,XGBoost,candidate_6,rolling_9m_3m,3,3,-0.026166377441246128
return,XGBoost,candidate_6,rolling_9m_3m,3,4,0.038082178144399
return,XGBoost,candidate_6,rolling_9m_3m,3,5,0.06675912524677662
return,XGBoost,candidate_6,rolling_9m_3m,3,6,0.025747105068781303
return,XGBoost,candidate_6,rolling_9m_3m,3,7,0.0467732014964034
return,XGBoost,candidate_6,rolling_9m_3m,3,8,-0.009058165101519876
return,XGBoost,candidate_6,rolling_9m_3m,3,9,-0.004617719024886558
return,XGBoost,candidate_6,rolling_9m_3m,3,10,0.04191943679692117
return,XGBoost,candidate_6,rolling_9m_3m,3,11,0.001538827846420871
return,XGBoost,candidate_6,rolling_9m_3m,3,12,0.027521854334986728
return,XGBoost,candidate_6,rolling_9m_3m,3,13,-0.010439802743945547
return,XGBoost,candidate_6,rolling_9m_3m,3,14,0.05669140510793164
return,XGBoost,candidate_6,rolling_9m_3m,3,15,0.09225462233391009
return,XGBoost,candidate_6,rolling_9m_3m,3,16,-0.0040575932541280215
return,XGBoost,candidate_6,rolling_9m_3m,3,17,-0.0019310120340254317
return,XGBoost,candidate_6,rolling_9m_3m,3,18,-0.02893891687713248
return,XGBoost,candidate_6,rolling_9m_3m,3,19,0.05478181148852934
return,XGBoost,candidate_6,rolling_9m_3m,3,20,0.03517378758073404
return,XGBoost,candidate_6,rolling_9m_3m,3,21,-0.022269449990726928
return,XGBoost,candidate_6,rolling_9m_3m,3,22,-0.0029819789730001914
return,XGBoost,candidate_6,rolling_9m_3m,3,23,0.05248033588642025
return,XGBoost,candidate_6,rolling_9m_3m,3,24,0.02909092026409624
return,XGBoost,candidate_6,rolling_9m_3m,3,25,-0.004096609661045307
return,XGBoost,candidate_6,rolling_9m_3m,3,26,0.031527885932656756
return,XGBoost,candidate_6,rolling_9m_3m,3,27,0.02153389960608922
return,XGBoost,candidate_6,rolling_9m_3m,3,28,0.026019926305980625
return,XGBoost,candidate_6,rolling_9m_3m,3,29,-0.0015236807428357117
return,XGBoost,candidate_6,rolling_9m_3m,3,30,0.0007882148034072801
return,XGBoost,candidate_6,rolling_9m_3m,3,31,0.017744711361944422
return,ElasticNet,D,expanding,3,0,0.0024396256973609237
return,ElasticNet,D,expanding,3,1,0.06650695097301092
return,ElasticNet,D,expanding,3,2,0.06493470138125527
return,ElasticNet,D,expanding,3,3,-0.03574451835336367
return,ElasticNet,D,expanding,3,4,0.03714657818927846
return,ElasticNet,D,expanding,3,5,-0.048804292565009934
return,ElasticNet,D,expanding,3,6,-0.060047734969405006
return,ElasticNet,D,expanding,3,7,0.11335309558504894
return,ElasticNet,D,expanding,3,8,-0.047873412309350674
return,ElasticNet,D,expanding,3,9,0.062448846048113064
return,ElasticNet,D,expanding,3,10,0.030648489083076432
return,ElasticNet,D,expanding,3,11,0.005731878609719032
return,ElasticNet,D,expanding,3,12,-0.013274534336174416
return,ElasticNet,D,expanding,3,13,0.015894373991252656
return,ElasticNet,D,expanding,3,14,0.026907420509192318
return,ElasticNet,D,expanding,3,15,-0.03469500753637455
return,ElasticNet,D,expanding,3,16,-0.08016301991794494
return,ElasticNet,D,expanding,3,17,-0.07861143208211932
return,ElasticNet,D,expanding,3,18,0.016578168585305086
return,ElasticNet,D,expanding,3,19,0.012718773360441823
return,ElasticNet,D,expanding,3,20,0.08393924612817841
return,ElasticNet,D,expanding,3,21,0.09465917653782115
return,ElasticNet,D,expanding,3,22,0.0028900735599539902
return,ElasticNet,D,expanding,3,23,0.02315950670977631
return,ElasticNet,D,expanding,3,24,0.06277322888920557
return,ElasticNet,D,expanding,3,25,0.025186815526194062
return,ElasticNet,D,expanding,3,26,-0.02117514209264626
return,ElasticNet,D,rolling_9m_3m,3,0,0.0
return,ElasticNet,D,rolling_9m_3m,3,1,0.0
return,ElasticNet,D,rolling_9m_3m,3,2,0.01167640738988643
return,ElasticNet,D,rolling_9m_3m,3,3,0.05702281496097886
return,ElasticNet,D,rolling_9m_3m,3,4,0.0
return,ElasticNet,D,rolling_9m_3m,3,5,0.0
return,ElasticNet,D,rolling_9m_3m,3,6,0.0
return,ElasticNet,D,rolling_9m_3m,3,7,0.05943946455446303
return,ElasticNet,D,rolling_9m_3m,3,8,0.0
return,ElasticNet,D,rolling_9m_3m,3,9,0.0
return,ElasticNet,D,rolling_9m_3m,3,10,0.0
return,ElasticNet,D,rolling_9m_3m,3,11,0.0
return,ElasticNet,D,rolling_9m_3m,3,12,-0.055998816688750175
return,ElasticNet,D,rolling_9m_3m,3,13,0.0
return,ElasticNet,D,rolling_9m_3m,3,14,0.0
return,ElasticNet,D,rolling_9m_3m,3,15,0.07779145491251588
return,ElasticNet,D,rolling_9m_3m,3,16,-0.05612170263124065
return,ElasticNet,D,rolling_9m_3m,3,17,0.0
return,ElasticNet,D,rolling_9m_3m,3,18,0.02896177573431784
return,ElasticNet,D,rolling_9m_3m,3,19,0.011173657893027912
return,ElasticNet,D,rolling_9m_3m,3,20,-0.027826970504382917
return,ElasticNet,D,rolling_9m_3m,3,21,0.0
return,ElasticNet,D,rolling_9m_3m,3,22,0.0
return,ElasticNet,D,rolling_9m_3m,3,23,0.0
return,ElasticNet,D,rolling_9m_3m,3,24,0.0
return,ElasticNet,D,rolling_9m_3m,3,25,0.0
return,ElasticNet,D,rolling_9m_3m,3,26,0.08661418651970719
return,ElasticNet,D,rolling_9m_3m,3,27,0.015173516575106467
return,ElasticNet,D,rolling_9m_3m,3,28,0.02128888570818938
return,ElasticNet,D,rolling_9m_3m,3,29,0.0448930590928631
return,ElasticNet,D,rolling_9m_3m,3,30,0.0
return,ElasticNet,D,rolling_9m_3m,3,31,0.0035533201122510483
return,OLS,D,expanding,3,0,-0.01371256662736385
return,OLS,D,expanding,3,1,0.02235305004955607
return,OLS,D,expanding,3,2,0.047163823534649575
return,OLS,D,expanding,3,3,-0.029535058246887506
return,OLS,D,expanding,3,4,0.060386840805230435
return,OLS,D,expanding,3,5,0.00736627041378311
return,OLS,D,expanding,3,6,-0.036188037146892484
return,OLS,D,expanding,3,7,0.0037942085342146012
return,OLS,D,expanding,3,8,0.012907445477492202
return,OLS,D,expanding,3,9,0.08687152768484094
return,OLS,D,expanding,3,10,0.10650256761904965
return,OLS,D,expanding,3,11,-0.08323685908991955
return,OLS,D,expanding,3,12,-0.051970216655161036
return,OLS,D,expanding,3,13,0.04947638780511437
return,OLS,D,expanding,3,14,0.02194684060628876
return,OLS,D,expanding,3,15,0.02891990349925075
return,OLS,D,expanding,3,16,-0.04941405027974461
return,OLS,D,expanding,3,17,-0.010798088364081073
return,OLS,D,expanding,3,18,-0.008193394761290242
return,OLS,D,expanding,3,19,-0.027431036191687085
return,OLS,D,expanding,3,20,0.06731112800508968
return,OLS,D,expanding,3,21,0.12455911563719074
return,OLS,D,expanding,3,22,0.05084707747772481
return,OLS,D,expanding,3,23,-0.003131775334637839
return,OLS,D,expanding,3,24,-0.006990507913768728
return,OLS,D,expanding,3,25,0.042948162479896544
return,OLS,D,expanding,3,26,-0.025146631293939955
return,OLS,D,rolling_9m_3m,3,0,-0.0710865951988177
return,OLS,D,rolling_9m_3m,3,1,-0.05675306848050026
return,OLS,D,rolling_9m_3m,3,2,0.019019661891130243
return,OLS,D,rolling_9m_3m,3,3,0.048015912360215705
return,OLS,D,rolling_9m_3m,3,4,0.04524033801735654
return,OLS,D,rolling_9m_3m,3,5,0.017932596170710448
return,OLS,D,rolling_9m_3m,3,6,0.012365762004323638
return,OLS,D,rolling_9m_3m,3,7,0.03739132893300876
return,OLS,D,rolling_9m_3m,3,8,-0.036515577929970136
return,OLS,D,rolling_9m_3m,3,9,0.024501723541549867
return,OLS,D,rolling_9m_3m,3,10,0.07074425438376046
return,OLS,D,rolling_9m_3m,3,11,0.04015813067042836
return,OLS,D,rolling_9m_3m,3,12,-0.09790276497305615
return,OLS,D,rolling_9m_3m,3,13,-0.00569636634990348
return,OLS,D,rolling_9m_3m,3,14,0.09626146343033534
return,OLS,D,rolling_9m_3m,3,15,0.09117546339656261
return,OLS,D,rolling_9m_3m,3,16,-0.0668135577874859
return,OLS,D,rolling_9m_3m,3,17,0.010170970271689636
return,OLS,D,rolling_9m_3m,3,18,0.002028735248546909
return,OLS,D,rolling_9m_3m,3,19,0.01143732114232591
return,OLS,D,rolling_9m_3m,3,20,-0.02073770047561921
return,OLS,D,rolling_9m_3m,3,21,-0.00035947833458852403
return,OLS,D,rolling_9m_3m,3,22,0.029871125424005288
return,OLS,D,rolling_9m_3m,3,23,0.039011844548333355
return,OLS,D,rolling_9m_3m,3,24,-0.023735795752775672
return,OLS,D,rolling_9m_3m,3,25,0.01077166909090376
return,OLS,D,rolling_9m_3m,3,26,-0.06415738422061946
return,OLS,D,rolling_9m_3m,3,27,0.016199058498993023
return,OLS,D,rolling_9m_3m,3,28,0.0017290449970630817
return,OLS,D,rolling_9m_3m,3,29,0.042543404516132935
return,OLS,D,rolling_9m_3m,3,30,0.004042871365327129
return,OLS,D,rolling_9m_3m,3,31,0.048943859378991636
return,XGBoost,D,expanding,3,0,-0.010160532570392273
return,XGBoost,D,expanding,3,1,-0.014629551886547146
return,XGBoost,D,expanding,3,2,0.01104728685358058
return,XGBoost,D,expanding,3,3,-0.024113803298298417
return,XGBoost,D,expanding,3,4,0.014193377271509253
return,XGBoost,D,expanding,3,5,-0.036235003075754765
return,XGBoost,D,expanding,3,6,-0.03388429237249635
return,XGBoost,D,expanding,3,7,0.012195773801308254
return,XGBoost,D,expanding,3,8,-0.01917289158030889
return,XGBoost,D,expanding,3,9,0.013911458474327088
return,XGBoost,D,expanding,3,10,0.03417126049070489
return,XGBoost,D,expanding,3,11,0.050791158969745606
return,XGBoost,D,expanding,3,12,0.06052807650661721
return,XGBoost,D,expanding,3,13,0.0067705244719398015
return,XGBoost,D,expanding,3,14,0.006162851538563366
return,XGBoost,D,expanding,3,15,-0.01296089849454373
return,XGBoost,D,expanding,3,16,-0.03865403491878672
return,XGBoost,D,expanding,3,17,-0.037763277392787835
return,XGBoost,D,expanding,3,18,-0.014400300606776191
return,XGBoost,D,expanding,3,19,0.02267853149042522
return,XGBoost,D,expanding,3,20,0.02095868503678776
return,XGBoost,D,expanding,3,21,0.08216095983226569
return,XGBoost,D,expanding,3,22,0.0187205219238164
return,XGBoost,D,expanding,3,23,0.02868852816249013
return,XGBoost,D,expanding,3,24,-0.023461134078458665
return,XGBoost,D,expanding,3,25,0.008206811064549147
return,XGBoost,D,expanding,3,26,0.004398830854304344
return,XGBoost,D,rolling_9m_3m,3,0,-0.0028097724053488685
return,XGBoost,D,rolling_9m_3m,3,1,-0.029123381617633802
return,XGBoost,D,rolling_9m_3m,3,2,-0.0044864518216086785
return,XGBoost,D,rolling_9m_3m,3,3,0.01891525823323749
return,XGBoost,D,rolling_9m_3m,3,4,0.03070377027821782
return,XGBoost,D,rolling_9m_3m,3,5,0.046545795867938125
return,XGBoost,D,rolling_9m_3m,3,6,0.021718045034085177
return,XGBoost,D,rolling_9m_3m,3,7,0.034277502343958294
return,XGBoost,D,rolling_9m_3m,3,8,0.03662940211076822
return,XGBoost,D,rolling_9m_3m,3,9,-0.02115169932219124
return,XGBoost,D,rolling_9m_3m,3,10,0.0801468364871883
return,XGBoost,D,rolling_9m_3m,3,11,0.0566595366494436
return,XGBoost,D,rolling_9m_3m,3,12,-0.04736041452108276
return,XGBoost,D,rolling_9m_3m,3,13,-0.01806072088378333
return,XGBoost,D,rolling_9m_3m,3,14,0.019969527052717408
return,XGBoost,D,rolling_9m_3m,3,15,0.041144650545671166
return,XGBoost,D,rolling_9m_3m,3,16,0.00278861942731066
return,XGBoost,D,rolling_9m_3m,3,17,-0.014317294441966203
return,XGBoost,D,rolling_9m_3m,3,18,-0.030184566323189128
return,XGBoost,D,rolling_9m_3m,3,19,0.008721130266796995
return,XGBoost,D,rolling_9m_3m,3,20,0.010568843695054895
return,XGBoost,D,rolling_9m_3m,3,21,-0.011931070684995148
return,XGBoost,D,rolling_9m_3m,3,22,-0.04283167303576191
return,XGBoost,D,rolling_9m_3m,3,23,-0.052146622353436624
return,XGBoost,D,rolling_9m_3m,3,24,0.047149521432427656
return,XGBoost,D,rolling_9m_3m,3,25,0.0455960661424611
return,XGBoost,D,rolling_9m_3m,3,26,0.08381043550998915
return,XGBoost,D,rolling_9m_3m,3,27,0.01712856908015747
return,XGBoost,D,rolling_9m_3m,3,28,-0.022671394793250477
return,XGBoost,D,rolling_9m_3m,3,29,0.003129128617787591
return,XGBoost,D,rolling_9m_3m,3,30,-0.0024927282272558297
return,XGBoost,D,rolling_9m_3m,3,31,-0.003350922683509296
return,ElasticNet,repr_svi,expanding,3,0,-0.011097472340073288
return,ElasticNet,repr_svi,expanding,3,1,0.0
return,ElasticNet,repr_svi,expanding,3,2,0.04101498915245313
return,ElasticNet,repr_svi,expanding,3,3,-0.03526049016968015
return,ElasticNet,repr_svi,expanding,3,4,0.051164008672039414
return,ElasticNet,repr_svi,expanding,3,5,-0.02719198479255056
return,ElasticNet,repr_svi,expanding,3,6,-0.06429402462413102
return,ElasticNet,repr_svi,expanding,3,7,0.05922714813754511
return,ElasticNet,repr_svi,expanding,3,8,-0.016072176807218216
return,ElasticNet,repr_svi,expanding,3,9,0.0767777787860139
return,ElasticNet,repr_svi,expanding,3,10,0.04049546490650712
return,ElasticNet,repr_svi,expanding,3,11,-0.02263122460628206
return,ElasticNet,repr_svi,expanding,3,12,-0.05604933474204839
return,ElasticNet,repr_svi,expanding,3,13,-0.006625208759562762
return,ElasticNet,repr_svi,expanding,3,14,0.005469694106686938
return,ElasticNet,repr_svi,expanding,3,15,-0.016985967744219305
return,ElasticNet,repr_svi,expanding,3,16,-0.09413655133631581
return,ElasticNet,repr_svi,expanding,3,17,-0.07899012397239262
return,ElasticNet,repr_svi,expanding,3,18,0.04175556756688134
return,ElasticNet,repr_svi,expanding,3,19,0.0004948568577102233
return,ElasticNet,repr_svi,expanding,3,20,0.07655559682169628
return,ElasticNet,repr_svi,expanding,3,21,0.10750960923239881
return,ElasticNet,repr_svi,expanding,3,22,-0.003520916048948856
return,ElasticNet,repr_svi,expanding,3,23,0.012762936819153053
return,ElasticNet,repr_svi,expanding,3,24,0.08601534727328633
return,ElasticNet,repr_svi,expanding,3,25,0.040524777120190855
return,ElasticNet,repr_svi,expanding,3,26,-0.020799391018466146
return,ElasticNet,repr_svi,rolling_9m_3m,3,0,0.0
return,ElasticNet,repr_svi,rolling_9m_3m,3,1,0.0
return,ElasticNet,repr_svi,rolling_9m_3m,3,2,0.0018056700525914602
return,ElasticNet,repr_svi,rolling_9m_3m,3,3,0.05514354871478506
return,ElasticNet,repr_svi,rolling_9m_3m,3,4,0.0
return,ElasticNet,repr_svi,rolling_9m_3m,3,5,0.0
return,ElasticNet,repr_svi,rolling_9m_3m,3,6,0.0
return,ElasticNet,repr_svi,rolling_9m_3m,3,7,0.0
return,ElasticNet,repr_svi,rolling_9m_3m,3,8,-0.030966869819334136
return,ElasticNet,repr_svi,rolling_9m_3m,3,9,0.0
return,ElasticNet,repr_svi,rolling_9m_3m,3,10,0.0
return,ElasticNet,repr_svi,rolling_9m_3m,3,11,0.0
return,ElasticNet,repr_svi,rolling_9m_3m,3,12,0.0
return,ElasticNet,repr_svi,rolling_9m_3m,3,13,0.0
return,ElasticNet,repr_svi,rolling_9m_3m,3,14,0.0
return,ElasticNet,repr_svi,rolling_9m_3m,3,15,0.08325594233584548
return,ElasticNet,repr_svi,rolling_9m_3m,3,16,-0.055447554764007784
return,ElasticNet,repr_svi,rolling_9m_3m,3,17,0.0
return,ElasticNet,repr_svi,rolling_9m_3m,3,18,0.021985570505540796
return,ElasticNet,repr_svi,rolling_9m_3m,3,19,0.0
return,ElasticNet,repr_svi,rolling_9m_3m,3,20,-0.03875488448375958
return,ElasticNet,repr_svi,rolling_9m_3m,3,21,0.0
return,ElasticNet,repr_svi,rolling_9m_3m,3,22,0.0
return,ElasticNet,repr_svi,rolling_9m_3m,3,23,0.0
return,ElasticNet,repr_svi,rolling_9m_3m,3,24,0.0
return,ElasticNet,repr_svi,rolling_9m_3m,3,25,0.0
return,ElasticNet,repr_svi,rolling_9m_3m,3,26,0.08168424177529347
return,ElasticNet,repr_svi,rolling_9m_3m,3,27,0.01732126299718571
return,ElasticNet,repr_svi,rolling_9m_3m,3,28,0.021133449945031794
return,ElasticNet,repr_svi,rolling_9m_3m,3,29,0.01913923853914099
return,ElasticNet,repr_svi,rolling_9m_3m,3,30,0.0
return,ElasticNet,repr_svi,rolling_9m_3m,3,31,0.0
return,OLS,repr_svi,expanding,3,0,-0.010678385375721938
return,OLS,repr_svi,expanding,3,1,0.018857728242821597
return,OLS,repr_svi,expanding,3,2,0.05274721825058278
return,OLS,repr_svi,expanding,3,3,-0.035485560558104555
return,OLS,repr_svi,expanding,3,4,0.09023370990782212
return,OLS,repr_svi,expanding,3,5,0.011465043282445587
return,OLS,repr_svi,expanding,3,6,-0.031882538986286076
return,OLS,repr_svi,expanding,3,7,-0.0028251310019435784
return,OLS,repr_svi,expanding,3,8,0.015420941966471417
return,OLS,repr_svi,expanding,3,9,0.08372044431201676
return,OLS,repr_svi,expanding,3,10,0.10863935248567198
return,OLS,repr_svi,expanding,3,11,-0.08869822478603345
return,OLS,repr_svi,expanding,3,12,-0.0445703924725119
return,OLS,repr_svi,expanding,3,13,0.038876232355400754
return,OLS,repr_svi,expanding,3,14,0.030778582927218686
return,OLS,repr_svi,expanding,3,15,0.037996315550223696
return,OLS,repr_svi,expanding,3,16,-0.06808211980230279
return,OLS,repr_svi,expanding,3,17,-0.017226921585275095
return,OLS,repr_svi,expanding,3,18,-0.0007160375403455369
return,OLS,repr_svi,expanding,3,19,-0.0245280549903885
return,OLS,repr_svi,expanding,3,20,0.04893956105928174
return,OLS,repr_svi,expanding,3,21,0.12871927180953693
return,OLS,repr_svi,expanding,3,22,0.054892620351636105
return,OLS,repr_svi,expanding,3,23,-0.014175802284370027
return,OLS,repr_svi,expanding,3,24,-0.010023353728173933
return,OLS,repr_svi,expanding,3,25,0.021060119475723074
return,OLS,repr_svi,expanding,3,26,-0.028108164379438708
return,OLS,repr_svi,rolling_9m_3m,3,0,-0.06444243483271614
return,OLS,repr_svi,rolling_9m_3m,3,1,-0.06985909965292383
return,OLS,repr_svi,rolling_9m_3m,3,2,0.025616904668306763
return,OLS,repr_svi,rolling_9m_3m,3,3,0.04748650478295129
return,OLS,repr_svi,rolling_9m_3m,3,4,0.03754580343107477
return,OLS,repr_svi,rolling_9m_3m,3,5,0.025714016153806453
return,OLS,repr_svi,rolling_9m_3m,3,6,0.017705930113043753
return,OLS,repr_svi,rolling_9m_3m,3,7,0.057935317139933
return,OLS,repr_svi,rolling_9m_3m,3,8,-0.03341861717776667
return,OLS,repr_svi,rolling_9m_3m,3,9,0.025830596217185135
return,OLS,repr_svi,rolling_9m_3m,3,10,0.06954403141223006
return,OLS,repr_svi,rolling_9m_3m,3,11,0.044654246643805566
return,OLS,repr_svi,rolling_9m_3m,3,12,-0.09305754672495604
return,OLS,repr_svi,rolling_9m_3m,3,13,0.012992028891420825
return,OLS,repr_svi,rolling_9m_3m,3,14,0.11091268422447045
return,OLS,repr_svi,rolling_9m_3m,3,15,0.08666262909329665
return,OLS,repr_svi,rolling_9m_3m,3,16,-0.08242874518125766
return,OLS,repr_svi,rolling_9m_3m,3,17,0.014151096061380253
return,OLS,repr_svi,rolling_9m_3m,3,18,0.010777388769856787
return,OLS,repr_svi,rolling_9m_3m,3,19,0.015353989884120003
return,OLS,repr_svi,rolling_9m_3m,3,20,-0.022189020183421743
return,OLS,repr_svi,rolling_9m_3m,3,21,-0.01473579024235326
return,OLS,repr_svi,rolling_9m_3m,3,22,0.02454367757690354
return,OLS,repr_svi,rolling_9m_3m,3,23,0.032356694664495145
return,OLS,repr_svi,rolling_9m_3m,3,24,-0.034398874646190784
return,OLS,repr_svi,rolling_9m_3m,3,25,-0.015926187961624313
return,OLS,repr_svi,rolling_9m_3m,3,26,-0.06650684697884814
return,OLS,repr_svi,rolling_9m_3m,3,27,0.01306463258142573
return,OLS,repr_svi,rolling_9m_3m,3,28,-0.016281428851134816
return,OLS,repr_svi,rolling_9m_3m,3,29,0.012040558940977724
return,OLS,repr_svi,rolling_9m_3m,3,30,0.01373840727448299
return,OLS,repr_svi,rolling_9m_3m,3,31,0.04774586818350524
return,XGBoost,repr_svi,expanding,3,0,-0.039856079859200436
return,XGBoost,repr_svi,expanding,3,1,0.03512847041667697
return,XGBoost,repr_svi,expanding,3,2,0.06765618812343108
return,XGBoost,repr_svi,expanding,3,3,-0.027648705335572864
return,XGBoost,repr_svi,expanding,3,4,-0.009624699260445105
return,XGBoost,repr_svi,expanding,3,5,0.008925357380129497
return,XGBoost,repr_svi,expanding,3,6,-0.059803035233063545
return,XGBoost,repr_svi,expanding,3,7,0.011407928940252643
return,XGBoost,repr_svi,expanding,3,8,-0.007592894486610935
return,XGBoost,repr_svi,expanding,3,9,-0.013398706165452776
return,XGBoost,repr_svi,expanding,3,10,0.021569750847076418
return,XGBoost,repr_svi,expanding,3,11,0.0537136154654971
return,XGBoost,repr_svi,expanding,3,12,-0.01750603284817697
return,XGBoost,repr_svi,expanding,3,13,-0.01649717646089646
return,XGBoost,repr_svi,expanding,3,14,-0.012232558251341506
return,XGBoost,repr_svi,expanding,3,15,0.05836624222911058
return,XGBoost,repr_svi,expanding,3,16,-0.0014537887363311277
return,XGBoost,repr_svi,expanding,3,17,-0.025933260896514456
return,XGBoost,repr_svi,expanding,3,18,-0.008599090929025046
return,XGBoost,repr_svi,expanding,3,19,0.016425886385739035
return,XGBoost,repr_svi,expanding,3,20,0.06827232970266088
return,XGBoost,repr_svi,expanding,3,21,-0.08328383795484165
return,XGBoost,repr_svi,expanding,3,22,0.018192692323336975
return,XGBoost,repr_svi,expanding,3,23,0.020230964667189506
return,XGBoost,repr_svi,expanding,3,24,-0.016878109036929483
return,XGBoost,repr_svi,expanding,3,25,0.01522379088523687
return,XGBoost,repr_svi,expanding,3,26,-0.04587347277546803
return,XGBoost,repr_svi,rolling_9m_3m,3,0,0.011179419301131073
return,XGBoost,repr_svi,rolling_9m_3m,3,1,0.008242793212432868
return,XGBoost,repr_svi,rolling_9m_3m,3,2,-0.003914468378662181
return,XGBoost,repr_svi,rolling_9m_3m,3,3,-0.021353247866417104
return,XGBoost,repr_svi,rolling_9m_3m,3,4,0.06179364524673253
return,XGBoost,repr_svi,rolling_9m_3m,3,5,0.010077322375154097
return,XGBoost,repr_svi,rolling_9m_3m,3,6,0.01744264339976751
return,XGBoost,repr_svi,rolling_9m_3m,3,7,0.05059763369218171
return,XGBoost,repr_svi,rolling_9m_3m,3,8,-0.01863233381404601
return,XGBoost,repr_svi,rolling_9m_3m,3,9,0.038484953463869084
return,XGBoost,repr_svi,rolling_9m_3m,3,10,0.05371494529012085
return,XGBoost,repr_svi,rolling_9m_3m,3,11,0.027997588637353996
return,XGBoost,repr_svi,rolling_9m_3m,3,12,-0.04276019229643955
return,XGBoost,repr_svi,rolling_9m_3m,3,13,-0.03415999477487714
return,XGBoost,repr_svi,rolling_9m_3m,3,14,0.00956157026041593
return,XGBoost,repr_svi,rolling_9m_3m,3,15,0.031146664153946842
return,XGBoost,repr_svi,rolling_9m_3m,3,16,0.014182738898488588
return,XGBoost,repr_svi,rolling_9m_3m,3,17,0.016383297382085896
return,XGBoost,repr_svi,rolling_9m_3m,3,18,0.000772095188440835
return,XGBoost,repr_svi,rolling_9m_3m,3,19,0.02219059904301912
return,XGBoost,repr_svi,rolling_9m_3m,3,20,0.00022443723060832494
return,XGBoost,repr_svi,rolling_9m_3m,3,21,-0.02830733594157063
return,XGBoost,repr_svi,rolling_9m_3m,3,22,-0.03922043574862704
return,XGBoost,repr_svi,rolling_9m_3m,3,23,0.006565943559648437
return,XGBoost,repr_svi,rolling_9m_3m,3,24,-0.05057873691458531
return,XGBoost,repr_svi,rolling_9m_3m,3,25,-0.04399355290273791
return,XGBoost,repr_svi,rolling_9m_3m,3,26,0.0281977618807614
return,XGBoost,repr_svi,rolling_9m_3m,3,27,0.011206457561304015
return,XGBoost,repr_svi,rolling_9m_3m,3,28,-0.01597191479722686
return,XGBoost,repr_svi,rolling_9m_3m,3,29,-0.026050539074164235
return,XGBoost,repr_svi,rolling_9m_3m,3,30,-0.006921436363387174
return,XGBoost,repr_svi,rolling_9m_3m,3,31,-0.009454291622662918
return,ElasticNet,repr_grid,expanding,3,0,0.018673546020039084
return,ElasticNet,repr_grid,expanding,3,1,0.06650695097301092
return,ElasticNet,repr_grid,expanding,3,2,0.06716173938926384
return,ElasticNet,repr_grid,expanding,3,3,-0.03137265902331694
return,ElasticNet,repr_grid,expanding,3,4,0.03711488438289369
return,ElasticNet,repr_grid,expanding,3,5,-0.053919623360886945
return,ElasticNet,repr_grid,expanding,3,6,-0.05707803897623859
return,ElasticNet,repr_grid,expanding,3,7,0.0
return,ElasticNet,repr_grid,expanding,3,8,-0.03854164116092215
return,ElasticNet,repr_grid,expanding,3,9,0.06244755848623788
return,ElasticNet,repr_grid,expanding,3,10,0.030714920110384222
return,ElasticNet,repr_grid,expanding,3,11,0.0075044594313983465
return,ElasticNet,repr_grid,expanding,3,12,-0.0126321411499582
return,ElasticNet,repr_grid,expanding,3,13,0.015860589521729515
return,ElasticNet,repr_grid,expanding,3,14,0.027378742980576323
return,ElasticNet,repr_grid,expanding,3,15,-0.03473616829918162
return,ElasticNet,repr_grid,expanding,3,16,-0.0802056943031091
return,ElasticNet,repr_grid,expanding,3,17,-0.07861143208211932
return,ElasticNet,repr_grid,expanding,3,18,0.016578168585305086
return,ElasticNet,repr_grid,expanding,3,19,0.012721702952100691
return,ElasticNet,repr_grid,expanding,3,20,0.08395487061702572
return,ElasticNet,repr_grid,expanding,3,21,0.09160075608575585
return,ElasticNet,repr_grid,expanding,3,22,0.0031194361735794253
return,ElasticNet,repr_grid,expanding,3,23,0.023107768028515246
return,ElasticNet,repr_grid,expanding,3,24,0.06182756367694164
return,ElasticNet,repr_grid,expanding,3,25,0.02461798647909747
return,ElasticNet,repr_grid,expanding,3,26,-0.021011788822680746
return,ElasticNet,repr_grid,rolling_9m_3m,3,0,0.0
return,ElasticNet,repr_grid,rolling_9m_3m,3,1,0.0
return,ElasticNet,repr_grid,rolling_9m_3m,3,2,0.00944008962626539
return,ElasticNet,repr_grid,rolling_9m_3m,3,3,0.04977410114987055
return,ElasticNet,repr_grid,rolling_9m_3m,3,4,0.0
return,ElasticNet,repr_grid,rolling_9m_3m,3,5,0.0
return,ElasticNet,repr_grid,rolling_9m_3m,3,6,0.0
return,ElasticNet,repr_grid,rolling_9m_3m,3,7,0.059327895848669474
return,ElasticNet,repr_grid,rolling_9m_3m,3,8,0.0
return,ElasticNet,repr_grid,rolling_9m_3m,3,9,0.0
return,ElasticNet,repr_grid,rolling_9m_3m,3,10,0.0
return,ElasticNet,repr_grid,rolling_9m_3m,3,11,0.0
return,ElasticNet,repr_grid,rolling_9m_3m,3,12,-0.055166440258480706
return,ElasticNet,repr_grid,rolling_9m_3m,3,13,0.0
return,ElasticNet,repr_grid,rolling_9m_3m,3,14,0.0
return,ElasticNet,repr_grid,rolling_9m_3m,3,15,0.07644341979756787
return,ElasticNet,repr_grid,rolling_9m_3m,3,16,-0.05157748396763528
return,ElasticNet,repr_grid,rolling_9m_3m,3,17,0.0
return,ElasticNet,repr_grid,rolling_9m_3m,3,18,0.024174128929515357
return,ElasticNet,repr_grid,rolling_9m_3m,3,19,0.004359281214921191
return,ElasticNet,repr_grid,rolling_9m_3m,3,20,-0.022385839916369915
return,ElasticNet,repr_grid,rolling_9m_3m,3,21,0.0
return,ElasticNet,repr_grid,rolling_9m_3m,3,22,0.0
return,ElasticNet,repr_grid,rolling_9m_3m,3,23,0.0
return,ElasticNet,repr_grid,rolling_9m_3m,3,24,0.0
return,ElasticNet,repr_grid,rolling_9m_3m,3,25,0.0
return,ElasticNet,repr_grid,rolling_9m_3m,3,26,0.09108037341691319
return,ElasticNet,repr_grid,rolling_9m_3m,3,27,0.01993424601273856
return,ElasticNet,repr_grid,rolling_9m_3m,3,28,0.017937216618680644
return,ElasticNet,repr_grid,rolling_9m_3m,3,29,0.07639644392214008
return,ElasticNet,repr_grid,rolling_9m_3m,3,30,0.0
return,ElasticNet,repr_grid,rolling_9m_3m,3,31,0.0035452253714888687
return,OLS,repr_grid,expanding,3,0,-0.00680618301606775
return,OLS,repr_grid,expanding,3,1,0.028090017398033202
return,OLS,repr_grid,expanding,3,2,0.04083562463137727
return,OLS,repr_grid,expanding,3,3,-0.02843899112441597
return,OLS,repr_grid,expanding,3,4,0.0658478159243515
return,OLS,repr_grid,expanding,3,5,0.014159003074785244
return,OLS,repr_grid,expanding,3,6,-0.034527966912405506
return,OLS,repr_grid,expanding,3,7,0.003197527440704055
return,OLS,repr_grid,expanding,3,8,0.006261463429920294
return,OLS,repr_grid,expanding,3,9,0.09676964834481655
return,OLS,repr_grid,expanding,3,10,0.11090312690726642
return,OLS,repr_grid,expanding,3,11,-0.0773893208990303
return,OLS,repr_grid,expanding,3,12,-0.04147215049954071
return,OLS,repr_grid,expanding,3,13,0.04077873010432346
return,OLS,repr_grid,expanding,3,14,0.02171071551858411
return,OLS,repr_grid,expanding,3,15,0.02662539848549877
return,OLS,repr_grid,expanding,3,16,-0.0477304802179672
return,OLS,repr_grid,expanding,3,17,-0.012167495864757717
return,OLS,repr_grid,expanding,3,18,-0.00768413059031481
return,OLS,repr_grid,expanding,3,19,-0.030010102208570318
return,OLS,repr_grid,expanding,3,20,0.06925457028505415
return,OLS,repr_grid,expanding,3,21,0.12968702056273412
return,OLS,repr_grid,expanding,3,22,0.054139516501587666
return,OLS,repr_grid,expanding,3,23,-0.008272507686516108
return,OLS,repr_grid,expanding,3,24,-0.005002609080380952
return,OLS,repr_grid,expanding,3,25,0.043448826206787736
return,OLS,repr_grid,expanding,3,26,-0.029286069165794786
return,OLS,repr_grid,rolling_9m_3m,3,0,-0.07848146533607389
return,OLS,repr_grid,rolling_9m_3m,3,1,-0.05361861639111367
return,OLS,repr_grid,rolling_9m_3m,3,2,0.016570328301098072
return,OLS,repr_grid,rolling_9m_3m,3,3,0.056536350527480274
return,OLS,repr_grid,rolling_9m_3m,3,4,0.046178680800521774
return,OLS,repr_grid,rolling_9m_3m,3,5,0.027123951257707626
return,OLS,repr_grid,rolling_9m_3m,3,6,0.021534323980459773
return,OLS,repr_grid,rolling_9m_3m,3,7,0.0384516265213824
return,OLS,repr_grid,rolling_9m_3m,3,8,-0.01986911336241705
return,OLS,repr_grid,rolling_9m_3m,3,9,0.02373945675595475
return,OLS,repr_grid,rolling_9m_3m,3,10,0.08062930427241623
return,OLS,repr_grid,rolling_9m_3m,3,11,0.04781377066480532
return,OLS,repr_grid,rolling_9m_3m,3,12,-0.09585447920941828
return,OLS,repr_grid,rolling_9m_3m,3,13,0.0031589896821892036
return,OLS,repr_grid,rolling_9m_3m,3,14,0.09745857448010259
return,OLS,repr_grid,rolling_9m_3m,3,15,0.08455883637481701
return,OLS,repr_grid,rolling_9m_3m,3,16,-0.07317343273298327
return,OLS,repr_grid,rolling_9m_3m,3,17,0.025447789828862314
return,OLS,repr_grid,rolling_9m_3m,3,18,0.0017537233191799151
return,OLS,repr_grid,rolling_9m_3m,3,19,0.011071952235937583
return,OLS,repr_grid,rolling_9m_3m,3,20,-0.018069184260085237
return,OLS,repr_grid,rolling_9m_3m,3,21,-0.017406967503644025
return,OLS,repr_grid,rolling_9m_3m,3,22,0.013910856863138204
return,OLS,repr_grid,rolling_9m_3m,3,23,0.0361043015543088
return,OLS,repr_grid,rolling_9m_3m,3,24,-0.03533736933410869
return,OLS,repr_grid,rolling_9m_3m,3,25,-0.00032435462316418806
return,OLS,repr_grid,rolling_9m_3m,3,26,-0.022392986027452082
return,OLS,repr_grid,rolling_9m_3m,3,27,0.011436571306365603
return,OLS,repr_grid,rolling_9m_3m,3,28,-0.0010047732115906712
return,OLS,repr_grid,rolling_9m_3m,3,29,0.04312109557799762
return,OLS,repr_grid,rolling_9m_3m,3,30,-0.002627198510316595
return,OLS,repr_grid,rolling_9m_3m,3,31,0.047164706950568444
return,XGBoost,repr_grid,expanding,3,0,0.014595169564070247
return,XGBoost,repr_grid,expanding,3,1,-0.03404126995375164
return,XGBoost,repr_grid,expanding,3,2,0.029975695676262782
return,XGBoost,repr_grid,expanding,3,3,-0.04659744001567977
return,XGBoost,repr_grid,expanding,3,4,0.05558985304475704
return,XGBoost,repr_grid,expanding,3,5,-0.008576551275900915
return,XGBoost,repr_grid,expanding,3,6,-0.06977502577224547
return,XGBoost,repr_grid,expanding,3,7,0.01850051286145372
return,XGBoost,repr_grid,expanding,3,8,-0.0004562781638953138
return,XGBoost,repr_grid,expanding,3,9,0.000442411037790267
return,XGBoost,repr_grid,expanding,3,10,0.03109527839357664
return,XGBoost,repr_grid,expanding,3,11,0.03578255976582062
return,XGBoost,repr_grid,expanding,3,12,0.0659459519559105
return,XGBoost,repr_grid,expanding,3,13,0.018459503415482827
return,XGBoost,repr_grid,expanding,3,14,0.009107698660482666
return,XGBoost,repr_grid,expanding,3,15,0.03838368874534327
return,XGBoost,repr_grid,expanding,3,16,-0.06258727297327375
return,XGBoost,repr_grid,expanding,3,17,-0.06267156151455563
return,XGBoost,repr_grid,expanding,3,18,0.0033358642947458597
return,XGBoost,repr_grid,expanding,3,19,0.01576276400247167
return,XGBoost,repr_grid,expanding,3,20,-0.03166693037419018
return,XGBoost,repr_grid,expanding,3,21,0.03558498882149235
return,XGBoost,repr_grid,expanding,3,22,0.025663284689697134
return,XGBoost,repr_grid,expanding,3,23,0.02773984742733106
return,XGBoost,repr_grid,expanding,3,24,0.022216598717155808
return,XGBoost,repr_grid,expanding,3,25,0.02732255808671782
return,XGBoost,repr_grid,expanding,3,26,-0.002001080581750331
return,XGBoost,repr_grid,rolling_9m_3m,3,0,-0.013595359478836527
return,XGBoost,repr_grid,rolling_9m_3m,3,1,-0.018546965795941124
return,XGBoost,repr_grid,rolling_9m_3m,3,2,0.015260888585236113
return,XGBoost,repr_grid,rolling_9m_3m,3,3,0.010167219310451649
return,XGBoost,repr_grid,rolling_9m_3m,3,4,0.0608931782924184
return,XGBoost,repr_grid,rolling_9m_3m,3,5,0.040122609343258224
return,XGBoost,repr_grid,rolling_9m_3m,3,6,0.030185032711630904
return,XGBoost,repr_grid,rolling_9m_3m,3,7,0.04506579352709692
return,XGBoost,repr_grid,rolling_9m_3m,3,8,0.03728094249676021
return,XGBoost,repr_grid,rolling_9m_3m,3,9,0.0024355727516743794
return,XGBoost,repr_grid,rolling_9m_3m,3,10,0.08321953419479791
return,XGBoost,repr_grid,rolling_9m_3m,3,11,0.05485455427356739
return,XGBoost,repr_grid,rolling_9m_3m,3,12,-0.04178261996583654
return,XGBoost,repr_grid,rolling_9m_3m,3,13,-0.01657370186512139
return,XGBoost,repr_grid,rolling_9m_3m,3,14,0.0385619461899595
return,XGBoost,repr_grid,rolling_9m_3m,3,15,0.03196627100229159
return,XGBoost,repr_grid,rolling_9m_3m,3,16,0.010367789899368993
return,XGBoost,repr_grid,rolling_9m_3m,3,17,-0.0049827160492495635
return,XGBoost,repr_grid,rolling_9m_3m,3,18,-0.023194528304909177
return,XGBoost,repr_grid,rolling_9m_3m,3,19,0.05452897482969083
return,XGBoost,repr_grid,rolling_9m_3m,3,20,0.015024703781663392
return,XGBoost,repr_grid,rolling_9m_3m,3,21,-0.013507099397130582
return,XGBoost,repr_grid,rolling_9m_3m,3,22,-0.04992386060630497
return,XGBoost,repr_grid,rolling_9m_3m,3,23,-0.0069330973584250406
return,XGBoost,repr_grid,rolling_9m_3m,3,24,0.04183960865217204
return,XGBoost,repr_grid,rolling_9m_3m,3,25,-0.03188872094998207
return,XGBoost,repr_grid,rolling_9m_3m,3,26,0.1027799194110222
return,XGBoost,repr_grid,rolling_9m_3m,3,27,0.0607735720008299
return,XGBoost,repr_grid,rolling_9m_3m,3,28,-0.01363000987803767
return,XGBoost,repr_grid,rolling_9m_3m,3,29,0.03314318583959517
return,XGBoost,repr_grid,rolling_9m_3m,3,30,0.009039082995878852
return,XGBoost,repr_grid,rolling_9m_3m,3,31,-0.01433326780630969
return,ElasticNet,repr_grid_raw,expanding,3,0,0.0073222134657868945
return,ElasticNet,repr_grid_raw,expanding,3,1,0.0
return,ElasticNet,repr_grid_raw,expanding,3,2,0.04988034709280192
return,ElasticNet,repr_grid_raw,expanding,3,3,-0.026964711851680874
return,ElasticNet,repr_grid_raw,expanding,3,4,0.030349031726379243
return,ElasticNet,repr_grid_raw,expanding,3,5,-0.06003949022422835
return,ElasticNet,repr_grid_raw,expanding,3,6,-0.04233604808192945
return,ElasticNet,repr_grid_raw,expanding,3,7,0.11644476612741811
return,ElasticNet,repr_grid_raw,expanding,3,8,-0.03379083385300707
return,ElasticNet,repr_grid_raw,expanding,3,9,0.09312712597121749
return,ElasticNet,repr_grid_raw,expanding,3,10,0.044407725627431824
return,ElasticNet,repr_grid_raw,expanding,3,11,-0.002434270949143754
return,ElasticNet,repr_grid_raw,expanding,3,12,-0.03525113819867361
return,ElasticNet,repr_grid_raw,expanding,3,13,0.0037590218344558932
return,ElasticNet,repr_grid_raw,expanding,3,14,0.0345948155016413
return,ElasticNet,repr_grid_raw,expanding,3,15,-0.02253090353001146
return,ElasticNet,repr_grid_raw,expanding,3,16,-0.0824687933967562
return,ElasticNet,repr_grid_raw,expanding,3,17,-0.07412643777716309
return,ElasticNet,repr_grid_raw,expanding,3,18,0.0288395141090878
return,ElasticNet,repr_grid_raw,expanding,3,19,0.012528496382198441
return,ElasticNet,repr_grid_raw,expanding,3,20,0.08644082444568466
return,ElasticNet,repr_grid_raw,expanding,3,21,0.0790991177813728
return,ElasticNet,repr_grid_raw,expanding,3,22,0.0009276412483436467
return,ElasticNet,repr_grid_raw,expanding,3,23,0.006695780530059386
return,ElasticNet,repr_grid_raw,expanding,3,24,0.046344037014972105
return,ElasticNet,repr_grid_raw,expanding,3,25,0.02212638621127698
return,ElasticNet,repr_grid_raw,expanding,3,26,-0.01441101837431645
return,ElasticNet,repr_grid_raw,rolling_9m_3m,3,0,0.0
return,ElasticNet,repr_grid_raw,rolling_9m_3m,3,1,0.0
return,ElasticNet,repr_grid_raw,rolling_9m_3m,3,2,0.0007326451996673603
return,ElasticNet,repr_grid_raw,rolling_9m_3m,3,3,0.05476096474282696
return,ElasticNet,repr_grid_raw,rolling_9m_3m,3,4,0.0
return,ElasticNet,repr_grid_raw,rolling_9m_3m,3,5,0.0
return,ElasticNet,repr_grid_raw,rolling_9m_3m,3,6,0.0
return,ElasticNet,repr_grid_raw,rolling_9m_3m,3,7,0.0
return,ElasticNet,repr_grid_raw,rolling_9m_3m,3,8,-0.02592571892399487
return,ElasticNet,repr_grid_raw,rolling_9m_3m,3,9,0.0
return,ElasticNet,repr_grid_raw,rolling_9m_3m,3,10,0.0
return,ElasticNet,repr_grid_raw,rolling_9m_3m,3,11,0.0
return,ElasticNet,repr_grid_raw,rolling_9m_3m,3,12,-0.03340083907267501
return,ElasticNet,repr_grid_raw,rolling_9m_3m,3,13,0.0
return,ElasticNet,repr_grid_raw,rolling_9m_3m,3,14,0.0
return,ElasticNet,repr_grid_raw,rolling_9m_3m,3,15,0.08135780504948603
return,ElasticNet,repr_grid_raw,rolling_9m_3m,3,16,-0.05086494101162567
return,ElasticNet,repr_grid_raw,rolling_9m_3m,3,17,0.0
return,ElasticNet,repr_grid_raw,rolling_9m_3m,3,18,0.01348807017962374
return,ElasticNet,repr_grid_raw,rolling_9m_3m,3,19,-0.004090247047581943
return,ElasticNet,repr_grid_raw,rolling_9m_3m,3,20,0.0
return,ElasticNet,repr_grid_raw,rolling_9m_3m,3,21,0.0
return,ElasticNet,repr_grid_raw,rolling_9m_3m,3,22,0.0
return,ElasticNet,repr_grid_raw,rolling_9m_3m,3,23,0.03205854593624134
return,ElasticNet,repr_grid_raw,rolling_9m_3m,3,24,-0.02830468925088877
return,ElasticNet,repr_grid_raw,rolling_9m_3m,3,25,0.0
return,ElasticNet,repr_grid_raw,rolling_9m_3m,3,26,0.042099613231124065
return,ElasticNet,repr_grid_raw,rolling_9m_3m,3,27,0.03195993030082931
return,ElasticNet,repr_grid_raw,rolling_9m_3m,3,28,0.0110146089668244
return,ElasticNet,repr_grid_raw,rolling_9m_3m,3,29,0.07616390758421757
return,ElasticNet,repr_grid_raw,rolling_9m_3m,3,30,0.0
return,ElasticNet,repr_grid_raw,rolling_9m_3m,3,31,0.0
return,OLS,repr_grid_raw,expanding,3,0,-0.00978405745261517
return,OLS,repr_grid_raw,expanding,3,1,0.021576276747591952
return,OLS,repr_grid_raw,expanding,3,2,0.0480268242987358
return,OLS,repr_grid_raw,expanding,3,3,-0.03034684288175993
return,OLS,repr_grid_raw,expanding,3,4,0.06743286557301433
return,OLS,repr_grid_raw,expanding,3,5,0.013988231772558393
return,OLS,repr_grid_raw,expanding,3,6,-0.03196057360618383
return,OLS,repr_grid_raw,expanding,3,7,-0.005069970594755679
return,OLS,repr_grid_raw,expanding,3,8,0.020474494453147262
return,OLS,repr_grid_raw,expanding,3,9,0.10089301943557688
return,OLS,repr_grid_raw,expanding,3,10,0.11502944914945107
return,OLS,repr_grid_raw,expanding,3,11,-0.0705087773007426
return,OLS,repr_grid_raw,expanding,3,12,-0.04900711953550069
return,OLS,repr_grid_raw,expanding,3,13,0.04054745976851064
return,OLS,repr_grid_raw,expanding,3,14,0.037344872018347054
return,OLS,repr_grid_raw,expanding,3,15,0.03198772305788825
return,OLS,repr_grid_raw,expanding,3,16,-0.06109421713254499
return,OLS,repr_grid_raw,expanding,3,17,-0.011332806691674349
return,OLS,repr_grid_raw,expanding,3,18,-0.0005075552425077625
return,OLS,repr_grid_raw,expanding,3,19,-0.01989051139440262
return,OLS,repr_grid_raw,expanding,3,20,0.05109603347937348
return,OLS,repr_grid_raw,expanding,3,21,0.12029981022523746
return,OLS,repr_grid_raw,expanding,3,22,0.046363825709105924
return,OLS,repr_grid_raw,expanding,3,23,-0.02084781824590141
return,OLS,repr_grid_raw,expanding,3,24,0.0002672833875621693
return,OLS,repr_grid_raw,expanding,3,25,0.02751205683910033
return,OLS,repr_grid_raw,expanding,3,26,-0.031018433415571794
return,OLS,repr_grid_raw,rolling_9m_3m,3,0,-0.07024938608603175
return,OLS,repr_grid_raw,rolling_9m_3m,3,1,-0.06227643459874981
return,OLS,repr_grid_raw,rolling_9m_3m,3,2,0.019968112609399513
return,OLS,repr_grid_raw,rolling_9m_3m,3,3,0.05293029231892993
return,OLS,repr_grid_raw,rolling_9m_3m,3,4,0.03896251439583762
return,OLS,repr_grid_raw,rolling_9m_3m,3,5,0.0242829527968149
return,OLS,repr_grid_raw,rolling_9m_3m,3,6,0.024285188037203958
return,OLS,repr_grid_raw,rolling_9m_3m,3,7,0.049257392118650004
return,OLS,repr_grid_raw,rolling_9m_3m,3,8,-0.026004210632057274
return,OLS,repr_grid_raw,rolling_9m_3m,3,9,0.00942423486634687
return,OLS,repr_grid_raw,rolling_9m_3m,3,10,0.08063158370181649
return,OLS,repr_grid_raw,rolling_9m_3m,3,11,0.06276280442555277
return,OLS,repr_grid_raw,rolling_9m_3m,3,12,-0.08283887966437414
return,OLS,repr_grid_raw,rolling_9m_3m,3,13,0.010466019777816672
return,OLS,repr_grid_raw,rolling_9m_3m,3,14,0.0888647058072668
return,OLS,repr_grid_raw,rolling_9m_3m,3,15,0.09038260492429226
return,OLS,repr_grid_raw,rolling_9m_3m,3,16,-0.07545914548414953
return,OLS,repr_grid_raw,rolling_9m_3m,3,17,0.01997631355391624
return,OLS,repr_grid_raw,rolling_9m_3m,3,18,0.00829978427742564
return,OLS,repr_grid_raw,rolling_9m_3m,3,19,0.02546093462762693
return,OLS,repr_grid_raw,rolling_9m_3m,3,20,-0.019914778178643566
return,OLS,repr_grid_raw,rolling_9m_3m,3,21,-0.0025687008425854347
return,OLS,repr_grid_raw,rolling_9m_3m,3,22,0.02446982111272879
return,OLS,repr_grid_raw,rolling_9m_3m,3,23,0.043208432285523006
return,OLS,repr_grid_raw,rolling_9m_3m,3,24,-0.04225657656707519
return,OLS,repr_grid_raw,rolling_9m_3m,3,25,-0.015161027446855978
return,OLS,repr_grid_raw,rolling_9m_3m,3,26,-0.056794026478904955
return,OLS,repr_grid_raw,rolling_9m_3m,3,27,0.021740621766768366
return,OLS,repr_grid_raw,rolling_9m_3m,3,28,-0.008936517074043814
return,OLS,repr_grid_raw,rolling_9m_3m,3,29,0.04428238222396324
return,OLS,repr_grid_raw,rolling_9m_3m,3,30,0.0065993062866456145
return,OLS,repr_grid_raw,rolling_9m_3m,3,31,0.04650441345202795
return,XGBoost,repr_grid_raw,expanding,3,0,-0.018967042106679474
return,XGBoost,repr_grid_raw,expanding,3,1,-0.021417307159551976
return,XGBoost,repr_grid_raw,expanding,3,2,0.03238049827737123
return,XGBoost,repr_grid_raw,expanding,3,3,-0.07509048796264797
return,XGBoost,repr_grid_raw,expanding,3,4,0.03865373966095206
return,XGBoost,repr_grid_raw,expanding,3,5,-0.04869147315120748
return,XGBoost,repr_grid_raw,expanding,3,6,-0.03587973822046314
return,XGBoost,repr_grid_raw,expanding,3,7,-0.02718510887346937
return,XGBoost,repr_grid_raw,expanding,3,8,-0.02982051834823885
return,XGBoost,repr_grid_raw,expanding,3,9,0.0020713910799272386
return,XGBoost,repr_grid_raw,expanding,3,10,-0.00782078965427386
return,XGBoost,repr_grid_raw,expanding,3,11,0.05172196144038895
return,XGBoost,repr_grid_raw,expanding,3,12,0.038745993091678144
return,XGBoost,repr_grid_raw,expanding,3,13,0.002733066837748106
return,XGBoost,repr_grid_raw,expanding,3,14,0.043969525693646046
return,XGBoost,repr_grid_raw,expanding,3,15,0.0018338080520600747
return,XGBoost,repr_grid_raw,expanding,3,16,-0.058657296209153234
return,XGBoost,repr_grid_raw,expanding,3,17,-0.06441255753201096
return,XGBoost,repr_grid_raw,expanding,3,18,-0.013652648477644988
return,XGBoost,repr_grid_raw,expanding,3,19,0.040254068694024904
return,XGBoost,repr_grid_raw,expanding,3,20,0.0388197146512874
return,XGBoost,repr_grid_raw,expanding,3,21,0.04856487575162023
return,XGBoost,repr_grid_raw,expanding,3,22,0.03770906495904942
return,XGBoost,repr_grid_raw,expanding,3,23,-0.00876070176349809
return,XGBoost,repr_grid_raw,expanding,3,24,-0.0008705935470112906
return,XGBoost,repr_grid_raw,expanding,3,25,0.003287661336949611
return,XGBoost,repr_grid_raw,expanding,3,26,0.02809380172139171
return,XGBoost,repr_grid_raw,rolling_9m_3m,3,0,-0.018564744529131854
return,XGBoost,repr_grid_raw,rolling_9m_3m,3,1,-0.013962859305941301
return,XGBoost,repr_grid_raw,rolling_9m_3m,3,2,0.012886200523065603
return,XGBoost,repr_grid_raw,rolling_9m_3m,3,3,0.014461091291420192
return,XGBoost,repr_grid_raw,rolling_9m_3m,3,4,0.06030229040353434
return,XGBoost,repr_grid_raw,rolling_9m_3m,3,5,0.005067157099092983
return,XGBoost,repr_grid_raw,rolling_9m_3m,3,6,-0.009996737492384968
return,XGBoost,repr_grid_raw,rolling_9m_3m,3,7,0.07402040302086475
return,XGBoost,repr_grid_raw,rolling_9m_3m,3,8,0.008743525553569938
return,XGBoost,repr_grid_raw,rolling_9m_3m,3,9,0.006863303160132941
return,XGBoost,repr_grid_raw,rolling_9m_3m,3,10,0.06776588478015312
return,XGBoost,repr_grid_raw,rolling_9m_3m,3,11,0.07350067898184852
return,XGBoost,repr_grid_raw,rolling_9m_3m,3,12,0.0019319814125639677
return,XGBoost,repr_grid_raw,rolling_9m_3m,3,13,-0.02062895956920636
return,XGBoost,repr_grid_raw,rolling_9m_3m,3,14,0.05232842160911281
return,XGBoost,repr_grid_raw,rolling_9m_3m,3,15,0.02943910757260288
return,XGBoost,repr_grid_raw,rolling_9m_3m,3,16,0.042048177773030763
return,XGBoost,repr_grid_raw,rolling_9m_3m,3,17,0.020122663172150747
return,XGBoost,repr_grid_raw,rolling_9m_3m,3,18,-0.04022841451916539
return,XGBoost,repr_grid_raw,rolling_9m_3m,3,19,0.02315984203563763
return,XGBoost,repr_grid_raw,rolling_9m_3m,3,20,0.03778470137939824
return,XGBoost,repr_grid_raw,rolling_9m_3m,3,21,0.014860673492969444
return,XGBoost,repr_grid_raw,rolling_9m_3m,3,22,-0.02463272780030649
return,XGBoost,repr_grid_raw,rolling_9m_3m,3,23,0.024455806393980324
return,XGBoost,repr_grid_raw,rolling_9m_3m,3,24,0.04954577964046413
return,XGBoost,repr_grid_raw,rolling_9m_3m,3,25,0.02113936639790495
return,XGBoost,repr_grid_raw,rolling_9m_3m,3,26,0.08868587348130753
return,XGBoost,repr_grid_raw,rolling_9m_3m,3,27,0.041518748556153506
return,XGBoost,repr_grid_raw,rolling_9m_3m,3,28,-0.03644322338364638
return,XGBoost,repr_grid_raw,rolling_9m_3m,3,29,0.0011588404394519277
return,XGBoost,repr_grid_raw,rolling_9m_3m,3,30,0.003836525016630976
return,XGBoost,repr_grid_raw,rolling_9m_3m,3,31,-0.009170392014275922
return,ElasticNet,repr_bkm,expanding,3,0,0.0
return,ElasticNet,repr_bkm,expanding,3,1,0.0
return,ElasticNet,repr_bkm,expanding,3,2,0.0
return,ElasticNet,repr_bkm,expanding,3,3,0.0
return,ElasticNet,repr_bkm,expanding,3,4,0.04893232363625178
return,ElasticNet,repr_bkm,expanding,3,5,-0.005101366743971655
return,ElasticNet,repr_bkm,expanding,3,6,-0.03459106632183978
return,ElasticNet,repr_bkm,expanding,3,7,0.11173610690528349
return,ElasticNet,repr_bkm,expanding,3,8,-0.023307785459824145
return,ElasticNet,repr_bkm,expanding,3,9,0.04360737133200142
return,ElasticNet,repr_bkm,expanding,3,10,0.06470070996751523
return,ElasticNet,repr_bkm,expanding,3,11,-0.011908570373918435
return,ElasticNet,repr_bkm,expanding,3,12,-0.07419518362575893
return,ElasticNet,repr_bkm,expanding,3,13,0.005473520013889051
return,ElasticNet,repr_bkm,expanding,3,14,0.03104507811512027
return,ElasticNet,repr_bkm,expanding,3,15,0.016703506281776918
return,ElasticNet,repr_bkm,expanding,3,16,-0.054634216416887586
return,ElasticNet,repr_bkm,expanding,3,17,0.03703672843647268
return,ElasticNet,repr_bkm,expanding,3,18,0.004408296073461332
return,ElasticNet,repr_bkm,expanding,3,19,-0.008615636109560872
return,ElasticNet,repr_bkm,expanding,3,20,0.06974202547112446
return,ElasticNet,repr_bkm,expanding,3,21,0.09558012102847299
return,ElasticNet,repr_bkm,expanding,3,22,0.0066673949425492636
return,ElasticNet,repr_bkm,expanding,3,23,0.001395767592601593
return,ElasticNet,repr_bkm,expanding,3,24,0.0
return,ElasticNet,repr_bkm,expanding,3,25,0.028529717890458675
return,ElasticNet,repr_bkm,expanding,3,26,0.019814260845096264
return,ElasticNet,repr_bkm,rolling_9m_3m,3,0,0.0
return,ElasticNet,repr_bkm,rolling_9m_3m,3,1,0.0
return,ElasticNet,repr_bkm,rolling_9m_3m,3,2,-0.030905627940946537
return,ElasticNet,repr_bkm,rolling_9m_3m,3,3,0.0
return,ElasticNet,repr_bkm,rolling_9m_3m,3,4,0.0
return,ElasticNet,repr_bkm,rolling_9m_3m,3,5,0.0
return,ElasticNet,repr_bkm,rolling_9m_3m,3,6,0.0
return,ElasticNet,repr_bkm,rolling_9m_3m,3,7,0.0
return,ElasticNet,repr_bkm,rolling_9m_3m,3,8,-0.00697098689987456
return,ElasticNet,repr_bkm,rolling_9m_3m,3,9,0.0
return,ElasticNet,repr_bkm,rolling_9m_3m,3,10,0.0
return,ElasticNet,repr_bkm,rolling_9m_3m,3,11,0.0
return,ElasticNet,repr_bkm,rolling_9m_3m,3,12,-0.03313054834443051
return,ElasticNet,repr_bkm,rolling_9m_3m,3,13,0.0
return,ElasticNet,repr_bkm,rolling_9m_3m,3,14,0.0
return,ElasticNet,repr_bkm,rolling_9m_3m,3,15,0.08069627757142862
return,ElasticNet,repr_bkm,rolling_9m_3m,3,16,-0.049264630642315066
return,ElasticNet,repr_bkm,rolling_9m_3m,3,17,-0.04866173114174767
return,ElasticNet,repr_bkm,rolling_9m_3m,3,18,0.015633647308831763
return,ElasticNet,repr_bkm,rolling_9m_3m,3,19,-0.00011938086009881278
return,ElasticNet,repr_bkm,rolling_9m_3m,3,20,0.0
return,ElasticNet,repr_bkm,rolling_9m_3m,3,21,0.0
return,ElasticNet,repr_bkm,rolling_9m_3m,3,22,0.0
return,ElasticNet,repr_bkm,rolling_9m_3m,3,23,0.028140422861445174
return,ElasticNet,repr_bkm,rolling_9m_3m,3,24,0.0
return,ElasticNet,repr_bkm,rolling_9m_3m,3,25,0.0
return,ElasticNet,repr_bkm,rolling_9m_3m,3,26,0.034953756744425704
return,ElasticNet,repr_bkm,rolling_9m_3m,3,27,0.0
return,ElasticNet,repr_bkm,rolling_9m_3m,3,28,0.033618089642575164
return,ElasticNet,repr_bkm,rolling_9m_3m,3,29,0.02576013661383428
return,ElasticNet,repr_bkm,rolling_9m_3m,3,30,0.0
return,ElasticNet,repr_bkm,rolling_9m_3m,3,31,0.0
return,OLS,repr_bkm,expanding,3,0,0.0041441334619487565
return,OLS,repr_bkm,expanding,3,1,0.021595878696110283
return,OLS,repr_bkm,expanding,3,2,0.04844635590154414
return,OLS,repr_bkm,expanding,3,3,-0.03471745628987068
return,OLS,repr_bkm,expanding,3,4,0.08034633330331666
return,OLS,repr_bkm,expanding,3,5,0.01494361274463361
return,OLS,repr_bkm,expanding,3,6,-0.034023232828618584
return,OLS,repr_bkm,expanding,3,7,-0.004578136472527623
return,OLS,repr_bkm,expanding,3,8,0.01684320359515037
return,OLS,repr_bkm,expanding,3,9,0.09373374738482425
return,OLS,repr_bkm,expanding,3,10,0.1137934166989857
return,OLS,repr_bkm,expanding,3,11,-0.07791459668346508
return,OLS,repr_bkm,expanding,3,12,-0.04084041195917906
return,OLS,repr_bkm,expanding,3,13,0.024131423155869136
return,OLS,repr_bkm,expanding,3,14,0.032160568965761374
return,OLS,repr_bkm,expanding,3,15,0.05113939143592469
return,OLS,repr_bkm,expanding,3,16,-0.06487334852117353
return,OLS,repr_bkm,expanding,3,17,-0.020297443089812663
return,OLS,repr_bkm,expanding,3,18,0.004621716825809758
return,OLS,repr_bkm,expanding,3,19,-0.03794914912451595
return,OLS,repr_bkm,expanding,3,20,0.03641897457456225
return,OLS,repr_bkm,expanding,3,21,0.1247520083222724
return,OLS,repr_bkm,expanding,3,22,0.050145579779790964
return,OLS,repr_bkm,expanding,3,23,-0.010077390743843551
return,OLS,repr_bkm,expanding,3,24,0.00028991448312691326
return,OLS,repr_bkm,expanding,3,25,0.026304280363595813
return,OLS,repr_bkm,expanding,3,26,-0.02678973367595859
return,OLS,repr_bkm,rolling_9m_3m,3,0,-0.07096449450820623
return,OLS,repr_bkm,rolling_9m_3m,3,1,-0.06877751370350793
return,OLS,repr_bkm,rolling_9m_3m,3,2,0.023145026820975845
return,OLS,repr_bkm,rolling_9m_3m,3,3,0.051177807910779256
return,OLS,repr_bkm,rolling_9m_3m,3,4,0.03259709774513733
return,OLS,repr_bkm,rolling_9m_3m,3,5,0.030059548896530303
return,OLS,repr_bkm,rolling_9m_3m,3,6,0.021548384435145465
return,OLS,repr_bkm,rolling_9m_3m,3,7,0.05909822640283466
return,OLS,repr_bkm,rolling_9m_3m,3,8,-0.013148698545709476
return,OLS,repr_bkm,rolling_9m_3m,3,9,0.008741434628405119
return,OLS,repr_bkm,rolling_9m_3m,3,10,0.08125513614892228
return,OLS,repr_bkm,rolling_9m_3m,3,11,0.046965864721387376
return,OLS,repr_bkm,rolling_9m_3m,3,12,-0.08297888613910992
return,OLS,repr_bkm,rolling_9m_3m,3,13,0.024446945345229405
return,OLS,repr_bkm,rolling_9m_3m,3,14,0.10515790755856144
return,OLS,repr_bkm,rolling_9m_3m,3,15,0.08212772741892148
return,OLS,repr_bkm,rolling_9m_3m,3,16,-0.07598298088601872
return,OLS,repr_bkm,rolling_9m_3m,3,17,0.01343641868859061
return,OLS,repr_bkm,rolling_9m_3m,3,18,-9.691019455347682e-05
return,OLS,repr_bkm,rolling_9m_3m,3,19,0.025814145728630947
return,OLS,repr_bkm,rolling_9m_3m,3,20,-0.014945995419095174
return,OLS,repr_bkm,rolling_9m_3m,3,21,-0.03180572566369027
return,OLS,repr_bkm,rolling_9m_3m,3,22,0.021515404335107007
return,OLS,repr_bkm,rolling_9m_3m,3,23,0.046280900827114405
return,OLS,repr_bkm,rolling_9m_3m,3,24,-0.05547694484604264
return,OLS,repr_bkm,rolling_9m_3m,3,25,-0.054341630425176514
return,OLS,repr_bkm,rolling_9m_3m,3,26,-0.013978822121402407
return,OLS,repr_bkm,rolling_9m_3m,3,27,0.006961361964372118
return,OLS,repr_bkm,rolling_9m_3m,3,28,-0.003042726211035646
return,OLS,repr_bkm,rolling_9m_3m,3,29,0.03979148561615834
return,OLS,repr_bkm,rolling_9m_3m,3,30,0.019746476625450794
return,OLS,repr_bkm,rolling_9m_3m,3,31,0.04718127436209901
return,XGBoost,repr_bkm,expanding,3,0,-0.01386494354705339
return,XGBoost,repr_bkm,expanding,3,1,0.022008519873802604
return,XGBoost,repr_bkm,expanding,3,2,0.027434350622638472
return,XGBoost,repr_bkm,expanding,3,3,-0.012242101277501301
return,XGBoost,repr_bkm,expanding,3,4,-0.009408070168853718
return,XGBoost,repr_bkm,expanding,3,5,0.021330618335877016
return,XGBoost,repr_bkm,expanding,3,6,0.010791884004580803
return,XGBoost,repr_bkm,expanding,3,7,0.03802817214446851
return,XGBoost,repr_bkm,expanding,3,8,-0.01885540680464125
return,XGBoost,repr_bkm,expanding,3,9,-0.0065535382975294544
return,XGBoost,repr_bkm,expanding,3,10,-0.025531270689325487
return,XGBoost,repr_bkm,expanding,3,11,0.03745571741858118
return,XGBoost,repr_bkm,expanding,3,12,0.00982623149411677
return,XGBoost,repr_bkm,expanding,3,13,-0.01246437389253441
return,XGBoost,repr_bkm,expanding,3,14,0.054226487006068316
return,XGBoost,repr_bkm,expanding,3,15,0.022494649068701463
return,XGBoost,repr_bkm,expanding,3,16,-0.03369871787885536
return,XGBoost,repr_bkm,expanding,3,17,-0.023731615702212196
return,XGBoost,repr_bkm,expanding,3,18,-0.0029377941821892677
return,XGBoost,repr_bkm,expanding,3,19,0.0032196493528507267
return,XGBoost,repr_bkm,expanding,3,20,0.0727899821422935
return,XGBoost,repr_bkm,expanding,3,21,0.054735479575289764
return,XGBoost,repr_bkm,expanding,3,22,0.004503692101998354
return,XGBoost,repr_bkm,expanding,3,23,-0.025819983059032336
return,XGBoost,repr_bkm,expanding,3,24,0.0035034283653332583
return,XGBoost,repr_bkm,expanding,3,25,-0.0012599646224580503
return,XGBoost,repr_bkm,expanding,3,26,-0.0034945019347424385
return,XGBoost,repr_bkm,rolling_9m_3m,3,0,-0.036382086269809114
return,XGBoost,repr_bkm,rolling_9m_3m,3,1,0.014018500894488231
return,XGBoost,repr_bkm,rolling_9m_3m,3,2,-0.030669222564166168
return,XGBoost,repr_bkm,rolling_9m_3m,3,3,-0.021839090593085295
return,XGBoost,repr_bkm,rolling_9m_3m,3,4,0.07344400443051621
return,XGBoost,repr_bkm,rolling_9m_3m,3,5,-0.004304756618337231
return,XGBoost,repr_bkm,rolling_9m_3m,3,6,0.024227764417946086
return,XGBoost,repr_bkm,rolling_9m_3m,3,7,0.09291730577587277
return,XGBoost,repr_bkm,rolling_9m_3m,3,8,0.01483198138443052
return,XGBoost,repr_bkm,rolling_9m_3m,3,9,0.02029019620479619
return,XGBoost,repr_bkm,rolling_9m_3m,3,10,0.06480380762392197
return,XGBoost,repr_bkm,rolling_9m_3m,3,11,0.028862070645768668
return,XGBoost,repr_bkm,rolling_9m_3m,3,12,-0.007281235708208389
return,XGBoost,repr_bkm,rolling_9m_3m,3,13,-0.042839354858470874
return,XGBoost,repr_bkm,rolling_9m_3m,3,14,-0.01164831003986752
return,XGBoost,repr_bkm,rolling_9m_3m,3,15,0.02310591874511146
return,XGBoost,repr_bkm,rolling_9m_3m,3,16,0.0179681418076949
return,XGBoost,repr_bkm,rolling_9m_3m,3,17,-0.018149249323750956
return,XGBoost,repr_bkm,rolling_9m_3m,3,18,-0.009568039598437626
return,XGBoost,repr_bkm,rolling_9m_3m,3,19,0.047183711894025586
return,XGBoost,repr_bkm,rolling_9m_3m,3,20,0.02289827432403334
return,XGBoost,repr_bkm,rolling_9m_3m,3,21,-0.04902072651797586
return,XGBoost,repr_bkm,rolling_9m_3m,3,22,-0.012558156580418752
return,XGBoost,repr_bkm,rolling_9m_3m,3,23,-0.04299993689430874
return,XGBoost,repr_bkm,rolling_9m_3m,3,24,-0.008301731353039844
return,XGBoost,repr_bkm,rolling_9m_3m,3,25,0.031311613437105305
return,XGBoost,repr_bkm,rolling_9m_3m,3,26,0.015854866830873542
return,XGBoost,repr_bkm,rolling_9m_3m,3,27,-0.006079784780326421
return,XGBoost,repr_bkm,rolling_9m_3m,3,28,-0.015023742349936085
return,XGBoost,repr_bkm,rolling_9m_3m,3,29,0.02113255128572847
return,XGBoost,repr_bkm,rolling_9m_3m,3,30,0.02531576148321758
return,XGBoost,repr_bkm,rolling_9m_3m,3,31,0.0406104116638783
return,ElasticNet,A,expanding,5,0,0.0
return,ElasticNet,A,expanding,5,1,0.0
return,ElasticNet,A,expanding,5,2,0.05536275100280923
return,ElasticNet,A,expanding,5,3,0.018002589068550293
return,ElasticNet,A,expanding,5,4,0.0
return,ElasticNet,A,expanding,5,5,-0.003963249324944317
return,ElasticNet,A,expanding,5,6,-0.02164220841268515
return,ElasticNet,A,expanding,5,7,0.03849446664850166
return,ElasticNet,A,expanding,5,8,-0.02910006887538374
return,ElasticNet,A,expanding,5,9,0.0
return,ElasticNet,A,expanding,5,10,0.07873964356850414
return,ElasticNet,A,expanding,5,11,-0.05017540232535641
return,ElasticNet,A,expanding,5,12,-0.09916803782019128
return,ElasticNet,A,expanding,5,13,0.0
return,ElasticNet,A,expanding,5,14,0.0
return,ElasticNet,A,expanding,5,15,0.0
return,ElasticNet,A,expanding,5,16,-0.05827036978212697
return,ElasticNet,A,expanding,5,17,0.05354380401224572
return,ElasticNet,A,expanding,5,18,0.010821091999710661
return,ElasticNet,A,expanding,5,19,-0.022226274824016987
return,ElasticNet,A,expanding,5,20,0.022186481203984053
return,ElasticNet,A,expanding,5,21,0.06507951504655714
return,ElasticNet,A,expanding,5,22,0.0
return,ElasticNet,A,expanding,5,23,0.0
return,ElasticNet,A,expanding,5,24,0.0
return,ElasticNet,A,expanding,5,25,0.0
return,ElasticNet,A,expanding,5,26,0.0
return,ElasticNet,A,rolling_9m_3m,5,0,0.0
return,ElasticNet,A,rolling_9m_3m,5,1,0.0
return,ElasticNet,A,rolling_9m_3m,5,2,0.0
return,ElasticNet,A,rolling_9m_3m,5,3,0.0
return,ElasticNet,A,rolling_9m_3m,5,4,0.0
return,ElasticNet,A,rolling_9m_3m,5,5,0.0
return,ElasticNet,A,rolling_9m_3m,5,6,0.0
return,ElasticNet,A,rolling_9m_3m,5,7,0.0
return,ElasticNet,A,rolling_9m_3m,5,8,0.0
return,ElasticNet,A,rolling_9m_3m,5,9,0.0
return,ElasticNet,A,rolling_9m_3m,5,10,0.0
return,ElasticNet,A,rolling_9m_3m,5,11,0.0
return,ElasticNet,A,rolling_9m_3m,5,12,0.0
return,ElasticNet,A,rolling_9m_3m,5,13,0.0
return,ElasticNet,A,rolling_9m_3m,5,14,0.0
return,ElasticNet,A,rolling_9m_3m,5,15,0.019920375878159917
return,ElasticNet,A,rolling_9m_3m,5,16,0.08408979098243345
return,ElasticNet,A,rolling_9m_3m,5,17,0.0
return,ElasticNet,A,rolling_9m_3m,5,18,0.0
return,ElasticNet,A,rolling_9m_3m,5,19,0.0
return,ElasticNet,A,rolling_9m_3m,5,20,-0.017486879091357856
return,ElasticNet,A,rolling_9m_3m,5,21,0.0
return,ElasticNet,A,rolling_9m_3m,5,22,0.0
return,ElasticNet,A,rolling_9m_3m,5,23,0.0
return,ElasticNet,A,rolling_9m_3m,5,24,0.0
return,ElasticNet,A,rolling_9m_3m,5,25,0.0
return,ElasticNet,A,rolling_9m_3m,5,26,0.04691732671413023
return,ElasticNet,A,rolling_9m_3m,5,27,0.0
return,ElasticNet,A,rolling_9m_3m,5,28,0.0
return,ElasticNet,A,rolling_9m_3m,5,29,0.0
return,ElasticNet,A,rolling_9m_3m,5,30,0.0
return,ElasticNet,A,rolling_9m_3m,5,31,0.0
return,OLS,A,expanding,5,0,6.738060815393245e-05
return,OLS,A,expanding,5,1,0.023920319127140977
return,OLS,A,expanding,5,2,0.02918441935574396
return,OLS,A,expanding,5,3,-0.05114306801004551
return,OLS,A,expanding,5,4,0.08355986344470119
return,OLS,A,expanding,5,5,0.021658980423305746
return,OLS,A,expanding,5,6,-0.03862748243974541
return,OLS,A,expanding,5,7,0.01273050455020576
return,OLS,A,expanding,5,8,0.049541996346748815
return,OLS,A,expanding,5,9,0.10332086208700599
return,OLS,A,expanding,5,10,0.11765727257591051
return,OLS,A,expanding,5,11,-0.12823240157670623
return,OLS,A,expanding,5,12,-0.04806178215849385
return,OLS,A,expanding,5,13,0.034366868857317656
return,OLS,A,expanding,5,14,0.04000801731583976
return,OLS,A,expanding,5,15,0.040589297127486566
return,OLS,A,expanding,5,16,-0.08111274121961272
return,OLS,A,expanding,5,17,-0.02507758836445836
return,OLS,A,expanding,5,18,-0.014675901018584145
return,OLS,A,expanding,5,19,-0.03963937703209905
return,OLS,A,expanding,5,20,0.0328001476514196
return,OLS,A,expanding,5,21,0.17921125836494325
return,OLS,A,expanding,5,22,0.062430794500375225
return,OLS,A,expanding,5,23,-0.0016363652723693646
return,OLS,A,expanding,5,24,-0.003156990748558803
return,OLS,A,expanding,5,25,0.019887986365401407
return,OLS,A,expanding,5,26,-0.029388190165425473
return,OLS,A,rolling_9m_3m,5,0,-0.08858329897489503
return,OLS,A,rolling_9m_3m,5,1,-0.09643809311610888
return,OLS,A,rolling_9m_3m,5,2,0.05989035623179252
return,OLS,A,rolling_9m_3m,5,3,0.05584950051025753
return,OLS,A,rolling_9m_3m,5,4,0.022025528606856266
return,OLS,A,rolling_9m_3m,5,5,0.044531792565963325
return,OLS,A,rolling_9m_3m,5,6,0.0191695246196637
return,OLS,A,rolling_9m_3m,5,7,0.04657057184341936
return,OLS,A,rolling_9m_3m,5,8,-0.03016040266105817
return,OLS,A,rolling_9m_3m,5,9,-0.0068819562913506145
return,OLS,A,rolling_9m_3m,5,10,0.09619428653192115
return,OLS,A,rolling_9m_3m,5,11,0.056967642831337706
return,OLS,A,rolling_9m_3m,5,12,-0.1382861953686297
return,OLS,A,rolling_9m_3m,5,13,0.02559602213397782
return,OLS,A,rolling_9m_3m,5,14,0.10906664991599714
return,OLS,A,rolling_9m_3m,5,15,0.08936377379445894
return,OLS,A,rolling_9m_3m,5,16,-0.14520360278392122
return,OLS,A,rolling_9m_3m,5,17,0.026563193489275497
return,OLS,A,rolling_9m_3m,5,18,-0.022194478291690932
return,OLS,A,rolling_9m_3m,5,19,0.0374163540548234
return,OLS,A,rolling_9m_3m,5,20,-0.016675772814072967
return,OLS,A,rolling_9m_3m,5,21,-0.024718122712084817
return,OLS,A,rolling_9m_3m,5,22,0.033165463926615776
return,OLS,A,rolling_9m_3m,5,23,0.04107481068037046
return,OLS,A,rolling_9m_3m,5,24,-0.0835251971737253
return,OLS,A,rolling_9m_3m,5,25,-0.05086288680985533
return,OLS,A,rolling_9m_3m,5,26,-0.031157246599563673
return,OLS,A,rolling_9m_3m,5,27,-0.004548316604318683
return,OLS,A,rolling_9m_3m,5,28,0.02931786760045308
return,OLS,A,rolling_9m_3m,5,29,0.051339332579033226
return,OLS,A,rolling_9m_3m,5,30,0.006237989982052073
return,OLS,A,rolling_9m_3m,5,31,0.05621818892275865
return,XGBoost,A,expanding,5,0,-0.04382589342934402
return,XGBoost,A,expanding,5,1,-0.00798979182763751
return,XGBoost,A,expanding,5,2,0.04449370029293368
return,XGBoost,A,expanding,5,3,-0.0740535583415452
return,XGBoost,A,expanding,5,4,0.05027970699942877
return,XGBoost,A,expanding,5,5,0.027560992908662065
return,XGBoost,A,expanding,5,6,0.004785862055443165
return,XGBoost,A,expanding,5,7,0.02043394330691942
return,XGBoost,A,expanding,5,8,-0.001063709818211913
return,XGBoost,A,expanding,5,9,0.01896707043597148
return,XGBoost,A,expanding,5,10,-0.0054726980854834986
return,XGBoost,A,expanding,5,11,0.010903030288412236
return,XGBoost,A,expanding,5,12,0.02584615088750795
return,XGBoost,A,expanding,5,13,0.01670141279410497
return,XGBoost,A,expanding,5,14,0.06153424383941252
return,XGBoost,A,expanding,5,15,-0.006742971822458515
return,XGBoost,A,expanding,5,16,-0.037644798075852026
return,XGBoost,A,expanding,5,17,-0.031231816913752118
return,XGBoost,A,expanding,5,18,0.016405461413080063
return,XGBoost,A,expanding,5,19,-0.009395252819337835
return,XGBoost,A,expanding,5,20,0.07867666197409999
return,XGBoost,A,expanding,5,21,0.06351777594495667
return,XGBoost,A,expanding,5,22,-0.009273517997043904
return,XGBoost,A,expanding,5,23,-0.020757198618565127
return,XGBoost,A,expanding,5,24,-0.0722521517001665
return,XGBoost,A,expanding,5,25,0.057244153285171434
return,XGBoost,A,expanding,5,26,-0.018171460710765214
return,XGBoost,A,rolling_9m_3m,5,0,-0.04394089890298454
return,XGBoost,A,rolling_9m_3m,5,1,0.016075301713460683
return,XGBoost,A,rolling_9m_3m,5,2,0.002543945280610769
return,XGBoost,A,rolling_9m_3m,5,3,-0.03681936963781761
return,XGBoost,A,rolling_9m_3m,5,4,0.08332722437792187
return,XGBoost,A,rolling_9m_3m,5,5,0.03772861201262374
return,XGBoost,A,rolling_9m_3m,5,6,0.05381777521628497
return,XGBoost,A,rolling_9m_3m,5,7,0.02670745247849153
return,XGBoost,A,rolling_9m_3m,5,8,-0.019344101674177064
return,XGBoost,A,rolling_9m_3m,5,9,0.01223464861452866
return,XGBoost,A,rolling_9m_3m,5,10,0.015914908119988642
return,XGBoost,A,rolling_9m_3m,5,11,0.046435245811501887
return,XGBoost,A,rolling_9m_3m,5,12,-0.017698458573774247
return,XGBoost,A,rolling_9m_3m,5,13,0.049976110352559486
return,XGBoost,A,rolling_9m_3m,5,14,0.02020431849512577
return,XGBoost,A,rolling_9m_3m,5,15,0.023411659601867276
return,XGBoost,A,rolling_9m_3m,5,16,-0.0053715683529175886
return,XGBoost,A,rolling_9m_3m,5,17,-0.0170825881050878
return,XGBoost,A,rolling_9m_3m,5,18,0.023491351535842635
return,XGBoost,A,rolling_9m_3m,5,19,0.045480908429364336
return,XGBoost,A,rolling_9m_3m,5,20,-0.012938006330953218
return,XGBoost,A,rolling_9m_3m,5,21,-0.004146576680348865
return,XGBoost,A,rolling_9m_3m,5,22,-0.00531488678050266
return,XGBoost,A,rolling_9m_3m,5,23,0.013807519202066323
return,XGBoost,A,rolling_9m_3m,5,24,0.039016366947872715
return,XGBoost,A,rolling_9m_3m,5,25,-0.011114052008621728
return,XGBoost,A,rolling_9m_3m,5,26,0.0043117053057078695
return,XGBoost,A,rolling_9m_3m,5,27,-0.00544269329982442
return,XGBoost,A,rolling_9m_3m,5,28,0.012500107113920387
return,XGBoost,A,rolling_9m_3m,5,29,-0.04078029214267669
return,XGBoost,A,rolling_9m_3m,5,30,-0.017418516731779497
return,XGBoost,A,rolling_9m_3m,5,31,0.027472006998155045
return,ElasticNet,B,expanding,5,0,0.07014973206379542
return,ElasticNet,B,expanding,5,1,0.0
return,ElasticNet,B,expanding,5,2,0.0541686113733635
return,ElasticNet,B,expanding,5,3,-0.025640795988658874
return,ElasticNet,B,expanding,5,4,0.024111510505095073
return,ElasticNet,B,expanding,5,5,-0.0628084994354159
return,ElasticNet,B,expanding,5,6,-0.03732661346545937
return,ElasticNet,B,expanding,5,7,0.1643220013726755
return,ElasticNet,B,expanding,5,8,-0.018083697902547758
return,ElasticNet,B,expanding,5,9,0.0
return,ElasticNet,B,expanding,5,10,0.0
return,ElasticNet,B,expanding,5,11,0.015423602562109263
return,ElasticNet,B,expanding,5,12,-0.019079112157951866
return,ElasticNet,B,expanding,5,13,0.023434236142804758
return,ElasticNet,B,expanding,5,14,0.04945037389550497
return,ElasticNet,B,expanding,5,15,-0.015523786150226725
return,ElasticNet,B,expanding,5,16,-0.09503612085523318
return,ElasticNet,B,expanding,5,17,-0.09010991417611926
return,ElasticNet,B,expanding,5,18,0.00435392337419686
return,ElasticNet,B,expanding,5,19,0.01898555144007486
return,ElasticNet,B,expanding,5,20,0.05721691658107518
return,ElasticNet,B,expanding,5,21,0.12389724670545105
return,ElasticNet,B,expanding,5,22,0.007484509918433695
return,ElasticNet,B,expanding,5,23,0.009026098903621747
return,ElasticNet,B,expanding,5,24,0.08624704504806092
return,ElasticNet,B,expanding,5,25,0.019949409525838388
return,ElasticNet,B,expanding,5,26,-0.01308581090670395
return,ElasticNet,B,rolling_9m_3m,5,0,0.0
return,ElasticNet,B,rolling_9m_3m,5,1,-0.026702963883178575
return,ElasticNet,B,rolling_9m_3m,5,2,0.03517585311693223
return,ElasticNet,B,rolling_9m_3m,5,3,0.0
return,ElasticNet,B,rolling_9m_3m,5,4,0.0
return,ElasticNet,B,rolling_9m_3m,5,5,0.0
return,ElasticNet,B,rolling_9m_3m,5,6,0.0
return,ElasticNet,B,rolling_9m_3m,5,7,0.06428874413934124
return,ElasticNet,B,rolling_9m_3m,5,8,0.0
return,ElasticNet,B,rolling_9m_3m,5,9,0.0
return,ElasticNet,B,rolling_9m_3m,5,10,0.0
return,ElasticNet,B,rolling_9m_3m,5,11,0.0
return,ElasticNet,B,rolling_9m_3m,5,12,0.0
return,ElasticNet,B,rolling_9m_3m,5,13,0.0
return,ElasticNet,B,rolling_9m_3m,5,14,0.0
return,ElasticNet,B,rolling_9m_3m,5,15,0.019920375878159917
return,ElasticNet,B,rolling_9m_3m,5,16,-0.081563982037697
return,ElasticNet,B,rolling_9m_3m,5,17,-0.007274144700483779
return,ElasticNet,B,rolling_9m_3m,5,18,-0.031002724589994923
return,ElasticNet,B,rolling_9m_3m,5,19,0.03464588804956088
return,ElasticNet,B,rolling_9m_3m,5,20,-0.010946175100716915
return,ElasticNet,B,rolling_9m_3m,5,21,0.050400492617812646
return,ElasticNet,B,rolling_9m_3m,5,22,0.0
return,ElasticNet,B,rolling_9m_3m,5,23,0.0
return,ElasticNet,B,rolling_9m_3m,5,24,0.0
return,ElasticNet,B,rolling_9m_3m,5,25,0.0
return,ElasticNet,B,rolling_9m_3m,5,26,0.06299686136105064
return,ElasticNet,B,rolling_9m_3m,5,27,-0.007923049252922738
return,ElasticNet,B,rolling_9m_3m,5,28,0.00463805627452617
return,ElasticNet,B,rolling_9m_3m,5,29,0.10315552246512025
return,ElasticNet,B,rolling_9m_3m,5,30,0.0
return,ElasticNet,B,rolling_9m_3m,5,31,0.0
return,OLS,B,expanding,5,0,0.07818467713353965
return,OLS,B,expanding,5,1,0.01761994628080064
return,OLS,B,expanding,5,2,0.05547548650002539
return,OLS,B,expanding,5,3,-0.050918298683313226
return,OLS,B,expanding,5,4,0.05243504533928139
return,OLS,B,expanding,5,5,-0.018616775475234215
return,OLS,B,expanding,5,6,-0.04473028952184174
return,OLS,B,expanding,5,7,0.06403498143529109
return,OLS,B,expanding,5,8,0.08065593416425912
return,OLS,B,expanding,5,9,0.13206500372010582
return,OLS,B,expanding,5,10,0.09919023423283782
return,OLS,B,expanding,5,11,-0.11332464430397751
return,OLS,B,expanding,5,12,0.00755025522672285
return,OLS,B,expanding,5,13,0.030507142309588235
return,OLS,B,expanding,5,14,0.01777495560447974
return,OLS,B,expanding,5,15,0.052587976858178946
return,OLS,B,expanding,5,16,-0.06580334739328074
return,OLS,B,expanding,5,17,-0.035684077312329705
return,OLS,B,expanding,5,18,-0.010048335472284002
return,OLS,B,expanding,5,19,-0.03283164076175242
return,OLS,B,expanding,5,20,0.04594459067989475
return,OLS,B,expanding,5,21,0.15974519946299187
return,OLS,B,expanding,5,22,0.04753712716848201
return,OLS,B,expanding,5,23,-0.019558260824195976
return,OLS,B,expanding,5,24,0.047063248279614736
return,OLS,B,expanding,5,25,0.028739259297390452
return,OLS,B,expanding,5,26,-0.012892219454138563
return,OLS,B,rolling_9m_3m,5,0,-0.0950602249772758
return,OLS,B,rolling_9m_3m,5,1,-0.06251551280396979
return,OLS,B,rolling_9m_3m,5,2,0.0687639400400771
return,OLS,B,rolling_9m_3m,5,3,0.053349074364261055
return,OLS,B,rolling_9m_3m,5,4,0.05901550514990896
return,OLS,B,rolling_9m_3m,5,5,0.07780801217827449
return,OLS,B,rolling_9m_3m,5,6,0.039834406670403714
return,OLS,B,rolling_9m_3m,5,7,0.06826946832575731
return,OLS,B,rolling_9m_3m,5,8,-0.02564961734576302
return,OLS,B,rolling_9m_3m,5,9,-0.012783978369845439
return,OLS,B,rolling_9m_3m,5,10,0.0668305914326002
return,OLS,B,rolling_9m_3m,5,11,0.05236943661270112
return,OLS,B,rolling_9m_3m,5,12,-0.08022484716030386
return,OLS,B,rolling_9m_3m,5,13,0.04710265805952141
return,OLS,B,rolling_9m_3m,5,14,0.09401331381464358
return,OLS,B,rolling_9m_3m,5,15,0.0904191744082236
return,OLS,B,rolling_9m_3m,5,16,-0.10524918653261132
return,OLS,B,rolling_9m_3m,5,17,0.03661654414347076
return,OLS,B,rolling_9m_3m,5,18,-0.07715648113911452
return,OLS,B,rolling_9m_3m,5,19,0.0405583899354855
return,OLS,B,rolling_9m_3m,5,20,-1.5136223570813788e-05
return,OLS,B,rolling_9m_3m,5,21,0.038865699775865306
return,OLS,B,rolling_9m_3m,5,22,0.04612852813592827
return,OLS,B,rolling_9m_3m,5,23,0.04710572038345006
return,OLS,B,rolling_9m_3m,5,24,-0.055421477910634745
return,OLS,B,rolling_9m_3m,5,25,-0.039583665964052925
return,OLS,B,rolling_9m_3m,5,26,-0.09036726546822653
return,OLS,B,rolling_9m_3m,5,27,0.012801576176114215
return,OLS,B,rolling_9m_3m,5,28,-0.00596029608127358
return,OLS,B,rolling_9m_3m,5,29,0.08735508373784366
return,OLS,B,rolling_9m_3m,5,30,0.023499004531729536
return,OLS,B,rolling_9m_3m,5,31,0.037893341037525285
return,XGBoost,B,expanding,5,0,0.02202453069955106
return,XGBoost,B,expanding,5,1,0.051743123216122615
return,XGBoost,B,expanding,5,2,-0.014524885733496855
return,XGBoost,B,expanding,5,3,0.027546913142721945
return,XGBoost,B,expanding,5,4,0.019273107354625122
return,XGBoost,B,expanding,5,5,-0.03475833874991476
return,XGBoost,B,expanding,5,6,-0.0481567084230432
return,XGBoost,B,expanding,5,7,-0.0016722139206789008
return,XGBoost,B,expanding,5,8,0.020456879884614147
return,XGBoost,B,expanding,5,9,0.0243491684397478
return,XGBoost,B,expanding,5,10,-0.009251882788236951
return,XGBoost,B,expanding,5,11,0.07223004660022489
return,XGBoost,B,expanding,5,12,0.03461350140954976
return,XGBoost,B,expanding,5,13,0.022587982611282312
return,XGBoost,B,expanding,5,14,0.03765307920481135
return,XGBoost,B,expanding,5,15,0.010204102534440864
return,XGBoost,B,expanding,5,16,-0.0742433306366951
return,XGBoost,B,expanding,5,17,-0.09377556907024023
return,XGBoost,B,expanding,5,18,0.0067556124194649535
return,XGBoost,B,expanding,5,19,0.04506558856674965
return,XGBoost,B,expanding,5,20,0.10886594937374983
return,XGBoost,B,expanding,5,21,0.178150554586848
return,XGBoost,B,expanding,5,22,0.008629507595713536
return,XGBoost,B,expanding,5,23,-0.005319098097769812
return,XGBoost,B,expanding,5,24,0.02703431564820843
return,XGBoost,B,expanding,5,25,0.05537642576675111
return,XGBoost,B,expanding,5,26,-0.06157663928948642
return,XGBoost,B,rolling_9m_3m,5,0,-0.01727103231815098
return,XGBoost,B,rolling_9m_3m,5,1,-0.00240281034483522
return,XGBoost,B,rolling_9m_3m,5,2,0.03914568463542666
return,XGBoost,B,rolling_9m_3m,5,3,-0.03000954617210484
return,XGBoost,B,rolling_9m_3m,5,4,0.07294649105135359
return,XGBoost,B,rolling_9m_3m,5,5,0.03369176230978818
return,XGBoost,B,rolling_9m_3m,5,6,0.017497196392574972
return,XGBoost,B,rolling_9m_3m,5,7,0.003359977391621743
return,XGBoost,B,rolling_9m_3m,5,8,-0.05973888863518021
return,XGBoost,B,rolling_9m_3m,5,9,0.04776387921598277
return,XGBoost,B,rolling_9m_3m,5,10,0.0457299215183085
return,XGBoost,B,rolling_9m_3m,5,11,-0.017206941706750554
return,XGBoost,B,rolling_9m_3m,5,12,-0.03661215864621558
return,XGBoost,B,rolling_9m_3m,5,13,-0.009489836035194033
return,XGBoost,B,rolling_9m_3m,5,14,0.04833242646949909
return,XGBoost,B,rolling_9m_3m,5,15,0.10238254793589129
return,XGBoost,B,rolling_9m_3m,5,16,-0.040066852629442574
return,XGBoost,B,rolling_9m_3m,5,17,-0.04187606136522625
return,XGBoost,B,rolling_9m_3m,5,18,-0.01658107024190343
return,XGBoost,B,rolling_9m_3m,5,19,0.039707459581101244
return,XGBoost,B,rolling_9m_3m,5,20,0.017665705438161844
return,XGBoost,B,rolling_9m_3m,5,21,-0.008107031767681506
return,XGBoost,B,rolling_9m_3m,5,22,-0.019596954420373305
return,XGBoost,B,rolling_9m_3m,5,23,0.03397760481080361
return,XGBoost,B,rolling_9m_3m,5,24,-0.006385645670562448
return,XGBoost,B,rolling_9m_3m,5,25,-0.09094602347371068
return,XGBoost,B,rolling_9m_3m,5,26,0.07187270990724963
return,XGBoost,B,rolling_9m_3m,5,27,0.027296337752343337
return,XGBoost,B,rolling_9m_3m,5,28,0.05095575486544141
return,XGBoost,B,rolling_9m_3m,5,29,0.02788143108468487
return,XGBoost,B,rolling_9m_3m,5,30,-0.023179569900519646
return,XGBoost,B,rolling_9m_3m,5,31,0.022976250848173962
return,ElasticNet,C,expanding,5,0,0.0
return,ElasticNet,C,expanding,5,1,0.0
return,ElasticNet,C,expanding,5,2,0.06044222499975413
return,ElasticNet,C,expanding,5,3,-0.020084914989256502
return,ElasticNet,C,expanding,5,4,0.02796422215542781
return,ElasticNet,C,expanding,5,5,-0.05529275031061072
return,ElasticNet,C,expanding,5,6,-0.017406169792322203
return,ElasticNet,C,expanding,5,7,0.09361701316207689
return,ElasticNet,C,expanding,5,8,-0.018270900022675004
return,ElasticNet,C,expanding,5,9,0.0
return,ElasticNet,C,expanding,5,10,0.06540741054414191
return,ElasticNet,C,expanding,5,11,-0.04099369935512015
return,ElasticNet,C,expanding,5,12,-0.09093592013486723
return,ElasticNet,C,expanding,5,13,0.014720660994000687
return,ElasticNet,C,expanding,5,14,0.045573167284078106
return,ElasticNet,C,expanding,5,15,-0.016895785147653865
return,ElasticNet,C,expanding,5,16,-0.10792499185120129
return,ElasticNet,C,expanding,5,17,-0.049621522756215126
return,ElasticNet,C,expanding,5,18,0.016897462687639468
return,ElasticNet,C,expanding,5,19,0.018694603252725622
return,ElasticNet,C,expanding,5,20,0.0554186459720312
return,ElasticNet,C,expanding,5,21,0.1239338298563991
return,ElasticNet,C,expanding,5,22,0.007492778352005359
return,ElasticNet,C,expanding,5,23,0.009032223738072729
return,ElasticNet,C,expanding,5,24,0.08628747597607095
return,ElasticNet,C,expanding,5,25,0.019961127892473857
return,ElasticNet,C,expanding,5,26,-0.013076480416632088
return,ElasticNet,C,rolling_9m_3m,5,0,0.0
return,ElasticNet,C,rolling_9m_3m,5,1,0.0
return,ElasticNet,C,rolling_9m_3m,5,2,0.0047785242109843855
return,ElasticNet,C,rolling_9m_3m,5,3,0.0
return,ElasticNet,C,rolling_9m_3m,5,4,0.0
return,ElasticNet,C,rolling_9m_3m,5,5,0.0
return,ElasticNet,C,rolling_9m_3m,5,6,0.0
return,ElasticNet,C,rolling_9m_3m,5,7,0.0
return,ElasticNet,C,rolling_9m_3m,5,8,0.0
return,ElasticNet,C,rolling_9m_3m,5,9,0.0
return,ElasticNet,C,rolling_9m_3m,5,10,0.0
return,ElasticNet,C,rolling_9m_3m,5,11,0.0
return,ElasticNet,C,rolling_9m_3m,5,12,-0.08114822010351307
return,ElasticNet,C,rolling_9m_3m,5,13,0.0
return,ElasticNet,C,rolling_9m_3m,5,14,0.0
return,ElasticNet,C,rolling_9m_3m,5,15,0.019920375878159917
return,ElasticNet,C,rolling_9m_3m,5,16,-0.11984843339039762
return,ElasticNet,C,rolling_9m_3m,5,17,-0.012750803562578772
return,ElasticNet,C,rolling_9m_3m,5,18,-0.025708481635192043
return,ElasticNet,C,rolling_9m_3m,5,19,0.0
return,ElasticNet,C,rolling_9m_3m,5,20,-0.006735082397206737
return,ElasticNet,C,rolling_9m_3m,5,21,0.0
return,ElasticNet,C,rolling_9m_3m,5,22,0.0
return,ElasticNet,C,rolling_9m_3m,5,23,0.0
return,ElasticNet,C,rolling_9m_3m,5,24,0.0
return,ElasticNet,C,rolling_9m_3m,5,25,0.0
return,ElasticNet,C,rolling_9m_3m,5,26,0.0641267490621296
return,ElasticNet,C,rolling_9m_3m,5,27,0.0010797742456667677
return,ElasticNet,C,rolling_9m_3m,5,28,0.031523864070016124
return,ElasticNet,C,rolling_9m_3m,5,29,0.0868663441465259
return,ElasticNet,C,rolling_9m_3m,5,30,0.0
return,ElasticNet,C,rolling_9m_3m,5,31,0.0
return,OLS,C,expanding,5,0,-0.006277807698293452
return,OLS,C,expanding,5,1,0.0272756647907705
return,OLS,C,expanding,5,2,0.01523890703573441
return,OLS,C,expanding,5,3,-0.04397002328520195
return,OLS,C,expanding,5,4,0.05644079871487958
return,OLS,C,expanding,5,5,-0.01770938288262801
return,OLS,C,expanding,5,6,-0.03711735688638788
return,OLS,C,expanding,5,7,0.026514694233230784
return,OLS,C,expanding,5,8,0.040104067997842156
return,OLS,C,expanding,5,9,0.10996863472639411
return,OLS,C,expanding,5,10,0.09780995014754458
return,OLS,C,expanding,5,11,-0.10155934840022324
return,OLS,C,expanding,5,12,-0.06603071858209994
return,OLS,C,expanding,5,13,0.024277104076324503
return,OLS,C,expanding,5,14,0.03951735953950725
return,OLS,C,expanding,5,15,0.04428253567876442
return,OLS,C,expanding,5,16,-0.0718112144629197
return,OLS,C,expanding,5,17,-0.03393015900409457
return,OLS,C,expanding,5,18,-0.003918785720528531
return,OLS,C,expanding,5,19,-0.01338950337073933
return,OLS,C,expanding,5,20,0.05094349940700182
return,OLS,C,expanding,5,21,0.16129832596854918
return,OLS,C,expanding,5,22,0.06165511535650794
return,OLS,C,expanding,5,23,-0.023131902283609725
return,OLS,C,expanding,5,24,0.017383133182933677
return,OLS,C,expanding,5,25,0.02588077998843369
return,OLS,C,expanding,5,26,0.00020531745109114355
return,OLS,C,rolling_9m_3m,5,0,-0.09099564412441763
return,OLS,C,rolling_9m_3m,5,1,-0.08480328748451886
return,OLS,C,rolling_9m_3m,5,2,0.061891163174894154
return,OLS,C,rolling_9m_3m,5,3,0.057335899166848905
return,OLS,C,rolling_9m_3m,5,4,0.018730030527056702
return,OLS,C,rolling_9m_3m,5,5,0.03636986301413296
return,OLS,C,rolling_9m_3m,5,6,0.0213660458893647
return,OLS,C,rolling_9m_3m,5,7,0.06014523751851437
return,OLS,C,rolling_9m_3m,5,8,-0.023998382599077786
return,OLS,C,rolling_9m_3m,5,9,-0.0017979026957492992
return,OLS,C,rolling_9m_3m,5,10,0.07904276990793968
return,OLS,C,rolling_9m_3m,5,11,0.062219960602826
return,OLS,C,rolling_9m_3m,5,12,-0.12035320139910954
return,OLS,C,rolling_9m_3m,5,13,-0.006512777001183143
return,OLS,C,rolling_9m_3m,5,14,0.10047584907096338
return,OLS,C,rolling_9m_3m,5,15,0.0904532423252514
return,OLS,C,rolling_9m_3m,5,16,-0.12404884703478938
return,OLS,C,rolling_9m_3m,5,17,0.05295660667909232
return,OLS,C,rolling_9m_3m,5,18,-0.0644363476111168
return,OLS,C,rolling_9m_3m,5,19,0.04132696830718917
return,OLS,C,rolling_9m_3m,5,20,0.005131619229253727
return,OLS,C,rolling_9m_3m,5,21,-0.021571824973080894
return,OLS,C,rolling_9m_3m,5,22,0.031841317348847126
return,OLS,C,rolling_9m_3m,5,23,0.04527854104103319
return,OLS,C,rolling_9m_3m,5,24,-0.03390699620666707
return,OLS,C,rolling_9m_3m,5,25,-0.008174732564901439
return,OLS,C,rolling_9m_3m,5,26,-0.11958658369784081
return,OLS,C,rolling_9m_3m,5,27,0.028310367078532368
return,OLS,C,rolling_9m_3m,5,28,0.01817287436676353
return,OLS,C,rolling_9m_3m,5,29,0.05043487346849492
return,OLS,C,rolling_9m_3m,5,30,0.0005116845717031167
return,OLS,C,rolling_9m_3m,5,31,0.021956702296652107
return,XGBoost,C,expanding,5,0,0.012462331230760036
return,XGBoost,C,expanding,5,1,0.08234705600577928
return,XGBoost,C,expanding,5,2,0.002582582610650543
return,XGBoost,C,expanding,5,3,0.010093174614194627
return,XGBoost,C,expanding,5,4,0.01078498403574672
return,XGBoost,C,expanding,5,5,-0.04764741570322866
return,XGBoost,C,expanding,5,6,-0.03925056616610444
return,XGBoost,C,expanding,5,7,0.12442014325076758
return,XGBoost,C,expanding,5,8,-0.04290750619938377
return,XGBoost,C,expanding,5,9,0.04223930911057779
return,XGBoost,C,expanding,5,10,-0.03673228360165125
return,XGBoost,C,expanding,5,11,-0.014376056337154136
return,XGBoost,C,expanding,5,12,0.052427624948434115
return,XGBoost,C,expanding,5,13,0.023466414554852457
return,XGBoost,C,expanding,5,14,0.07956200873340687
return,XGBoost,C,expanding,5,15,-0.00021214122069535893
return,XGBoost,C,expanding,5,16,-0.10125690751791058
return,XGBoost,C,expanding,5,17,-0.05246381592661432
return,XGBoost,C,expanding,5,18,0.023264741379724
return,XGBoost,C,expanding,5,19,0.05704384586285141
return,XGBoost,C,expanding,5,20,0.09474172240818682
return,XGBoost,C,expanding,5,21,0.07686278119549193
return,XGBoost,C,expanding,5,22,0.011088060131858642
return,XGBoost,C,expanding,5,23,-0.015137796485226278
return,XGBoost,C,expanding,5,24,-0.010408114266168072
return,XGBoost,C,expanding,5,25,0.011758330351992386
return,XGBoost,C,expanding,5,26,0.034954195998374855
return,XGBoost,C,rolling_9m_3m,5,0,-0.05021113642466366
return,XGBoost,C,rolling_9m_3m,5,1,0.012665237695082978
return,XGBoost,C,rolling_9m_3m,5,2,0.014130952777250592
return,XGBoost,C,rolling_9m_3m,5,3,-0.03110784024563875
return,XGBoost,C,rolling_9m_3m,5,4,0.02696768404950037
return,XGBoost,C,rolling_9m_3m,5,5,0.011001823086463278
return,XGBoost,C,rolling_9m_3m,5,6,-0.0020084004530642905
return,XGBoost,C,rolling_9m_3m,5,7,0.03466111289391683
return,XGBoost,C,rolling_9m_3m,5,8,-0.03603087026139106
return,XGBoost,C,rolling_9m_3m,5,9,0.002691945121828497
return,XGBoost,C,rolling_9m_3m,5,10,0.08452997710047526
return,XGBoost,C,rolling_9m_3m,5,11,0.0479733185440639
return,XGBoost,C,rolling_9m_3m,5,12,-0.08652020334633491
return,XGBoost,C,rolling_9m_3m,5,13,-0.07929691821478844
return,XGBoost,C,rolling_9m_3m,5,14,0.07498236711378949
return,XGBoost,C,rolling_9m_3m,5,15,0.0845414468493313
return,XGBoost,C,rolling_9m_3m,5,16,-0.006538033434761471
return,XGBoost,C,rolling_9m_3m,5,17,-0.015316737186145075
return,XGBoost,C,rolling_9m_3m,5,18,-0.051904500363973
return,XGBoost,C,rolling_9m_3m,5,19,-0.015437468597404816
return,XGBoost,C,rolling_9m_3m,5,20,-0.010310685264528302
return,XGBoost,C,rolling_9m_3m,5,21,-0.015592931839985714
return,XGBoost,C,rolling_9m_3m,5,22,-0.05075680858980307
return,XGBoost,C,rolling_9m_3m,5,23,-0.050196963981723394
return,XGBoost,C,rolling_9m_3m,5,24,0.021776075620989693
return,XGBoost,C,rolling_9m_3m,5,25,-0.07596896806141738
return,XGBoost,C,rolling_9m_3m,5,26,0.12279618836200885
return,XGBoost,C,rolling_9m_3m,5,27,-0.017745657493874335
return,XGBoost,C,rolling_9m_3m,5,28,0.03126579174611241
return,XGBoost,C,rolling_9m_3m,5,29,-0.017298316996645382
return,XGBoost,C,rolling_9m_3m,5,30,0.00372311866142496
return,XGBoost,C,rolling_9m_3m,5,31,0.057234912228554716
return,ElasticNet,candidate_6,expanding,5,0,0.06947819630777681
return,ElasticNet,candidate_6,expanding,5,1,0.09167459601974443
return,ElasticNet,candidate_6,expanding,5,2,0.05472594262041758
return,ElasticNet,candidate_6,expanding,5,3,-0.03466788992049652
return,ElasticNet,candidate_6,expanding,5,4,0.02923542791570587
return,ElasticNet,candidate_6,expanding,5,5,-0.06266137679364994
return,ElasticNet,candidate_6,expanding,5,6,-0.03902442885728144
return,ElasticNet,candidate_6,expanding,5,7,0.16445848482767503
return,ElasticNet,candidate_6,expanding,5,8,-0.01587677220364243
return,ElasticNet,candidate_6,expanding,5,9,0.073449928215483
return,ElasticNet,candidate_6,expanding,5,10,0.03214322635384056
return,ElasticNet,candidate_6,expanding,5,11,0.05768581859312777
return,ElasticNet,candidate_6,expanding,5,12,0.0008507115664254612
return,ElasticNet,candidate_6,expanding,5,13,0.027874595641537762
return,ElasticNet,candidate_6,expanding,5,14,0.04396327065052918
return,ElasticNet,candidate_6,expanding,5,15,-0.011693910874179307
return,ElasticNet,candidate_6,expanding,5,16,-0.1042684249637254
return,ElasticNet,candidate_6,expanding,5,17,-0.09019547026743678
return,ElasticNet,candidate_6,expanding,5,18,0.007076328486295986
return,ElasticNet,candidate_6,expanding,5,19,0.024630240858345438
return,ElasticNet,candidate_6,expanding,5,20,0.052943624450485824
return,ElasticNet,candidate_6,expanding,5,21,0.13601802605840485
return,ElasticNet,candidate_6,expanding,5,22,-0.0003812780776596567
return,ElasticNet,candidate_6,expanding,5,23,0.02281962879211001
return,ElasticNet,candidate_6,expanding,5,24,0.07523550096870729
return,ElasticNet,candidate_6,expanding,5,25,0.0325378709819671
return,ElasticNet,candidate_6,expanding,5,26,-0.014237950557982873
return,ElasticNet,candidate_6,rolling_9m_3m,5,0,0.0
return,ElasticNet,candidate_6,rolling_9m_3m,5,1,-0.00778805014911061
return,ElasticNet,candidate_6,rolling_9m_3m,5,2,0.0698189721160578
return,ElasticNet,candidate_6,rolling_9m_3m,5,3,0.05834088931886951
return,ElasticNet,candidate_6,rolling_9m_3m,5,4,0.10207168070269673
return,ElasticNet,candidate_6,rolling_9m_3m,5,5,0.0
return,ElasticNet,candidate_6,rolling_9m_3m,5,6,0.0
return,ElasticNet,candidate_6,rolling_9m_3m,5,7,0.06047887219511945
return,ElasticNet,candidate_6,rolling_9m_3m,5,8,-0.01630246482146746
return,ElasticNet,candidate_6,rolling_9m_3m,5,9,0.0
return,ElasticNet,candidate_6,rolling_9m_3m,5,10,0.029946408636699867
return,ElasticNet,candidate_6,rolling_9m_3m,5,11,0.042522672265205105
return,ElasticNet,candidate_6,rolling_9m_3m,5,12,0.0
return,ElasticNet,candidate_6,rolling_9m_3m,5,13,0.04390061210898833
return,ElasticNet,candidate_6,rolling_9m_3m,5,14,0.12737899947837417
return,ElasticNet,candidate_6,rolling_9m_3m,5,15,0.019920375878159917
return,ElasticNet,candidate_6,rolling_9m_3m,5,16,-0.09398262222029707
return,ElasticNet,candidate_6,rolling_9m_3m,5,17,0.0
return,ElasticNet,candidate_6,rolling_9m_3m,5,18,-0.03960579135629561
return,ElasticNet,candidate_6,rolling_9m_3m,5,19,0.035580232482628746
return,ElasticNet,candidate_6,rolling_9m_3m,5,20,0.0
return,ElasticNet,candidate_6,rolling_9m_3m,5,21,0.071302801268569
return,ElasticNet,candidate_6,rolling_9m_3m,5,22,0.0637525292379113
return,ElasticNet,candidate_6,rolling_9m_3m,5,23,0.0
return,ElasticNet,candidate_6,rolling_9m_3m,5,24,0.0
return,ElasticNet,candidate_6,rolling_9m_3m,5,25,0.0
return,ElasticNet,candidate_6,rolling_9m_3m,5,26,0.07500703276378584
return,ElasticNet,candidate_6,rolling_9m_3m,5,27,-0.0233764673853792
return,ElasticNet,candidate_6,rolling_9m_3m,5,28,0.004747168941892891
return,ElasticNet,candidate_6,rolling_9m_3m,5,29,0.09393717867349345
return,ElasticNet,candidate_6,rolling_9m_3m,5,30,0.015221741080677762
return,ElasticNet,candidate_6,rolling_9m_3m,5,31,0.0
return,OLS,candidate_6,expanding,5,0,0.07877868830374292
return,OLS,candidate_6,expanding,5,1,0.016390467999033546
return,OLS,candidate_6,expanding,5,2,0.061326301539736935
return,OLS,candidate_6,expanding,5,3,-0.06596256795212686
return,OLS,candidate_6,expanding,5,4,0.04604867319544134
return,OLS,candidate_6,expanding,5,5,-0.02176709769315473
return,OLS,candidate_6,expanding,5,6,-0.02840818817317633
return,OLS,candidate_6,expanding,5,7,0.046921014349960787
return,OLS,candidate_6,expanding,5,8,0.09472049636575511
return,OLS,candidate_6,expanding,5,9,0.14413280152240351
return,OLS,candidate_6,expanding,5,10,0.11985433283974785
return,OLS,candidate_6,expanding,5,11,-0.10913231842512965
return,OLS,candidate_6,expanding,5,12,0.004343063832523894
return,OLS,candidate_6,expanding,5,13,0.035725550691735886
return,OLS,candidate_6,expanding,5,14,0.02177721724924038
return,OLS,candidate_6,expanding,5,15,0.0527311850637699
return,OLS,candidate_6,expanding,5,16,-0.06339705404447915
return,OLS,candidate_6,expanding,5,17,-0.05068846767321474
return,OLS,candidate_6,expanding,5,18,-0.009147698781338696
return,OLS,candidate_6,expanding,5,19,-0.03867988693729259
return,OLS,candidate_6,expanding,5,20,0.042094570148339866
return,OLS,candidate_6,expanding,5,21,0.18222357262447259
return,OLS,candidate_6,expanding,5,22,0.05163039797316898
return,OLS,candidate_6,expanding,5,23,-0.018270021718737022
return,OLS,candidate_6,expanding,5,24,0.03914143712792879
return,OLS,candidate_6,expanding,5,25,0.0372918359464942
return,OLS,candidate_6,expanding,5,26,-0.02153388200526795
return,OLS,candidate_6,rolling_9m_3m,5,0,-0.10924407131480977
return,OLS,candidate_6,rolling_9m_3m,5,1,-0.10062778977755099
return,OLS,candidate_6,rolling_9m_3m,5,2,0.09805151786742834
return,OLS,candidate_6,rolling_9m_3m,5,3,0.05369922224527309
return,OLS,candidate_6,rolling_9m_3m,5,4,0.06533074990132302
return,OLS,candidate_6,rolling_9m_3m,5,5,0.12203426799165121
return,OLS,candidate_6,rolling_9m_3m,5,6,0.028128486994822906
return,OLS,candidate_6,rolling_9m_3m,5,7,0.05842322410760288
return,OLS,candidate_6,rolling_9m_3m,5,8,-0.029059834197752037
return,OLS,candidate_6,rolling_9m_3m,5,9,-0.03055055074840072
return,OLS,candidate_6,rolling_9m_3m,5,10,0.06438342545320538
return,OLS,candidate_6,rolling_9m_3m,5,11,0.0688979930071408
return,OLS,candidate_6,rolling_9m_3m,5,12,-0.10156085434279458
return,OLS,candidate_6,rolling_9m_3m,5,13,0.044450656962734196
return,OLS,candidate_6,rolling_9m_3m,5,14,0.11214743355183585
return,OLS,candidate_6,rolling_9m_3m,5,15,0.09862178026224906
return,OLS,candidate_6,rolling_9m_3m,5,16,-0.12989691534226452
return,OLS,candidate_6,rolling_9m_3m,5,17,0.03038351005397493
return,OLS,candidate_6,rolling_9m_3m,5,18,-0.05059512910745315
return,OLS,candidate_6,rolling_9m_3m,5,19,0.04503983512258145
return,OLS,candidate_6,rolling_9m_3m,5,20,-0.013896566860361502
return,OLS,candidate_6,rolling_9m_3m,5,21,0.0781339045200042
return,OLS,candidate_6,rolling_9m_3m,5,22,0.05625551680314538
return,OLS,candidate_6,rolling_9m_3m,5,23,0.03544345891585996
return,OLS,candidate_6,rolling_9m_3m,5,24,-0.08564544031030234
return,OLS,candidate_6,rolling_9m_3m,5,25,-0.052952808672763176
return,OLS,candidate_6,rolling_9m_3m,5,26,-0.015590704377765543
return,OLS,candidate_6,rolling_9m_3m,5,27,0.001091691406021944
return,OLS,candidate_6,rolling_9m_3m,5,28,-0.025702821245594018
return,OLS,candidate_6,rolling_9m_3m,5,29,0.10405947238472736
return,OLS,candidate_6,rolling_9m_3m,5,30,0.02231124693256058
return,OLS,candidate_6,rolling_9m_3m,5,31,0.032865811087666126
return,XGBoost,candidate_6,expanding,5,0,0.011771706502721656
return,XGBoost,candidate_6,expanding,5,1,0.06287017819766152
return,XGBoost,candidate_6,expanding,5,2,0.039621465397347976
return,XGBoost,candidate_6,expanding,5,3,-0.049240232428576385
return,XGBoost,candidate_6,expanding,5,4,0.029426795823855035
return,XGBoost,candidate_6,expanding,5,5,-0.04292574107076758
return,XGBoost,candidate_6,expanding,5,6,-0.06849766027787588
return,XGBoost,candidate_6,expanding,5,7,0.10296592290961365
return,XGBoost,candidate_6,expanding,5,8,0.005074768891235623
return,XGBoost,candidate_6,expanding,5,9,-0.02670114832454879
return,XGBoost,candidate_6,expanding,5,10,0.02850914955983567
return,XGBoost,candidate_6,expanding,5,11,0.1347370398102459
return,XGBoost,candidate_6,expanding,5,12,0.006678346725261332
return,XGBoost,candidate_6,expanding,5,13,0.028810909194781187
return,XGBoost,candidate_6,expanding,5,14,0.036748808836780146
return,XGBoost,candidate_6,expanding,5,15,0.00018927380622372
return,XGBoost,candidate_6,expanding,5,16,-0.061794303389464636
return,XGBoost,candidate_6,expanding,5,17,-0.09807690007976758
return,XGBoost,candidate_6,expanding,5,18,0.01821311894777412
return,XGBoost,candidate_6,expanding,5,19,0.042730076116944814
return,XGBoost,candidate_6,expanding,5,20,0.0381747996925727
return,XGBoost,candidate_6,expanding,5,21,0.12582938024303103
return,XGBoost,candidate_6,expanding,5,22,0.02606919748176117
return,XGBoost,candidate_6,expanding,5,23,-0.023014660476845934
return,XGBoost,candidate_6,expanding,5,24,0.012415575097702436
return,XGBoost,candidate_6,expanding,5,25,0.05051264506766032
return,XGBoost,candidate_6,expanding,5,26,-0.06752095389975454
return,XGBoost,candidate_6,rolling_9m_3m,5,0,-0.022833545884473214
return,XGBoost,candidate_6,rolling_9m_3m,5,1,0.009733714741068862
return,XGBoost,candidate_6,rolling_9m_3m,5,2,0.05138859923623559
return,XGBoost,candidate_6,rolling_9m_3m,5,3,0.025069340593221422
return,XGBoost,candidate_6,rolling_9m_3m,5,4,0.08401230591802998
return,XGBoost,candidate_6,rolling_9m_3m,5,5,0.0613538733810991
return,XGBoost,candidate_6,rolling_9m_3m,5,6,0.008125088049162265
return,XGBoost,candidate_6,rolling_9m_3m,5,7,0.058676949468382256
return,XGBoost,candidate_6,rolling_9m_3m,5,8,-0.0037581276326151313
return,XGBoost,candidate_6,rolling_9m_3m,5,9,0.0181094388097609
return,XGBoost,candidate_6,rolling_9m_3m,5,10,0.05338899534064426
return,XGBoost,candidate_6,rolling_9m_3m,5,11,0.03698226498244605
return,XGBoost,candidate_6,rolling_9m_3m,5,12,-0.013876036064166887
return,XGBoost,candidate_6,rolling_9m_3m,5,13,0.00534534312665575
return,XGBoost,candidate_6,rolling_9m_3m,5,14,0.0841171603953667
return,XGBoost,candidate_6,rolling_9m_3m,5,15,0.10703802404071826
return,XGBoost,candidate_6,rolling_9m_3m,5,16,-0.024982733600375197
return,XGBoost,candidate_6,rolling_9m_3m,5,17,-0.006102992404314487
return,XGBoost,candidate_6,rolling_9m_3m,5,18,-0.021839787636942987
return,XGBoost,candidate_6,rolling_9m_3m,5,19,0.06410566143533752
return,XGBoost,candidate_6,rolling_9m_3m,5,20,0.054732996126503494
return,XGBoost,candidate_6,rolling_9m_3m,5,21,-0.04658938531673727
return,XGBoost,candidate_6,rolling_9m_3m,5,22,-0.05462770697527552
return,XGBoost,candidate_6,rolling_9m_3m,5,23,0.044939536883197524
return,XGBoost,candidate_6,rolling_9m_3m,5,24,0.023764566913116965
return,XGBoost,candidate_6,rolling_9m_3m,5,25,-0.041416076953285086
return,XGBoost,candidate_6,rolling_9m_3m,5,26,0.0340239215892378
return,XGBoost,candidate_6,rolling_9m_3m,5,27,0.004142321978497844
return,XGBoost,candidate_6,rolling_9m_3m,5,28,0.05202143362774542
return,XGBoost,candidate_6,rolling_9m_3m,5,29,0.0616431986027619
return,XGBoost,candidate_6,rolling_9m_3m,5,30,-0.01887227380929303
return,XGBoost,candidate_6,rolling_9m_3m,5,31,-0.043229514867062946
return,ElasticNet,D,expanding,5,0,0.0
return,ElasticNet,D,expanding,5,1,0.0
return,ElasticNet,D,expanding,5,2,0.054950720558750006
return,ElasticNet,D,expanding,5,3,-0.036276150217344545
return,ElasticNet,D,expanding,5,4,0.037753689946635784
return,ElasticNet,D,expanding,5,5,-0.059718815814342574
return,ElasticNet,D,expanding,5,6,-0.037128557501597055
return,ElasticNet,D,expanding,5,7,0.07139424500572843
return,ElasticNet,D,expanding,5,8,-0.02626161641601278
return,ElasticNet,D,expanding,5,9,0.07419094713184703
return,ElasticNet,D,expanding,5,10,0.030591144862797105
return,ElasticNet,D,expanding,5,11,-0.038467777525972406
return,ElasticNet,D,expanding,5,12,-0.048938267156299085
return,ElasticNet,D,expanding,5,13,0.008967361489080743
return,ElasticNet,D,expanding,5,14,0.050257779652716446
return,ElasticNet,D,expanding,5,15,-0.017398014811038896
return,ElasticNet,D,expanding,5,16,-0.11176503782067954
return,ElasticNet,D,expanding,5,17,-0.056828061105118455
return,ElasticNet,D,expanding,5,18,0.013288697516801382
return,ElasticNet,D,expanding,5,19,0.008439177038641804
return,ElasticNet,D,expanding,5,20,0.06115527470536853
return,ElasticNet,D,expanding,5,21,0.12210948525749263
return,ElasticNet,D,expanding,5,22,0.005075848871852609
return,ElasticNet,D,expanding,5,23,0.026942505856916366
return,ElasticNet,D,expanding,5,24,0.08931324721589397
return,ElasticNet,D,expanding,5,25,0.036761719360604066
return,ElasticNet,D,expanding,5,26,-0.022580484015339405
return,ElasticNet,D,rolling_9m_3m,5,0,0.0
return,ElasticNet,D,rolling_9m_3m,5,1,0.0
return,ElasticNet,D,rolling_9m_3m,5,2,0.035289923385300556
return,ElasticNet,D,rolling_9m_3m,5,3,0.0
return,ElasticNet,D,rolling_9m_3m,5,4,0.0
return,ElasticNet,D,rolling_9m_3m,5,5,0.0
return,ElasticNet,D,rolling_9m_3m,5,6,0.0
return,ElasticNet,D,rolling_9m_3m,5,7,0.0
return,ElasticNet,D,rolling_9m_3m,5,8,0.0
return,ElasticNet,D,rolling_9m_3m,5,9,0.0
return,ElasticNet,D,rolling_9m_3m,5,10,0.0
return,ElasticNet,D,rolling_9m_3m,5,11,0.0
return,ElasticNet,D,rolling_9m_3m,5,12,0.0
return,ElasticNet,D,rolling_9m_3m,5,13,0.0
return,ElasticNet,D,rolling_9m_3m,5,14,0.0
return,ElasticNet,D,rolling_9m_3m,5,15,0.09339920450426112
return,ElasticNet,D,rolling_9m_3m,5,16,-0.1176263241667108
return,ElasticNet,D,rolling_9m_3m,5,17,0.0
return,ElasticNet,D,rolling_9m_3m,5,18,0.0
return,ElasticNet,D,rolling_9m_3m,5,19,0.0
return,ElasticNet,D,rolling_9m_3m,5,20,0.0
return,ElasticNet,D,rolling_9m_3m,5,21,0.0
return,ElasticNet,D,rolling_9m_3m,5,22,0.0
return,ElasticNet,D,rolling_9m_3m,5,23,0.0
return,ElasticNet,D,rolling_9m_3m,5,24,0.0
return,ElasticNet,D,rolling_9m_3m,5,25,0.0
return,ElasticNet,D,rolling_9m_3m,5,26,0.07903307292751095
return,ElasticNet,D,rolling_9m_3m,5,27,-8.104157306795945e-05
return,ElasticNet,D,rolling_9m_3m,5,28,0.03477017946329741
return,ElasticNet,D,rolling_9m_3m,5,29,0.059700791736096256
return,ElasticNet,D,rolling_9m_3m,5,30,0.0
return,ElasticNet,D,rolling_9m_3m,5,31,0.0
return,OLS,D,expanding,5,0,-0.019242008868178326
return,OLS,D,expanding,5,1,0.027976264587884235
return,OLS,D,expanding,5,2,0.03252681162693837
return,OLS,D,expanding,5,3,-0.035271952602171794
return,OLS,D,expanding,5,4,0.051214748241359194
return,OLS,D,expanding,5,5,0.004284005265254021
return,OLS,D,expanding,5,6,-0.050466026061355695
return,OLS,D,expanding,5,7,0.012693279571902196
return,OLS,D,expanding,5,8,0.047071253650031376
return,OLS,D,expanding,5,9,0.08951631452499344
return,OLS,D,expanding,5,10,0.11217339753349562
return,OLS,D,expanding,5,11,-0.12072470913165577
return,OLS,D,expanding,5,12,-0.04728686680102332
return,OLS,D,expanding,5,13,0.04601344654670546
return,OLS,D,expanding,5,14,0.023186155531044642
return,OLS,D,expanding,5,15,0.036776921848748104
return,OLS,D,expanding,5,16,-0.061122871329055986
return,OLS,D,expanding,5,17,-0.023035909964364935
return,OLS,D,expanding,5,18,-0.00037692335539524756
return,OLS,D,expanding,5,19,-0.024393000814914745
return,OLS,D,expanding,5,20,0.06954674822649844
return,OLS,D,expanding,5,21,0.16780604763976398
return,OLS,D,expanding,5,22,0.06293259170022966
return,OLS,D,expanding,5,23,-0.011570404818648168
return,OLS,D,expanding,5,24,-0.007723020919586263
return,OLS,D,expanding,5,25,0.03864682440285679
return,OLS,D,expanding,5,26,-0.038847233519697856
return,OLS,D,rolling_9m_3m,5,0,-0.09505742905955776
return,OLS,D,rolling_9m_3m,5,1,-0.0785428923344467
return,OLS,D,rolling_9m_3m,5,2,0.04441577908778096
return,OLS,D,rolling_9m_3m,5,3,0.07243893898105655
return,OLS,D,rolling_9m_3m,5,4,0.03488690783813453
return,OLS,D,rolling_9m_3m,5,5,0.03609104959082767
return,OLS,D,rolling_9m_3m,5,6,0.018048665387424327
return,OLS,D,rolling_9m_3m,5,7,0.025911653799033173
return,OLS,D,rolling_9m_3m,5,8,-0.03653308209921837
return,OLS,D,rolling_9m_3m,5,9,0.014250749700859485
return,OLS,D,rolling_9m_3m,5,10,0.07677558842125695
return,OLS,D,rolling_9m_3m,5,11,0.04490331044428153
return,OLS,D,rolling_9m_3m,5,12,-0.15430256747686794
return,OLS,D,rolling_9m_3m,5,13,0.004078618669793153
return,OLS,D,rolling_9m_3m,5,14,0.10346028560259346
return,OLS,D,rolling_9m_3m,5,15,0.10077202191012433
return,OLS,D,rolling_9m_3m,5,16,-0.13034532422174527
return,OLS,D,rolling_9m_3m,5,17,0.029512476189220656
return,OLS,D,rolling_9m_3m,5,18,-0.032386604400288524
return,OLS,D,rolling_9m_3m,5,19,0.01969994145699336
return,OLS,D,rolling_9m_3m,5,20,-0.014667342425809301
return,OLS,D,rolling_9m_3m,5,21,0.009546231362827206
return,OLS,D,rolling_9m_3m,5,22,0.039867369966507346
return,OLS,D,rolling_9m_3m,5,23,0.05345970824475677
return,OLS,D,rolling_9m_3m,5,24,-0.03123393912406186
return,OLS,D,rolling_9m_3m,5,25,0.013496824078509148
return,OLS,D,rolling_9m_3m,5,26,-0.10593745572916174
return,OLS,D,rolling_9m_3m,5,27,0.011476507918372366
return,OLS,D,rolling_9m_3m,5,28,0.03125515773793394
return,OLS,D,rolling_9m_3m,5,29,0.05016742267569511
return,OLS,D,rolling_9m_3m,5,30,-0.01644810517847875
return,OLS,D,rolling_9m_3m,5,31,0.059085605388607194
return,XGBoost,D,expanding,5,0,0.01073222964505018
return,XGBoost,D,expanding,5,1,-0.027245605052381116
return,XGBoost,D,expanding,5,2,0.029631835199086683
return,XGBoost,D,expanding,5,3,-0.053851099093907
return,XGBoost,D,expanding,5,4,-0.00552426585108795
return,XGBoost,D,expanding,5,5,-0.008163797072541619
return,XGBoost,D,expanding,5,6,-0.04800748399149276
return,XGBoost,D,expanding,5,7,0.05035595007027111
return,XGBoost,D,expanding,5,8,-0.016256648388333926
return,XGBoost,D,expanding,5,9,0.053076064133225596
return,XGBoost,D,expanding,5,10,0.024481110964719936
return,XGBoost,D,expanding,5,11,0.07522986175655257
return,XGBoost,D,expanding,5,12,0.06109445478005653
return,XGBoost,D,expanding,5,13,0.023156470728667194
return,XGBoost,D,expanding,5,14,0.035359877198178916
return,XGBoost,D,expanding,5,15,-0.011436067542362933
return,XGBoost,D,expanding,5,16,-0.09182016778086122
return,XGBoost,D,expanding,5,17,-0.07402658238183911
return,XGBoost,D,expanding,5,18,0.015296886759169256
return,XGBoost,D,expanding,5,19,0.056574547257346605
return,XGBoost,D,expanding,5,20,0.027365951483025164
return,XGBoost,D,expanding,5,21,0.0963748344220231
return,XGBoost,D,expanding,5,22,0.022350409444085197
return,XGBoost,D,expanding,5,23,-0.022109329700554136
return,XGBoost,D,expanding,5,24,-0.057040055367544584
return,XGBoost,D,expanding,5,25,0.06592174940409387
return,XGBoost,D,expanding,5,26,-0.009407496936153949
return,XGBoost,D,rolling_9m_3m,5,0,-0.062257177581863374
return,XGBoost,D,rolling_9m_3m,5,1,-0.04835234795742046
return,XGBoost,D,rolling_9m_3m,5,2,-0.03215157058502769
return,XGBoost,D,rolling_9m_3m,5,3,-0.0069006540968262154
return,XGBoost,D,rolling_9m_3m,5,4,-0.03664610036809346
return,XGBoost,D,rolling_9m_3m,5,5,-0.041016631075822436
return,XGBoost,D,rolling_9m_3m,5,6,0.030500121960675038
return,XGBoost,D,rolling_9m_3m,5,7,0.04317738524757463
return,XGBoost,D,rolling_9m_3m,5,8,-0.006502635879893556
return,XGBoost,D,rolling_9m_3m,5,9,0.011622212983965279
return,XGBoost,D,rolling_9m_3m,5,10,0.11419616228669208
return,XGBoost,D,rolling_9m_3m,5,11,0.06333869770322217
return,XGBoost,D,rolling_9m_3m,5,12,-0.09558079765399456
return,XGBoost,D,rolling_9m_3m,5,13,-0.05734194776306415
return,XGBoost,D,rolling_9m_3m,5,14,0.0025437519784200727
return,XGBoost,D,rolling_9m_3m,5,15,0.04537128672570628
return,XGBoost,D,rolling_9m_3m,5,16,0.016357086633928004
return,XGBoost,D,rolling_9m_3m,5,17,0.0016172967041342614
return,XGBoost,D,rolling_9m_3m,5,18,-0.0253037314701906
return,XGBoost,D,rolling_9m_3m,5,19,0.016176620970591412
return,XGBoost,D,rolling_9m_3m,5,20,0.017681455962565106
return,XGBoost,D,rolling_9m_3m,5,21,-0.06349366031466584
return,XGBoost,D,rolling_9m_3m,5,22,0.002815044197554683
return,XGBoost,D,rolling_9m_3m,5,23,-0.004409947371261793
return,XGBoost,D,rolling_9m_3m,5,24,0.05573260182002297
return,XGBoost,D,rolling_9m_3m,5,25,0.024134469280626146
return,XGBoost,D,rolling_9m_3m,5,26,0.10031494881926774
return,XGBoost,D,rolling_9m_3m,5,27,0.04048267343786691
return,XGBoost,D,rolling_9m_3m,5,28,0.014442894500463311
return,XGBoost,D,rolling_9m_3m,5,29,0.004085823834934197
return,XGBoost,D,rolling_9m_3m,5,30,0.030352447589124757
return,XGBoost,D,rolling_9m_3m,5,31,0.028224115864417105
return,ElasticNet,repr_svi,expanding,5,0,-0.04094098541152763
return,ElasticNet,repr_svi,expanding,5,1,0.0
return,ElasticNet,repr_svi,expanding,5,2,0.05729153756115207
return,ElasticNet,repr_svi,expanding,5,3,-0.02783964954880262
return,ElasticNet,repr_svi,expanding,5,4,0.0457400177452793
return,ElasticNet,repr_svi,expanding,5,5,-0.03410949676432946
return,ElasticNet,repr_svi,expanding,5,6,-0.04411325664385257
return,ElasticNet,repr_svi,expanding,5,7,0.03799666205651948
return,ElasticNet,repr_svi,expanding,5,8,-0.024132396750872545
return,ElasticNet,repr_svi,expanding,5,9,0.06937999200120021
return,ElasticNet,repr_svi,expanding,5,10,0.03901015178968976
return,ElasticNet,repr_svi,expanding,5,11,-0.04857792040704025
return,ElasticNet,repr_svi,expanding,5,12,-0.0767625173255702
return,ElasticNet,repr_svi,expanding,5,13,0.0016896768653425055
return,ElasticNet,repr_svi,expanding,5,14,0.029178195830507504
return,ElasticNet,repr_svi,expanding,5,15,-0.018016353957170352
return,ElasticNet,repr_svi,expanding,5,16,-0.11540596921041017
return,ElasticNet,repr_svi,expanding,5,17,-0.03745668286432822
return,ElasticNet,repr_svi,expanding,5,18,0.016976087347588865
return,ElasticNet,repr_svi,expanding,5,19,-0.0015088861838992603
return,ElasticNet,repr_svi,expanding,5,20,0.07585928585344132
return,ElasticNet,repr_svi,expanding,5,21,0.12679062934952123
return,ElasticNet,repr_svi,expanding,5,22,0.0027468020786299524
return,ElasticNet,repr_svi,expanding,5,23,0.033069153717238356
return,ElasticNet,repr_svi,expanding,5,24,0.08520749774578383
return,ElasticNet,repr_svi,expanding,5,25,0.04790996168289678
return,ElasticNet,repr_svi,expanding,5,26,-0.021770123135239614
return,ElasticNet,repr_svi,rolling_9m_3m,5,0,0.0
return,ElasticNet,repr_svi,rolling_9m_3m,5,1,0.0
return,ElasticNet,repr_svi,rolling_9m_3m,5,2,0.0
return,ElasticNet,repr_svi,rolling_9m_3m,5,3,0.0
return,ElasticNet,repr_svi,rolling_9m_3m,5,4,0.0
return,ElasticNet,repr_svi,rolling_9m_3m,5,5,0.0
return,ElasticNet,repr_svi,rolling_9m_3m,5,6,0.0
return,ElasticNet,repr_svi,rolling_9m_3m,5,7,0.0
return,ElasticNet,repr_svi,rolling_9m_3m,5,8,0.0
return,ElasticNet,repr_svi,rolling_9m_3m,5,9,0.0
return,ElasticNet,repr_svi,rolling_9m_3m,5,10,0.0
return,ElasticNet,repr_svi,rolling_9m_3m,5,11,0.0
return,ElasticNet,repr_svi,rolling_9m_3m,5,12,0.0
return,ElasticNet,repr_svi,rolling_9m_3m,5,13,0.0
return,ElasticNet,repr_svi,rolling_9m_3m,5,14,0.0
return,ElasticNet,repr_svi,rolling_9m_3m,5,15,0.09128092615983882
return,ElasticNet,repr_svi,rolling_9m_3m,5,16,-0.11803002538491172
return,ElasticNet,repr_svi,rolling_9m_3m,5,17,0.0
return,ElasticNet,repr_svi,rolling_9m_3m,5,18,0.0
return,ElasticNet,repr_svi,rolling_9m_3m,5,19,0.0
return,ElasticNet,repr_svi,rolling_9m_3m,5,20,-0.02869159065596976
return,ElasticNet,repr_svi,rolling_9m_3m,5,21,0.0
return,ElasticNet,repr_svi,rolling_9m_3m,5,22,0.0
return,ElasticNet,repr_svi,rolling_9m_3m,5,23,0.0
return,ElasticNet,repr_svi,rolling_9m_3m,5,24,0.0
return,ElasticNet,repr_svi,rolling_9m_3m,5,25,0.0
return,ElasticNet,repr_svi,rolling_9m_3m,5,26,0.07421578144520802
return,ElasticNet,repr_svi,rolling_9m_3m,5,27,0.0007024533028321067
return,ElasticNet,repr_svi,rolling_9m_3m,5,28,0.03277476134465188
return,ElasticNet,repr_svi,rolling_9m_3m,5,29,0.019739075918903046
return,ElasticNet,repr_svi,rolling_9m_3m,5,30,0.0
return,ElasticNet,repr_svi,rolling_9m_3m,5,31,0.0
return,OLS,repr_svi,expanding,5,0,-0.0212746632382074
return,OLS,repr_svi,expanding,5,1,0.02220723850228647
return,OLS,repr_svi,expanding,5,2,0.030055204748730753
return,OLS,repr_svi,expanding,5,3,-0.048794965348915996
return,OLS,repr_svi,expanding,5,4,0.08124745498329956
return,OLS,repr_svi,expanding,5,5,0.010072830288466481
return,OLS,repr_svi,expanding,5,6,-0.03845994055122956
return,OLS,repr_svi,expanding,5,7,0.015989334577080978
return,OLS,repr_svi,expanding,5,8,0.053572968291876216
return,OLS,repr_svi,expanding,5,9,0.08085674595454305
return,OLS,repr_svi,expanding,5,10,0.10135682071937085
return,OLS,repr_svi,expanding,5,11,-0.13095018375863682
return,OLS,repr_svi,expanding,5,12,-0.047407318357121274
return,OLS,repr_svi,expanding,5,13,0.03540547536495912
return,OLS,repr_svi,expanding,5,14,0.03461776396963576
return,OLS,repr_svi,expanding,5,15,0.04571549661217139
return,OLS,repr_svi,expanding,5,16,-0.07980971465149471
return,OLS,repr_svi,expanding,5,17,-0.027660512628191906
return,OLS,repr_svi,expanding,5,18,0.007609809640016658
return,OLS,repr_svi,expanding,5,19,-0.023172532929830913
return,OLS,repr_svi,expanding,5,20,0.0545035880173842
return,OLS,repr_svi,expanding,5,21,0.1809016467025458
return,OLS,repr_svi,expanding,5,22,0.05906533540441513
return,OLS,repr_svi,expanding,5,23,-0.020870871342169407
return,OLS,repr_svi,expanding,5,24,-0.013193600878989102
return,OLS,repr_svi,expanding,5,25,0.02421591746196361
return,OLS,repr_svi,expanding,5,26,-0.03422413147895762
return,OLS,repr_svi,rolling_9m_3m,5,0,-0.0867276044100144
return,OLS,repr_svi,rolling_9m_3m,5,1,-0.0940884248114588
return,OLS,repr_svi,rolling_9m_3m,5,2,0.06066742954759335
return,OLS,repr_svi,rolling_9m_3m,5,3,0.06545895242252105
return,OLS,repr_svi,rolling_9m_3m,5,4,0.025890328780370953
return,OLS,repr_svi,rolling_9m_3m,5,5,0.04849901356780771
return,OLS,repr_svi,rolling_9m_3m,5,6,0.018195614529377045
return,OLS,repr_svi,rolling_9m_3m,5,7,0.04744817702956768
return,OLS,repr_svi,rolling_9m_3m,5,8,-0.04044345901802226
return,OLS,repr_svi,rolling_9m_3m,5,9,0.006963476935089196
return,OLS,repr_svi,rolling_9m_3m,5,10,0.08877247091990417
return,OLS,repr_svi,rolling_9m_3m,5,11,0.04819198189913112
return,OLS,repr_svi,rolling_9m_3m,5,12,-0.14947902070339963
return,OLS,repr_svi,rolling_9m_3m,5,13,0.007539918675261618
return,OLS,repr_svi,rolling_9m_3m,5,14,0.11866054009152843
return,OLS,repr_svi,rolling_9m_3m,5,15,0.08879027483875374
return,OLS,repr_svi,rolling_9m_3m,5,16,-0.14550398706961945
return,OLS,repr_svi,rolling_9m_3m,5,17,0.02502930114800234
return,OLS,repr_svi,rolling_9m_3m,5,18,-0.016518070104988895
return,OLS,repr_svi,rolling_9m_3m,5,19,0.025347412950845864
return,OLS,repr_svi,rolling_9m_3m,5,20,-0.021969105502896148
return,OLS,repr_svi,rolling_9m_3m,5,21,-0.0032009660119238573
return,OLS,repr_svi,rolling_9m_3m,5,22,0.038972822006970796
return,OLS,repr_svi,rolling_9m_3m,5,23,0.03968241064100233
return,OLS,repr_svi,rolling_9m_3m,5,24,-0.0522377930018891
return,OLS,repr_svi,rolling_9m_3m,5,25,-0.01299752400678299
return,OLS,repr_svi,rolling_9m_3m,5,26,-0.10321157183125075
return,OLS,repr_svi,rolling_9m_3m,5,27,0.009443796795431288
return,OLS,repr_svi,rolling_9m_3m,5,28,0.010230737429139634
return,OLS,repr_svi,rolling_9m_3m,5,29,0.011682852311820991
return,OLS,repr_svi,rolling_9m_3m,5,30,0.01303886263765506
return,OLS,repr_svi,rolling_9m_3m,5,31,0.049714457710485195
return,XGBoost,repr_svi,expanding,5,0,0.0018239571581615953
return,XGBoost,repr_svi,expanding,5,1,0.07590437565510548
return,XGBoost,repr_svi,expanding,5,2,0.0415824853995593
return,XGBoost,repr_svi,expanding,5,3,-0.050925627747518104
return,XGBoost,repr_svi,expanding,5,4,0.08592953081910484
return,XGBoost,repr_svi,expanding,5,5,-0.004549600492252269
return,XGBoost,repr_svi,expanding,5,6,-0.02448482214089506
return,XGBoost,repr_svi,expanding,5,7,0.044368788478947686
return,XGBoost,repr_svi,expanding,5,8,-0.03512326337913292
return,XGBoost,repr_svi,expanding,5,9,0.0020385503235725386
return,XGBoost,repr_svi,expanding,5,10,0.020740587167679833
return,XGBoost,repr_svi,expanding,5,11,0.0172631811074475
return,XGBoost,repr_svi,expanding,5,12,0.03249218103774585
return,XGBoost,repr_svi,expanding,5,13,0.0034399763440343028
return,XGBoost,repr_svi,expanding,5,14,0.03369136709130851
return,XGBoost,repr_svi,expanding,5,15,0.020697266171793977
return,XGBoost,repr_svi,expanding,5,16,-0.10165278259793972
return,XGBoost,repr_svi,expanding,5,17,-0.08360284357941732
return,XGBoost,repr_svi,expanding,5,18,-0.015728513350218954
return,XGBoost,repr_svi,expanding,5,19,-2.6128442081248634e-05
return,XGBoost,repr_svi,expanding,5,20,0.05377546475239802
return,XGBoost,repr_svi,expanding,5,21,-0.1110583344384823
return,XGBoost,repr_svi,expanding,5,22,-0.016745853923685005
return,XGBoost,repr_svi,expanding,5,23,-0.0304656399303042
return,XGBoost,repr_svi,expanding,5,24,-0.04960502944342857
return,XGBoost,repr_svi,expanding,5,25,0.057866188041661513
return,XGBoost,repr_svi,expanding,5,26,0.009759980974068943
return,XGBoost,repr_svi,rolling_9m_3m,5,0,-0.027143948517571116
return,XGBoost,repr_svi,rolling_9m_3m,5,1,-0.013887435833259847
return,XGBoost,repr_svi,rolling_9m_3m,5,2,-0.006265586839172725
return,XGBoost,repr_svi,rolling_9m_3m,5,3,-0.029224609531565016
return,XGBoost,repr_svi,rolling_9m_3m,5,4,0.07257813064298062
return,XGBoost,repr_svi,rolling_9m_3m,5,5,-0.020363107129910473
return,XGBoost,repr_svi,rolling_9m_3m,5,6,0.023862351560431337
return,XGBoost,repr_svi,rolling_9m_3m,5,7,0.06787923589624269
return,XGBoost,repr_svi,rolling_9m_3m,5,8,-0.019178649544014804
return,XGBoost,repr_svi,rolling_9m_3m,5,9,-0.0003128780950429408
return,XGBoost,repr_svi,rolling_9m_3m,5,10,0.059694700512873185
return,XGBoost,repr_svi,rolling_9m_3m,5,11,0.013909660342189838
return,XGBoost,repr_svi,rolling_9m_3m,5,12,-0.06589546754520509
return,XGBoost,repr_svi,rolling_9m_3m,5,13,-0.06120376650797551
return,XGBoost,repr_svi,rolling_9m_3m,5,14,-0.06045210400192674
return,XGBoost,repr_svi,rolling_9m_3m,5,15,-0.008080271776228536
return,XGBoost,repr_svi,rolling_9m_3m,5,16,-0.01938186824355089
return,XGBoost,repr_svi,rolling_9m_3m,5,17,-0.011615035420582922
return,XGBoost,repr_svi,rolling_9m_3m,5,18,0.013138886137862947
return,XGBoost,repr_svi,rolling_9m_3m,5,19,0.05915112372986313
return,XGBoost,repr_svi,rolling_9m_3m,5,20,0.004089499925985185
return,XGBoost,repr_svi,rolling_9m_3m,5,21,-0.06975997142941537
return,XGBoost,repr_svi,rolling_9m_3m,5,22,0.017073079842849382
return,XGBoost,repr_svi,rolling_9m_3m,5,23,-0.01852492348183375
return,XGBoost,repr_svi,rolling_9m_3m,5,24,0.08531962585261797
return,XGBoost,repr_svi,rolling_9m_3m,5,25,-0.023620528971519304
return,XGBoost,repr_svi,rolling_9m_3m,5,26,0.05581594636749098
return,XGBoost,repr_svi,rolling_9m_3m,5,27,0.01485045292161313
return,XGBoost,repr_svi,rolling_9m_3m,5,28,-0.029419299046573682
return,XGBoost,repr_svi,rolling_9m_3m,5,29,0.019530124027170005
return,XGBoost,repr_svi,rolling_9m_3m,5,30,0.016521421614223198
return,XGBoost,repr_svi,rolling_9m_3m,5,31,0.04081605233601456
return,ElasticNet,repr_grid,expanding,5,0,-0.029164981596615923
return,ElasticNet,repr_grid,expanding,5,1,0.0
return,ElasticNet,repr_grid,expanding,5,2,0.05666445921844585
return,ElasticNet,repr_grid,expanding,5,3,-0.03038199142918861
return,ElasticNet,repr_grid,expanding,5,4,0.037780814033910246
return,ElasticNet,repr_grid,expanding,5,5,-0.060618138347983685
return,ElasticNet,repr_grid,expanding,5,6,-0.02982536387066122
return,ElasticNet,repr_grid,expanding,5,7,0.1084957023401176
return,ElasticNet,repr_grid,expanding,5,8,-0.016013682900390375
return,ElasticNet,repr_grid,expanding,5,9,0.08728693331924088
return,ElasticNet,repr_grid,expanding,5,10,0.04391413413772058
return,ElasticNet,repr_grid,expanding,5,11,-0.017286334591871958
return,ElasticNet,repr_grid,expanding,5,12,-0.034688513608197385
return,ElasticNet,repr_grid,expanding,5,13,0.016880770990402166
return,ElasticNet,repr_grid,expanding,5,14,0.05615841669242266
return,ElasticNet,repr_grid,expanding,5,15,-0.02196417402360372
return,ElasticNet,repr_grid,expanding,5,16,-0.10559428894241671
return,ElasticNet,repr_grid,expanding,5,17,-0.054163672950558336
return,ElasticNet,repr_grid,expanding,5,18,0.013665547632405168
return,ElasticNet,repr_grid,expanding,5,19,0.011375946197072663
return,ElasticNet,repr_grid,expanding,5,20,0.05283606444515731
return,ElasticNet,repr_grid,expanding,5,21,0.11723513300241505
return,ElasticNet,repr_grid,expanding,5,22,-0.005458094318761475
return,ElasticNet,repr_grid,expanding,5,23,0.02441032725701147
return,ElasticNet,repr_grid,expanding,5,24,0.08028356912709816
return,ElasticNet,repr_grid,expanding,5,25,0.02580879573624439
return,ElasticNet,repr_grid,expanding,5,26,-0.023268718652854032
return,ElasticNet,repr_grid,rolling_9m_3m,5,0,0.0
return,ElasticNet,repr_grid,rolling_9m_3m,5,1,0.0
return,ElasticNet,repr_grid,rolling_9m_3m,5,2,0.035091700611076186
return,ElasticNet,repr_grid,rolling_9m_3m,5,3,0.0
return,ElasticNet,repr_grid,rolling_9m_3m,5,4,0.0
return,ElasticNet,repr_grid,rolling_9m_3m,5,5,0.0
return,ElasticNet,repr_grid,rolling_9m_3m,5,6,0.0
return,ElasticNet,repr_grid,rolling_9m_3m,5,7,0.0
return,ElasticNet,repr_grid,rolling_9m_3m,5,8,0.0
return,ElasticNet,repr_grid,rolling_9m_3m,5,9,0.0
return,ElasticNet,repr_grid,rolling_9m_3m,5,10,0.0
return,ElasticNet,repr_grid,rolling_9m_3m,5,11,0.0
return,ElasticNet,repr_grid,rolling_9m_3m,5,12,-0.0953654405291974
return,ElasticNet,repr_grid,rolling_9m_3m,5,13,0.0
return,ElasticNet,repr_grid,rolling_9m_3m,5,14,0.0
return,ElasticNet,repr_grid,rolling_9m_3m,5,15,0.09307542755598898
return,ElasticNet,repr_grid,rolling_9m_3m,5,16,-0.12199388147806826
return,ElasticNet,repr_grid,rolling_9m_3m,5,17,0.0
return,ElasticNet,repr_grid,rolling_9m_3m,5,18,0.0
return,ElasticNet,repr_grid,rolling_9m_3m,5,19,0.0
return,ElasticNet,repr_grid,rolling_9m_3m,5,20,-0.020086745209019034
return,ElasticNet,repr_grid,rolling_9m_3m,5,21,0.0
return,ElasticNet,repr_grid,rolling_9m_3m,5,22,0.0
return,ElasticNet,repr_grid,rolling_9m_3m,5,23,0.0
return,ElasticNet,repr_grid,rolling_9m_3m,5,24,0.0
return,ElasticNet,repr_grid,rolling_9m_3m,5,25,0.0
return,ElasticNet,repr_grid,rolling_9m_3m,5,26,0.08730660597110768
return,ElasticNet,repr_grid,rolling_9m_3m,5,27,-0.007898154699040613
return,ElasticNet,repr_grid,rolling_9m_3m,5,28,0.03884007979928669
return,ElasticNet,repr_grid,rolling_9m_3m,5,29,0.08073136767498326
return,ElasticNet,repr_grid,rolling_9m_3m,5,30,0.0
return,ElasticNet,repr_grid,rolling_9m_3m,5,31,0.0
return,OLS,repr_grid,expanding,5,0,-0.001479472639766716
return,OLS,repr_grid,expanding,5,1,0.03490541657972215
return,OLS,repr_grid,expanding,5,2,0.03144837710328523
return,OLS,repr_grid,expanding,5,3,-0.040982117604122646
return,OLS,repr_grid,expanding,5,4,0.05639267080113498
return,OLS,repr_grid,expanding,5,5,0.014610829664970315
return,OLS,repr_grid,expanding,5,6,-0.04931102218468795
return,OLS,repr_grid,expanding,5,7,0.009291426499774663
return,OLS,repr_grid,expanding,5,8,0.03413034322525183
return,OLS,repr_grid,expanding,5,9,0.0905734893806329
return,OLS,repr_grid,expanding,5,10,0.11377014451745404
return,OLS,repr_grid,expanding,5,11,-0.11674990194586965
return,OLS,repr_grid,expanding,5,12,-0.04948094611023119
return,OLS,repr_grid,expanding,5,13,0.040442374618185284
return,OLS,repr_grid,expanding,5,14,0.019967950267251997
return,OLS,repr_grid,expanding,5,15,0.032350748290949465
return,OLS,repr_grid,expanding,5,16,-0.06620829368793668
return,OLS,repr_grid,expanding,5,17,-0.014827080630396637
return,OLS,repr_grid,expanding,5,18,-0.009771673903804342
return,OLS,repr_grid,expanding,5,19,-0.03272475949273144
return,OLS,repr_grid,expanding,5,20,0.06524845134460934
return,OLS,repr_grid,expanding,5,21,0.16517015800752613
return,OLS,repr_grid,expanding,5,22,0.06342085000148921
return,OLS,repr_grid,expanding,5,23,-0.01461208823455761
return,OLS,repr_grid,expanding,5,24,0.0017075299364160033
return,OLS,repr_grid,expanding,5,25,0.03848791149340888
return,OLS,repr_grid,expanding,5,26,-0.03838279019877083
return,OLS,repr_grid,rolling_9m_3m,5,0,-0.1029381507720397
return,OLS,repr_grid,rolling_9m_3m,5,1,-0.0771004800890837
return,OLS,repr_grid,rolling_9m_3m,5,2,0.05087392641558299
return,OLS,repr_grid,rolling_9m_3m,5,3,0.07200251919540936
return,OLS,repr_grid,rolling_9m_3m,5,4,0.033777399153068016
return,OLS,repr_grid,rolling_9m_3m,5,5,0.03402363390366713
return,OLS,repr_grid,rolling_9m_3m,5,6,0.021566085953750026
return,OLS,repr_grid,rolling_9m_3m,5,7,0.0263080686227369
return,OLS,repr_grid,rolling_9m_3m,5,8,-0.026992705480933653
return,OLS,repr_grid,rolling_9m_3m,5,9,0.011888324239336195
return,OLS,repr_grid,rolling_9m_3m,5,10,0.0867526295113063
return,OLS,repr_grid,rolling_9m_3m,5,11,0.05511126173777834
return,OLS,repr_grid,rolling_9m_3m,5,12,-0.1498284361936039
return,OLS,repr_grid,rolling_9m_3m,5,13,-0.0022892669661324283
return,OLS,repr_grid,rolling_9m_3m,5,14,0.10004044326649493
return,OLS,repr_grid,rolling_9m_3m,5,15,0.09814901518891182
return,OLS,repr_grid,rolling_9m_3m,5,16,-0.1360456783326494
return,OLS,repr_grid,rolling_9m_3m,5,17,0.04752950674255984
return,OLS,repr_grid,rolling_9m_3m,5,18,-0.031408364918865304
return,OLS,repr_grid,rolling_9m_3m,5,19,0.025027940980446434
return,OLS,repr_grid,rolling_9m_3m,5,20,-0.01526053591020216
return,OLS,repr_grid,rolling_9m_3m,5,21,0.0007763383019905374
return,OLS,repr_grid,rolling_9m_3m,5,22,0.02387060579561118
return,OLS,repr_grid,rolling_9m_3m,5,23,0.04138757597843653
return,OLS,repr_grid,rolling_9m_3m,5,24,-0.047991203412778974
return,OLS,repr_grid,rolling_9m_3m,5,25,0.0007766347487655514
return,OLS,repr_grid,rolling_9m_3m,5,26,-0.06132653723870221
return,OLS,repr_grid,rolling_9m_3m,5,27,0.00992011701068094
return,OLS,repr_grid,rolling_9m_3m,5,28,0.02781822706832485
return,OLS,repr_grid,rolling_9m_3m,5,29,0.060033258538068186
return,OLS,repr_grid,rolling_9m_3m,5,30,-0.024829701790587355
return,OLS,repr_grid,rolling_9m_3m,5,31,0.05269000242414198
return,XGBoost,repr_grid,expanding,5,0,-0.008603244743731652
return,XGBoost,repr_grid,expanding,5,1,0.04669769194625529
return,XGBoost,repr_grid,expanding,5,2,0.03841480655407167
return,XGBoost,repr_grid,expanding,5,3,-0.05926406382027118
return,XGBoost,repr_grid,expanding,5,4,0.007835133846284243
return,XGBoost,repr_grid,expanding,5,5,0.03684395501522608
return,XGBoost,repr_grid,expanding,5,6,-0.017654009819217355
return,XGBoost,repr_grid,expanding,5,7,0.045195705418355464
return,XGBoost,repr_grid,expanding,5,8,-0.017948131180472185
return,XGBoost,repr_grid,expanding,5,9,0.03809177599031269
return,XGBoost,repr_grid,expanding,5,10,0.029106544786640348
return,XGBoost,repr_grid,expanding,5,11,0.08282705531452789
return,XGBoost,repr_grid,expanding,5,12,0.06381471522541617
return,XGBoost,repr_grid,expanding,5,13,0.015155128262103842
return,XGBoost,repr_grid,expanding,5,14,0.0513166696879488
return,XGBoost,repr_grid,expanding,5,15,-0.006992762780417258
return,XGBoost,repr_grid,expanding,5,16,-0.1043442131530927
return,XGBoost,repr_grid,expanding,5,17,-0.017629881283591668
return,XGBoost,repr_grid,expanding,5,18,-0.07024352098576905
return,XGBoost,repr_grid,expanding,5,19,0.012566457489611169
return,XGBoost,repr_grid,expanding,5,20,0.0013434566257249849
return,XGBoost,repr_grid,expanding,5,21,0.12582354832422643
return,XGBoost,repr_grid,expanding,5,22,0.02810652443620665
return,XGBoost,repr_grid,expanding,5,23,-0.03035467010349143
return,XGBoost,repr_grid,expanding,5,24,-0.06148828358275006
return,XGBoost,repr_grid,expanding,5,25,0.0588819779040225
return,XGBoost,repr_grid,expanding,5,26,-0.04203860880585234
return,XGBoost,repr_grid,rolling_9m_3m,5,0,-0.04177622171272605
return,XGBoost,repr_grid,rolling_9m_3m,5,1,-0.02751127749275638
return,XGBoost,repr_grid,rolling_9m_3m,5,2,-0.06805004752284559
return,XGBoost,repr_grid,rolling_9m_3m,5,3,-0.008937254586924287
return,XGBoost,repr_grid,rolling_9m_3m,5,4,0.03189979123687004
return,XGBoost,repr_grid,rolling_9m_3m,5,5,0.01125162971972514
return,XGBoost,repr_grid,rolling_9m_3m,5,6,0.03205801381901623
return,XGBoost,repr_grid,rolling_9m_3m,5,7,0.039010436124523526
return,XGBoost,repr_grid,rolling_9m_3m,5,8,-0.020681389147935502
return,XGBoost,repr_grid,rolling_9m_3m,5,9,-0.0267421903267193
return,XGBoost,repr_grid,rolling_9m_3m,5,10,0.10154308961548432
return,XGBoost,repr_grid,rolling_9m_3m,5,11,0.061735883720689035
return,XGBoost,repr_grid,rolling_9m_3m,5,12,-0.08664830658963667
return,XGBoost,repr_grid,rolling_9m_3m,5,13,-0.09644634025078662
return,XGBoost,repr_grid,rolling_9m_3m,5,14,0.07091883493903886
return,XGBoost,repr_grid,rolling_9m_3m,5,15,0.04774086973678969
return,XGBoost,repr_grid,rolling_9m_3m,5,16,0.0019044222573659944
return,XGBoost,repr_grid,rolling_9m_3m,5,17,0.00099846467278874
return,XGBoost,repr_grid,rolling_9m_3m,5,18,-0.0595300066674704
return,XGBoost,repr_grid,rolling_9m_3m,5,19,0.024930142125349535
return,XGBoost,repr_grid,rolling_9m_3m,5,20,0.016168053126403816
return,XGBoost,repr_grid,rolling_9m_3m,5,21,0.018861799896897066
return,XGBoost,repr_grid,rolling_9m_3m,5,22,-0.014850567342343692
return,XGBoost,repr_grid,rolling_9m_3m,5,23,0.03173489502286478
return,XGBoost,repr_grid,rolling_9m_3m,5,24,0.04116124524490114
return,XGBoost,repr_grid,rolling_9m_3m,5,25,-0.04961295589204763
return,XGBoost,repr_grid,rolling_9m_3m,5,26,0.09894795948510325
return,XGBoost,repr_grid,rolling_9m_3m,5,27,0.045185170784208535
return,XGBoost,repr_grid,rolling_9m_3m,5,28,-0.01501594749417751
return,XGBoost,repr_grid,rolling_9m_3m,5,29,0.011824531259644482
return,XGBoost,repr_grid,rolling_9m_3m,5,30,0.015784549785178053
return,XGBoost,repr_grid,rolling_9m_3m,5,31,0.043886244277784786
return,ElasticNet,repr_grid_raw,expanding,5,0,-0.027462370774332733
return,ElasticNet,repr_grid_raw,expanding,5,1,0.0
return,ElasticNet,repr_grid_raw,expanding,5,2,0.05229139032063624
return,ElasticNet,repr_grid_raw,expanding,5,3,-0.032175990468712334
return,ElasticNet,repr_grid_raw,expanding,5,4,0.05066646212790358
return,ElasticNet,repr_grid_raw,expanding,5,5,-0.046844676803185485
return,ElasticNet,repr_grid_raw,expanding,5,6,-0.020597521734130052
return,ElasticNet,repr_grid_raw,expanding,5,7,0.10777129453788957
return,ElasticNet,repr_grid_raw,expanding,5,8,-0.019882335235042365
return,ElasticNet,repr_grid_raw,expanding,5,9,0.07515000571428901
return,ElasticNet,repr_grid_raw,expanding,5,10,0.0540066183026594
return,ElasticNet,repr_grid_raw,expanding,5,11,-0.023430752021296183
return,ElasticNet,repr_grid_raw,expanding,5,12,-0.06179015906915433
return,ElasticNet,repr_grid_raw,expanding,5,13,0.011844729689018965
return,ElasticNet,repr_grid_raw,expanding,5,14,0.06354543088678251
return,ElasticNet,repr_grid_raw,expanding,5,15,-0.021487822419872012
return,ElasticNet,repr_grid_raw,expanding,5,16,-0.09715637790588466
return,ElasticNet,repr_grid_raw,expanding,5,17,-0.045617780462856326
return,ElasticNet,repr_grid_raw,expanding,5,18,0.012165830372876335
return,ElasticNet,repr_grid_raw,expanding,5,19,0.01619107187411349
return,ElasticNet,repr_grid_raw,expanding,5,20,0.06051994392761565
return,ElasticNet,repr_grid_raw,expanding,5,21,0.11100126188673096
return,ElasticNet,repr_grid_raw,expanding,5,22,-0.011407833407235767
return,ElasticNet,repr_grid_raw,expanding,5,23,0.014450158543222878
return,ElasticNet,repr_grid_raw,expanding,5,24,0.0642538305631603
return,ElasticNet,repr_grid_raw,expanding,5,25,0.02832521034293729
return,ElasticNet,repr_grid_raw,expanding,5,26,-0.019076109960612275
return,ElasticNet,repr_grid_raw,rolling_9m_3m,5,0,0.0
return,ElasticNet,repr_grid_raw,rolling_9m_3m,5,1,0.0
return,ElasticNet,repr_grid_raw,rolling_9m_3m,5,2,0.029794121985338096
return,ElasticNet,repr_grid_raw,rolling_9m_3m,5,3,0.0
return,ElasticNet,repr_grid_raw,rolling_9m_3m,5,4,0.0
return,ElasticNet,repr_grid_raw,rolling_9m_3m,5,5,0.0
return,ElasticNet,repr_grid_raw,rolling_9m_3m,5,6,0.0
return,ElasticNet,repr_grid_raw,rolling_9m_3m,5,7,0.0
return,ElasticNet,repr_grid_raw,rolling_9m_3m,5,8,0.0
return,ElasticNet,repr_grid_raw,rolling_9m_3m,5,9,0.0
return,ElasticNet,repr_grid_raw,rolling_9m_3m,5,10,0.0
return,ElasticNet,repr_grid_raw,rolling_9m_3m,5,11,0.0
return,ElasticNet,repr_grid_raw,rolling_9m_3m,5,12,0.0
return,ElasticNet,repr_grid_raw,rolling_9m_3m,5,13,0.0
return,ElasticNet,repr_grid_raw,rolling_9m_3m,5,14,0.0
return,ElasticNet,repr_grid_raw,rolling_9m_3m,5,15,0.019920375878159917
return,ElasticNet,repr_grid_raw,rolling_9m_3m,5,16,0.08408979098243345
return,ElasticNet,repr_grid_raw,rolling_9m_3m,5,17,0.0
return,ElasticNet,repr_grid_raw,rolling_9m_3m,5,18,0.0
return,ElasticNet,repr_grid_raw,rolling_9m_3m,5,19,0.0
return,ElasticNet,repr_grid_raw,rolling_9m_3m,5,20,-0.017656209489240345
return,ElasticNet,repr_grid_raw,rolling_9m_3m,5,21,0.0
return,ElasticNet,repr_grid_raw,rolling_9m_3m,5,22,0.0
return,ElasticNet,repr_grid_raw,rolling_9m_3m,5,23,0.0
return,ElasticNet,repr_grid_raw,rolling_9m_3m,5,24,0.0
return,ElasticNet,repr_grid_raw,rolling_9m_3m,5,25,0.0
return,ElasticNet,repr_grid_raw,rolling_9m_3m,5,26,0.03974363561906352
return,ElasticNet,repr_grid_raw,rolling_9m_3m,5,27,0.00010936444671278694
return,ElasticNet,repr_grid_raw,rolling_9m_3m,5,28,0.034826445061193236
return,ElasticNet,repr_grid_raw,rolling_9m_3m,5,29,0.07799625556334687
return,ElasticNet,repr_grid_raw,rolling_9m_3m,5,30,0.0
return,ElasticNet,repr_grid_raw,rolling_9m_3m,5,31,0.0
return,OLS,repr_grid_raw,expanding,5,0,-0.006560408030989807
return,OLS,repr_grid_raw,expanding,5,1,0.019771257990564294
return,OLS,repr_grid_raw,expanding,5,2,0.033465767924834515
return,OLS,repr_grid_raw,expanding,5,3,-0.041633295020855055
return,OLS,repr_grid_raw,expanding,5,4,0.07991730284831536
return,OLS,repr_grid_raw,expanding,5,5,0.02290135665396154
return,OLS,repr_grid_raw,expanding,5,6,-0.037617762213148984
return,OLS,repr_grid_raw,expanding,5,7,0.010848624419078903
return,OLS,repr_grid_raw,expanding,5,8,0.03539822685657102
return,OLS,repr_grid_raw,expanding,5,9,0.0992903710999359
return,OLS,repr_grid_raw,expanding,5,10,0.11985059253749682
return,OLS,repr_grid_raw,expanding,5,11,-0.1176598261398954
return,OLS,repr_grid_raw,expanding,5,12,-0.05870947023287253
return,OLS,repr_grid_raw,expanding,5,13,0.04284955381970274
return,OLS,repr_grid_raw,expanding,5,14,0.037290479266547424
return,OLS,repr_grid_raw,expanding,5,15,0.033376105371552764
return,OLS,repr_grid_raw,expanding,5,16,-0.07522497694515992
return,OLS,repr_grid_raw,expanding,5,17,-0.02220132002961373
return,OLS,repr_grid_raw,expanding,5,18,-0.016478970519170376
return,OLS,repr_grid_raw,expanding,5,19,-0.02016867612241201
return,OLS,repr_grid_raw,expanding,5,20,0.050212322155476365
return,OLS,repr_grid_raw,expanding,5,21,0.1671818772111878
return,OLS,repr_grid_raw,expanding,5,22,0.05229503513033789
return,OLS,repr_grid_raw,expanding,5,23,-0.020237388997248907
return,OLS,repr_grid_raw,expanding,5,24,-0.002188248026763075
return,OLS,repr_grid_raw,expanding,5,25,0.030727702197800588
return,OLS,repr_grid_raw,expanding,5,26,-0.03654530370318965
return,OLS,repr_grid_raw,rolling_9m_3m,5,0,-0.09700069065605049
return,OLS,repr_grid_raw,rolling_9m_3m,5,1,-0.09064766238597043
return,OLS,repr_grid_raw,rolling_9m_3m,5,2,0.05569647646009472
return,OLS,repr_grid_raw,rolling_9m_3m,5,3,0.06216102329330993
return,OLS,repr_grid_raw,rolling_9m_3m,5,4,0.025916503815224905
return,OLS,repr_grid_raw,rolling_9m_3m,5,5,0.03791930375096355
return,OLS,repr_grid_raw,rolling_9m_3m,5,6,0.018093033482398192
return,OLS,repr_grid_raw,rolling_9m_3m,5,7,0.03875857078695099
return,OLS,repr_grid_raw,rolling_9m_3m,5,8,-0.04186672069910267
return,OLS,repr_grid_raw,rolling_9m_3m,5,9,0.0006820387766177176
return,OLS,repr_grid_raw,rolling_9m_3m,5,10,0.09601560836584369
return,OLS,repr_grid_raw,rolling_9m_3m,5,11,0.07063563622890051
return,OLS,repr_grid_raw,rolling_9m_3m,5,12,-0.13883549052842833
return,OLS,repr_grid_raw,rolling_9m_3m,5,13,0.011851855425669279
return,OLS,repr_grid_raw,rolling_9m_3m,5,14,0.089150529641954
return,OLS,repr_grid_raw,rolling_9m_3m,5,15,0.09466453096898293
return,OLS,repr_grid_raw,rolling_9m_3m,5,16,-0.13872728354520208
return,OLS,repr_grid_raw,rolling_9m_3m,5,17,0.03537719085501457
return,OLS,repr_grid_raw,rolling_9m_3m,5,18,-0.017553195978730896
return,OLS,repr_grid_raw,rolling_9m_3m,5,19,0.04371624561110549
return,OLS,repr_grid_raw,rolling_9m_3m,5,20,-0.018282263226740137
return,OLS,repr_grid_raw,rolling_9m_3m,5,21,0.007540026069180633
return,OLS,repr_grid_raw,rolling_9m_3m,5,22,0.03417464262263285
return,OLS,repr_grid_raw,rolling_9m_3m,5,23,0.039052381029108345
return,OLS,repr_grid_raw,rolling_9m_3m,5,24,-0.056598099573890906
return,OLS,repr_grid_raw,rolling_9m_3m,5,25,-0.017794339735955896
return,OLS,repr_grid_raw,rolling_9m_3m,5,26,-0.09651398820727754
return,OLS,repr_grid_raw,rolling_9m_3m,5,27,0.021111401280189707
return,OLS,repr_grid_raw,rolling_9m_3m,5,28,0.01704188109359424
return,OLS,repr_grid_raw,rolling_9m_3m,5,29,0.056309513869837825
return,OLS,repr_grid_raw,rolling_9m_3m,5,30,-0.00218983488891163
return,OLS,repr_grid_raw,rolling_9m_3m,5,31,0.04251596559287176
return,XGBoost,repr_grid_raw,expanding,5,0,-0.08624821253679552
return,XGBoost,repr_grid_raw,expanding,5,1,0.11031456201024516
return,XGBoost,repr_grid_raw,expanding,5,2,0.02830281003927118
return,XGBoost,repr_grid_raw,expanding,5,3,-0.031883361594383715
return,XGBoost,repr_grid_raw,expanding,5,4,0.05233547504315245
return,XGBoost,repr_grid_raw,expanding,5,5,-0.021798933528464258
return,XGBoost,repr_grid_raw,expanding,5,6,-0.051692053412594065
return,XGBoost,repr_grid_raw,expanding,5,7,0.06636751417594654
return,XGBoost,repr_grid_raw,expanding,5,8,-0.04843095929374288
return,XGBoost,repr_grid_raw,expanding,5,9,0.009648343181384843
return,XGBoost,repr_grid_raw,expanding,5,10,0.019959737702228614
return,XGBoost,repr_grid_raw,expanding,5,11,0.06057559813597856
return,XGBoost,repr_grid_raw,expanding,5,12,0.0653089279317325
return,XGBoost,repr_grid_raw,expanding,5,13,-0.01406526731959209
return,XGBoost,repr_grid_raw,expanding,5,14,0.06545807511045412
return,XGBoost,repr_grid_raw,expanding,5,15,0.0059352246558540605
return,XGBoost,repr_grid_raw,expanding,5,16,-0.10239921101379722
return,XGBoost,repr_grid_raw,expanding,5,17,-0.06909764966957142
return,XGBoost,repr_grid_raw,expanding,5,18,0.026661628076077255
return,XGBoost,repr_grid_raw,expanding,5,19,0.07332349509932218
return,XGBoost,repr_grid_raw,expanding,5,20,0.04789023027650888
return,XGBoost,repr_grid_raw,expanding,5,21,0.06660973607595243
return,XGBoost,repr_grid_raw,expanding,5,22,-0.015200450415265644
return,XGBoost,repr_grid_raw,expanding,5,23,-0.026231343666501976
return,XGBoost,repr_grid_raw,expanding,5,24,-0.010131971141505727
return,XGBoost,repr_grid_raw,expanding,5,25,0.047469682117420836
return,XGBoost,repr_grid_raw,expanding,5,26,0.010642854621364654
return,XGBoost,repr_grid_raw,rolling_9m_3m,5,0,-0.03935116797698389
return,XGBoost,repr_grid_raw,rolling_9m_3m,5,1,-0.02023326384415419
return,XGBoost,repr_grid_raw,rolling_9m_3m,5,2,0.004138629166753516
return,XGBoost,repr_grid_raw,rolling_9m_3m,5,3,0.0017864020271260218
return,XGBoost,repr_grid_raw,rolling_9m_3m,5,4,0.02179693886914766
return,XGBoost,repr_grid_raw,rolling_9m_3m,5,5,0.056916637720229424
return,XGBoost,repr_grid_raw,rolling_9m_3m,5,6,0.046650244345237506
return,XGBoost,repr_grid_raw,rolling_9m_3m,5,7,0.04474805439640357
return,XGBoost,repr_grid_raw,rolling_9m_3m,5,8,-0.02235803271057138
return,XGBoost,repr_grid_raw,rolling_9m_3m,5,9,0.01677599390037223
return,XGBoost,repr_grid_raw,rolling_9m_3m,5,10,0.07888302636232734
return,XGBoost,repr_grid_raw,rolling_9m_3m,5,11,0.07429502953083399
return,XGBoost,repr_grid_raw,rolling_9m_3m,5,12,-0.12656699087457024
return,XGBoost,repr_grid_raw,rolling_9m_3m,5,13,-0.03827115203277732
return,XGBoost,repr_grid_raw,rolling_9m_3m,5,14,0.0016244163083503618
return,XGBoost,repr_grid_raw,rolling_9m_3m,5,15,0.07818329454556919
return,XGBoost,repr_grid_raw,rolling_9m_3m,5,16,0.016806285631597383
return,XGBoost,repr_grid_raw,rolling_9m_3m,5,17,-0.008210242683929109
return,XGBoost,repr_grid_raw,rolling_9m_3m,5,18,-0.008478973856894603
return,XGBoost,repr_grid_raw,rolling_9m_3m,5,19,0.024172410720489416
return,XGBoost,repr_grid_raw,rolling_9m_3m,5,20,0.006637454521782195
return,XGBoost,repr_grid_raw,rolling_9m_3m,5,21,-0.02107905949633559
return,XGBoost,repr_grid_raw,rolling_9m_3m,5,22,-0.03151636022101265
return,XGBoost,repr_grid_raw,rolling_9m_3m,5,23,0.001308750638409318
return,XGBoost,repr_grid_raw,rolling_9m_3m,5,24,0.05537250341426722
return,XGBoost,repr_grid_raw,rolling_9m_3m,5,25,-0.03552010825244106
return,XGBoost,repr_grid_raw,rolling_9m_3m,5,26,0.10355708764690148
return,XGBoost,repr_grid_raw,rolling_9m_3m,5,27,0.03882060463345419
return,XGBoost,repr_grid_raw,rolling_9m_3m,5,28,-0.013721133545155365
return,XGBoost,repr_grid_raw,rolling_9m_3m,5,29,0.021559535698547495
return,XGBoost,repr_grid_raw,rolling_9m_3m,5,30,0.023229345180558515
return,XGBoost,repr_grid_raw,rolling_9m_3m,5,31,0.06770057646090738
return,ElasticNet,repr_bkm,expanding,5,0,0.0
return,ElasticNet,repr_bkm,expanding,5,1,0.0
return,ElasticNet,repr_bkm,expanding,5,2,0.05536275100280923
return,ElasticNet,repr_bkm,expanding,5,3,0.0
return,ElasticNet,repr_bkm,expanding,5,4,0.0
return,ElasticNet,repr_bkm,expanding,5,5,-0.003963249324944317
return,ElasticNet,repr_bkm,expanding,5,6,-0.021659834789166003
return,ElasticNet,repr_bkm,expanding,5,7,0.03849446664850166
return,ElasticNet,repr_bkm,expanding,5,8,-0.029020752788078807
return,ElasticNet,repr_bkm,expanding,5,9,0.0
return,ElasticNet,repr_bkm,expanding,5,10,0.07874520979265599
return,ElasticNet,repr_bkm,expanding,5,11,-0.05017540232535641
return,ElasticNet,repr_bkm,expanding,5,12,-0.09846544850060358
return,ElasticNet,repr_bkm,expanding,5,13,0.0
return,ElasticNet,repr_bkm,expanding,5,14,0.0
return,ElasticNet,repr_bkm,expanding,5,15,0.007174179360343196
return,ElasticNet,repr_bkm,expanding,5,16,-0.06468650335030193
return,ElasticNet,repr_bkm,expanding,5,17,0.04713542561852699
return,ElasticNet,repr_bkm,expanding,5,18,0.010821091999710661
return,ElasticNet,repr_bkm,expanding,5,19,-0.016799548061660088
return,ElasticNet,repr_bkm,expanding,5,20,0.014199828423581843
return,ElasticNet,repr_bkm,expanding,5,21,0.06751853960692833
return,ElasticNet,repr_bkm,expanding,5,22,0.01935569699903093
return,ElasticNet,repr_bkm,expanding,5,23,-0.02589789717398337
return,ElasticNet,repr_bkm,expanding,5,24,0.0
return,ElasticNet,repr_bkm,expanding,5,25,0.0
return,ElasticNet,repr_bkm,expanding,5,26,0.0
return,ElasticNet,repr_bkm,rolling_9m_3m,5,0,0.0
return,ElasticNet,repr_bkm,rolling_9m_3m,5,1,0.0
return,ElasticNet,repr_bkm,rolling_9m_3m,5,2,0.0
return,ElasticNet,repr_bkm,rolling_9m_3m,5,3,0.0
return,ElasticNet,repr_bkm,rolling_9m_3m,5,4,0.0
return,ElasticNet,repr_bkm,rolling_9m_3m,5,5,0.0
return,ElasticNet,repr_bkm,rolling_9m_3m,5,6,0.0
return,ElasticNet,repr_bkm,rolling_9m_3m,5,7,0.0
return,ElasticNet,repr_bkm,rolling_9m_3m,5,8,0.0
return,ElasticNet,repr_bkm,rolling_9m_3m,5,9,0.0
return,ElasticNet,repr_bkm,rolling_9m_3m,5,10,0.0
return,ElasticNet,repr_bkm,rolling_9m_3m,5,11,0.0
return,ElasticNet,repr_bkm,rolling_9m_3m,5,12,0.0
return,ElasticNet,repr_bkm,rolling_9m_3m,5,13,0.0
return,ElasticNet,repr_bkm,rolling_9m_3m,5,14,0.0
return,ElasticNet,repr_bkm,rolling_9m_3m,5,15,0.019920375878159917
return,ElasticNet,repr_bkm,rolling_9m_3m,5,16,-0.11314403149059926
return,ElasticNet,repr_bkm,rolling_9m_3m,5,17,0.0
return,ElasticNet,repr_bkm,rolling_9m_3m,5,18,-0.021711496743026474
return,ElasticNet,repr_bkm,rolling_9m_3m,5,19,0.0
return,ElasticNet,repr_bkm,rolling_9m_3m,5,20,-0.0109431966825304
return,ElasticNet,repr_bkm,rolling_9m_3m,5,21,0.0
return,ElasticNet,repr_bkm,rolling_9m_3m,5,22,0.0
return,ElasticNet,repr_bkm,rolling_9m_3m,5,23,0.0
return,ElasticNet,repr_bkm,rolling_9m_3m,5,24,0.0
return,ElasticNet,repr_bkm,rolling_9m_3m,5,25,0.0
return,ElasticNet,repr_bkm,rolling_9m_3m,5,26,0.04355497856550313
return,ElasticNet,repr_bkm,rolling_9m_3m,5,27,0.0
return,ElasticNet,repr_bkm,rolling_9m_3m,5,28,0.0
return,ElasticNet,repr_bkm,rolling_9m_3m,5,29,0.0
return,ElasticNet,repr_bkm,rolling_9m_3m,5,30,0.0
return,ElasticNet,repr_bkm,rolling_9m_3m,5,31,0.0
return,OLS,repr_bkm,expanding,5,0,0.0010397593209825389
return,OLS,repr_bkm,expanding,5,1,0.022080732456760194
return,OLS,repr_bkm,expanding,5,2,0.02784584331159817
return,OLS,repr_bkm,expanding,5,3,-0.05721315071487697
return,OLS,repr_bkm,expanding,5,4,0.08096504699753031
return,OLS,repr_bkm,expanding,5,5,0.018844602456744474
return,OLS,repr_bkm,expanding,5,6,-0.03783951391251347
return,OLS,repr_bkm,expanding,5,7,0.011891273488428269
return,OLS,repr_bkm,expanding,5,8,0.04892416141693568
return,OLS,repr_bkm,expanding,5,9,0.09922376347278462
return,OLS,repr_bkm,expanding,5,10,0.11996950383858625
return,OLS,repr_bkm,expanding,5,11,-0.12663624494985481
return,OLS,repr_bkm,expanding,5,12,-0.05052300883850827
return,OLS,repr_bkm,expanding,5,13,0.029125498056739065
return,OLS,repr_bkm,expanding,5,14,0.03737616982256928
return,OLS,repr_bkm,expanding,5,15,0.04935292644234783
return,OLS,repr_bkm,expanding,5,16,-0.08131362401718303
return,OLS,repr_bkm,expanding,5,17,-0.030704542887982196
return,OLS,repr_bkm,expanding,5,18,-0.004709297665973399
return,OLS,repr_bkm,expanding,5,19,-0.0402017121510185
return,OLS,repr_bkm,expanding,5,20,0.036841763477464366
return,OLS,repr_bkm,expanding,5,21,0.1724513965049553
return,OLS,repr_bkm,expanding,5,22,0.05580753880191838
return,OLS,repr_bkm,expanding,5,23,-0.007199949304113864
return,OLS,repr_bkm,expanding,5,24,-0.003507244357031008
return,OLS,repr_bkm,expanding,5,25,0.01443753339821682
return,OLS,repr_bkm,expanding,5,26,-0.028873860083678902
return,OLS,repr_bkm,rolling_9m_3m,5,0,-0.09123020335314108
return,OLS,repr_bkm,rolling_9m_3m,5,1,-0.09512794388663308
return,OLS,repr_bkm,rolling_9m_3m,5,2,0.062209827358548214
return,OLS,repr_bkm,rolling_9m_3m,5,3,0.059852992939132314
return,OLS,repr_bkm,rolling_9m_3m,5,4,0.020133017362429284
return,OLS,repr_bkm,rolling_9m_3m,5,5,0.0459661444212975
return,OLS,repr_bkm,rolling_9m_3m,5,6,0.018659397423959327
return,OLS,repr_bkm,rolling_9m_3m,5,7,0.05092688360829179
return,OLS,repr_bkm,rolling_9m_3m,5,8,-0.031878147029555645
return,OLS,repr_bkm,rolling_9m_3m,5,9,-0.009449417412194018
return,OLS,repr_bkm,rolling_9m_3m,5,10,0.09907602952838308
return,OLS,repr_bkm,rolling_9m_3m,5,11,0.05610091172506855
return,OLS,repr_bkm,rolling_9m_3m,5,12,-0.1340422646058887
return,OLS,repr_bkm,rolling_9m_3m,5,13,0.01827757288026878
return,OLS,repr_bkm,rolling_9m_3m,5,14,0.10234328747070273
return,OLS,repr_bkm,rolling_9m_3m,5,15,0.08784769013650687
return,OLS,repr_bkm,rolling_9m_3m,5,16,-0.14083269388020161
return,OLS,repr_bkm,rolling_9m_3m,5,17,0.020460048426150117
return,OLS,repr_bkm,rolling_9m_3m,5,18,-0.028680165248500172
return,OLS,repr_bkm,rolling_9m_3m,5,19,0.04032866112290272
return,OLS,repr_bkm,rolling_9m_3m,5,20,-0.0164711896632288
return,OLS,repr_bkm,rolling_9m_3m,5,21,-0.03201035764106211
return,OLS,repr_bkm,rolling_9m_3m,5,22,0.033148571533326524
return,OLS,repr_bkm,rolling_9m_3m,5,23,0.04587021392785073
return,OLS,repr_bkm,rolling_9m_3m,5,24,-0.07588472447434583
return,OLS,repr_bkm,rolling_9m_3m,5,25,-0.060252960474437595
return,OLS,repr_bkm,rolling_9m_3m,5,26,-0.03420372547800997
return,OLS,repr_bkm,rolling_9m_3m,5,27,-0.0048074529369819
return,OLS,repr_bkm,rolling_9m_3m,5,28,0.02366743512645966
return,OLS,repr_bkm,rolling_9m_3m,5,29,0.04900507579655772
return,OLS,repr_bkm,rolling_9m_3m,5,30,0.007254907048590557
return,OLS,repr_bkm,rolling_9m_3m,5,31,0.052863770329043665
return,XGBoost,repr_bkm,expanding,5,0,-0.06089475464177672
return,XGBoost,repr_bkm,expanding,5,1,0.04536656682373886
return,XGBoost,repr_bkm,expanding,5,2,0.007877091694205867
return,XGBoost,repr_bkm,expanding,5,3,0.03582772457548554
return,XGBoost,repr_bkm,expanding,5,4,0.032668240584864144
return,XGBoost,repr_bkm,expanding,5,5,0.02098353132702654
return,XGBoost,repr_bkm,expanding,5,6,-0.01768098332356686
return,XGBoost,repr_bkm,expanding,5,7,0.037407965117098936
return,XGBoost,repr_bkm,expanding,5,8,-0.022685148684442425
return,XGBoost,repr_bkm,expanding,5,9,-0.004868858110711993
return,XGBoost,repr_bkm,expanding,5,10,0.023103080525620743
return,XGBoost,repr_bkm,expanding,5,11,-0.0029945528758940835
return,XGBoost,repr_bkm,expanding,5,12,-0.025080602942861602
return,XGBoost,repr_bkm,expanding,5,13,0.004629832372445655
return,XGBoost,repr_bkm,expanding,5,14,0.07008149266675691
return,XGBoost,repr_bkm,expanding,5,15,-0.03191900936213777
return,XGBoost,repr_bkm,expanding,5,16,-0.03914250480804892
return,XGBoost,repr_bkm,expanding,5,17,-0.027518009549981157
return,XGBoost,repr_bkm,expanding,5,18,0.02781083280125766
return,XGBoost,repr_bkm,expanding,5,19,-0.0246816315417077
return,XGBoost,repr_bkm,expanding,5,20,0.04103895144621007
return,XGBoost,repr_bkm,expanding,5,21,0.0637940698003949
return,XGBoost,repr_bkm,expanding,5,22,0.035543486064477756
return,XGBoost,repr_bkm,expanding,5,23,-0.027881061694697847
return,XGBoost,repr_bkm,expanding,5,24,0.02625578991062611
return,XGBoost,repr_bkm,expanding,5,25,0.06116806085477901
return,XGBoost,repr_bkm,expanding,5,26,-0.018875927527886464
return,XGBoost,repr_bkm,rolling_9m_3m,5,0,-0.03972998331617323
return,XGBoost,repr_bkm,rolling_9m_3m,5,1,-0.007676168056567562
return,XGBoost,repr_bkm,rolling_9m_3m,5,2,0.0020138126200219863
return,XGBoost,repr_bkm,rolling_9m_3m,5,3,-0.038149106084131294
return,XGBoost,repr_bkm,rolling_9m_3m,5,4,0.09898174016454861
return,XGBoost,repr_bkm,rolling_9m_3m,5,5,-0.027587398269478963
return,XGBoost,repr_bkm,rolling_9m_3m,5,6,0.05721277755944178
return,XGBoost,repr_bkm,rolling_9m_3m,5,7,0.06712307873393028
return,XGBoost,repr_bkm,rolling_9m_3m,5,8,-0.0019549600571123317
return,XGBoost,repr_bkm,rolling_9m_3m,5,9,0.03233327831617731
return,XGBoost,repr_bkm,rolling_9m_3m,5,10,0.059443147002167074
return,XGBoost,repr_bkm,rolling_9m_3m,5,11,0.04296375374374619
return,XGBoost,repr_bkm,rolling_9m_3m,5,12,-0.062270986242494664
return,XGBoost,repr_bkm,rolling_9m_3m,5,13,0.012249877526192282
return,XGBoost,repr_bkm,rolling_9m_3m,5,14,-0.046954858773111535
return,XGBoost,repr_bkm,rolling_9m_3m,5,15,0.06478216870851014
return,XGBoost,repr_bkm,rolling_9m_3m,5,16,0.0007077872325383081
return,XGBoost,repr_bkm,rolling_9m_3m,5,17,-0.011422278955342337
return,XGBoost,repr_bkm,rolling_9m_3m,5,18,-0.015687152865121515
return,XGBoost,repr_bkm,rolling_9m_3m,5,19,0.03292905662704223
return,XGBoost,repr_bkm,rolling_9m_3m,5,20,0.016459433661125338
return,XGBoost,repr_bkm,rolling_9m_3m,5,21,-0.022903199725081667
return,XGBoost,repr_bkm,rolling_9m_3m,5,22,-0.05507218812165779
return,XGBoost,repr_bkm,rolling_9m_3m,5,23,-0.007392324862424918
return,XGBoost,repr_bkm,rolling_9m_3m,5,24,0.02127023089993244
return,XGBoost,repr_bkm,rolling_9m_3m,5,25,-0.023955883704022535
return,XGBoost,repr_bkm,rolling_9m_3m,5,26,0.035926311115014924
return,XGBoost,repr_bkm,rolling_9m_3m,5,27,0.011589088903316643
return,XGBoost,repr_bkm,rolling_9m_3m,5,28,0.00541546645760412
return,XGBoost,repr_bkm,rolling_9m_3m,5,29,-0.04784875573407445
return,XGBoost,repr_bkm,rolling_9m_3m,5,30,-0.004122711576364916
return,XGBoost,repr_bkm,rolling_9m_3m,5,31,0.0964631609434061
volatility,ElasticNet,A,expanding,1,0,0.22896688357208123
volatility,ElasticNet,A,expanding,1,1,0.25174016823994394
volatility,ElasticNet,A,expanding,1,2,0.2626144232925065
volatility,ElasticNet,A,expanding,1,3,0.3191361239309057
volatility,ElasticNet,A,expanding,1,4,0.30447433087451253
volatility,ElasticNet,A,expanding,1,5,0.26990037539010053
volatility,ElasticNet,A,expanding,1,6,0.2575171613248216
volatility,ElasticNet,A,expanding,1,7,0.2806306810932959
volatility,ElasticNet,A,expanding,1,8,0.28008744350047915
volatility,ElasticNet,A,expanding,1,9,0.3456306802305981
volatility,ElasticNet,A,expanding,1,10,0.31528464870546796
volatility,ElasticNet,A,expanding,1,11,0.26486436340519154
volatility,ElasticNet,A,expanding,1,12,0.28509887548319507
volatility,ElasticNet,A,expanding,1,13,0.2765159387357827
volatility,ElasticNet,A,expanding,1,14,0.2914582356779688
volatility,ElasticNet,A,expanding,1,15,0.25550489596001136
volatility,ElasticNet,A,expanding,1,16,0.2962689461720502
volatility,ElasticNet,A,expanding,1,17,0.34413335108107596
volatility,ElasticNet,A,expanding,1,18,0.3090616985217899
volatility,ElasticNet,A,expanding,1,19,0.30853076700951715
volatility,ElasticNet,A,expanding,1,20,0.2980749471957464
volatility,ElasticNet,A,expanding,1,21,0.27360051157622556
volatility,ElasticNet,A,expanding,1,22,0.2341677997203049
volatility,ElasticNet,A,expanding,1,23,0.24102739468643627
volatility,ElasticNet,A,expanding,1,24,0.23922968660704746
volatility,ElasticNet,A,expanding,1,25,0.2603198809177202
volatility,ElasticNet,A,expanding,1,26,0.2809216632368201
volatility,ElasticNet,A,rolling_9m_3m,1,0,0.21517128167148217
volatility,ElasticNet,A,rolling_9m_3m,1,1,0.28562727187160003
volatility,ElasticNet,A,rolling_9m_3m,1,2,0.2947670947175868
volatility,ElasticNet,A,rolling_9m_3m,1,3,0.26576627625013133
volatility,ElasticNet,A,rolling_9m_3m,1,4,0.23993020237323268
volatility,ElasticNet,A,rolling_9m_3m,1,5,0.22780489056784528
volatility,ElasticNet,A,rolling_9m_3m,1,6,0.23342207831553094
volatility,ElasticNet,A,rolling_9m_3m,1,7,0.2536922779369671
volatility,ElasticNet,A,rolling_9m_3m,1,8,0.3067664817082308
volatility,ElasticNet,A,rolling_9m_3m,1,9,0.27830101033984594
volatility,ElasticNet,A,rolling_9m_3m,1,10,0.2604463803033296
volatility,ElasticNet,A,rolling_9m_3m,1,11,0.22604659120087553
volatility,ElasticNet,A,rolling_9m_3m,1,12,0.2573371445656819
volatility,ElasticNet,A,rolling_9m_3m,1,13,0.2521964221357785
volatility,ElasticNet,A,rolling_9m_3m,1,14,0.32460692286239573
volatility,ElasticNet,A,rolling_9m_3m,1,15,0.302545534902639
volatility,ElasticNet,A,rolling_9m_3m,1,16,0.27357650801038924
volatility,ElasticNet,A,rolling_9m_3m,1,17,0.2887671939724057
volatility,ElasticNet,A,rolling_9m_3m,1,18,0.24079449249133578
volatility,ElasticNet,A,rolling_9m_3m,1,19,0.28087643818632263
volatility,ElasticNet,A,rolling_9m_3m,1,20,0.23622911866815213
volatility,ElasticNet,A,rolling_9m_3m,1,21,0.28647414239611446
volatility,ElasticNet,A,rolling_9m_3m,1,22,0.335430317871
volatility,ElasticNet,A,rolling_9m_3m,1,23,0.2921521211106439
volatility,ElasticNet,A,rolling_9m_3m,1,24,0.28907257186509
volatility,ElasticNet,A,rolling_9m_3m,1,25,0.27851859928355543
volatility,ElasticNet,A,rolling_9m_3m,1,26,0.25637518803968273
volatility,ElasticNet,A,rolling_9m_3m,1,27,0.2162150226163952
volatility,ElasticNet,A,rolling_9m_3m,1,28,0.2185823697552015
volatility,ElasticNet,A,rolling_9m_3m,1,29,0.2119641364467873
volatility,ElasticNet,A,rolling_9m_3m,1,30,0.2568276894157445
volatility,ElasticNet,A,rolling_9m_3m,1,31,0.2475473313358695
volatility,OLS,A,expanding,1,0,0.23530640616137158
volatility,OLS,A,expanding,1,1,0.2512923411187887
volatility,OLS,A,expanding,1,2,0.26212031234910843
volatility,OLS,A,expanding,1,3,0.31458286990185347
volatility,OLS,A,expanding,1,4,0.3050030797784219
volatility,OLS,A,expanding,1,5,0.2693034175469067
volatility,OLS,A,expanding,1,6,0.26058578388382075
volatility,OLS,A,expanding,1,7,0.27096987497867164
volatility,OLS,A,expanding,1,8,0.27937178495756976
volatility,OLS,A,expanding,1,9,0.3424232014886594
volatility,OLS,A,expanding,1,10,0.31883192998461646
volatility,OLS,A,expanding,1,11,0.26405655213611445
volatility,OLS,A,expanding,1,12,0.286811026499832
volatility,OLS,A,expanding,1,13,0.2784183402615556
volatility,OLS,A,expanding,1,14,0.288471370585792
volatility,OLS,A,expanding,1,15,0.2596798052111497
volatility,OLS,A,expanding,1,16,0.3000379163853337
volatility,OLS,A,expanding,1,17,0.34203494687049535
volatility,OLS,A,expanding,1,18,0.30933559541607997
volatility,OLS,A,expanding,1,19,0.3061136784917081
volatility,OLS,A,expanding,1,20,0.2919828606904791
volatility,OLS,A,expanding,1,21,0.27368167702261137
volatility,OLS,A,expanding,1,22,0.2345039382516295
volatility,OLS,A,expanding,1,23,0.24163589012493722
volatility,OLS,A,expanding,1,24,0.24239913408154262
volatility,OLS,A,expanding,1,25,0.2525735456891768
volatility,OLS,A,expanding,1,26,0.2839530263986717
volatility,OLS,A,rolling_9m_3m,1,0,0.2446903871331456
volatility,OLS,A,rolling_9m_3m,1,1,0.3001353194885369
volatility,OLS,A,rolling_9m_3m,1,2,0.30278561034552065
volatility,OLS,A,rolling_9m_3m,1,3,0.2574039692163622
volatility,OLS,A,rolling_9m_3m,1,4,0.25546506294923016
volatility,OLS,A,rolling_9m_3m,1,5,0.22810107420881182
volatility,OLS,A,rolling_9m_3m,1,6,0.24926222339517135
volatility,OLS,A,rolling_9m_3m,1,7,0.2655970051651907
volatility,OLS,A,rolling_9m_3m,1,8,0.31079339128838
volatility,OLS,A,rolling_9m_3m,1,9,0.28368470772995497
volatility,OLS,A,rolling_9m_3m,1,10,0.24731747116647804
volatility,OLS,A,rolling_9m_3m,1,11,0.255666157900802
volatility,OLS,A,rolling_9m_3m,1,12,0.25967693704483086
volatility,OLS,A,rolling_9m_3m,1,13,0.2565354651049074
volatility,OLS,A,rolling_9m_3m,1,14,0.31631424464103236
volatility,OLS,A,rolling_9m_3m,1,15,0.30247764950486916
volatility,OLS,A,rolling_9m_3m,1,16,0.27398602889088697
volatility,OLS,A,rolling_9m_3m,1,17,0.2885570897426556
volatility,OLS,A,rolling_9m_3m,1,18,0.2641550588079903
volatility,OLS,A,rolling_9m_3m,1,19,0.3037559875316225
volatility,OLS,A,rolling_9m_3m,1,20,0.2494392667253718
volatility,OLS,A,rolling_9m_3m,1,21,0.2961035722721091
volatility,OLS,A,rolling_9m_3m,1,22,0.34693057087490653
volatility,OLS,A,rolling_9m_3m,1,23,0.2888623002037465
volatility,OLS,A,rolling_9m_3m,1,24,0.31105104291067903
volatility,OLS,A,rolling_9m_3m,1,25,0.29538679594505
volatility,OLS,A,rolling_9m_3m,1,26,0.2775246047865376
volatility,OLS,A,rolling_9m_3m,1,27,0.2323196349238826
volatility,OLS,A,rolling_9m_3m,1,28,0.24735598529317143
volatility,OLS,A,rolling_9m_3m,1,29,0.2628026129589481
volatility,OLS,A,rolling_9m_3m,1,30,0.24154655301332595
volatility,OLS,A,rolling_9m_3m,1,31,0.276259397064353
volatility,XGBoost,A,expanding,1,0,0.20927218593581035
volatility,XGBoost,A,expanding,1,1,0.23647067569687896
volatility,XGBoost,A,expanding,1,2,0.25876244838951007
volatility,XGBoost,A,expanding,1,3,0.3042266358783663
volatility,XGBoost,A,expanding,1,4,0.2990296512652834
volatility,XGBoost,A,expanding,1,5,0.2669057912225305
volatility,XGBoost,A,expanding,1,6,0.230750486150024
volatility,XGBoost,A,expanding,1,7,0.2637057786380275
volatility,XGBoost,A,expanding,1,8,0.25415294572827296
volatility,XGBoost,A,expanding,1,9,0.3292846745023459
volatility,XGBoost,A,expanding,1,10,0.29436192347184276
volatility,XGBoost,A,expanding,1,11,0.2522082689607694
volatility,XGBoost,A,expanding,1,12,0.26814182921722146
volatility,XGBoost,A,expanding,1,13,0.2539394272465564
volatility,XGBoost,A,expanding,1,14,0.1888922567606348
volatility,XGBoost,A,expanding,1,15,0.24578956092455878
volatility,XGBoost,A,expanding,1,16,0.29708671782709417
volatility,XGBoost,A,expanding,1,17,0.3372128448812856
volatility,XGBoost,A,expanding,1,18,0.30362033763104773
volatility,XGBoost,A,expanding,1,19,0.30042113349584454
volatility,XGBoost,A,expanding,1,20,0.28128259170053876
volatility,XGBoost,A,expanding,1,21,0.26331341911337225
volatility,XGBoost,A,expanding,1,22,0.2334305454568526
volatility,XGBoost,A,expanding,1,23,0.23481800142761386
volatility,XGBoost,A,expanding,1,24,0.22902072145364988
volatility,XGBoost,A,expanding,1,25,0.26072124924701245
volatility,XGBoost,A,expanding,1,26,0.26199014092965717
volatility,XGBoost,A,rolling_9m_3m,1,0,0.22109380598660178
volatility,XGBoost,A,rolling_9m_3m,1,1,0.27973932450607414
volatility,XGBoost,A,rolling_9m_3m,1,2,0.2524978947757116
volatility,XGBoost,A,rolling_9m_3m,1,3,0.261208022331159
volatility,XGBoost,A,rolling_9m_3m,1,4,0.23994764901387303
volatility,XGBoost,A,rolling_9m_3m,1,5,0.18156538421596807
volatility,XGBoost,A,rolling_9m_3m,1,6,0.21452346329283964
volatility,XGBoost,A,rolling_9m_3m,1,7,0.24934818143878842
volatility,XGBoost,A,rolling_9m_3m,1,8,0.30412022489575813
volatility,XGBoost,A,rolling_9m_3m,1,9,0.26167547849507233
volatility,XGBoost,A,rolling_9m_3m,1,10,0.2041868812872495
volatility,XGBoost,A,rolling_9m_3m,1,11,0.224506177468491
volatility,XGBoost,A,rolling_9m_3m,1,12,0.24461339718756483
volatility,XGBoost,A,rolling_9m_3m,1,13,0.23947199590335955
volatility,XGBoost,A,rolling_9m_3m,1,14,0.27639795188987837
volatility,XGBoost,A,rolling_9m_3m,1,15,0.2604982194143492
volatility,XGBoost,A,rolling_9m_3m,1,16,0.25134653740654433
volatility,XGBoost,A,rolling_9m_3m,1,17,0.26543125616190644
volatility,XGBoost,A,rolling_9m_3m,1,18,0.2305930299059636
volatility,XGBoost,A,rolling_9m_3m,1,19,0.2468492056977126
volatility,XGBoost,A,rolling_9m_3m,1,20,0.2295326367688171
volatility,XGBoost,A,rolling_9m_3m,1,21,0.28693560115083633
volatility,XGBoost,A,rolling_9m_3m,1,22,0.3268687040967136
volatility,XGBoost,A,rolling_9m_3m,1,23,0.27761182502828236
volatility,XGBoost,A,rolling_9m_3m,1,24,0.28930140246844127
volatility,XGBoost,A,rolling_9m_3m,1,25,0.20052524414361647
volatility,XGBoost,A,rolling_9m_3m,1,26,0.2507701470091553
volatility,XGBoost,A,rolling_9m_3m,1,27,0.20192544719488714
volatility,XGBoost,A,rolling_9m_3m,1,28,0.21854528423615105
volatility,XGBoost,A,rolling_9m_3m,1,29,0.2188314917359836
volatility,XGBoost,A,rolling_9m_3m,1,30,0.25557723405398397
volatility,XGBoost,A,rolling_9m_3m,1,31,0.23726643030704955
volatility,ElasticNet,B,expanding,1,0,0.24227140624847116
volatility,ElasticNet,B,expanding,1,1,0.2795237315579964
volatility,ElasticNet,B,expanding,1,2,0.2814351271271803
volatility,ElasticNet,B,expanding,1,3,0.32153758863468157
volatility,ElasticNet,B,expanding,1,4,0.3039597186247977
volatility,ElasticNet,B,expanding,1,5,0.27295755705326963
volatility,ElasticNet,B,expanding,1,6,0.2572230373671969
volatility,ElasticNet,B,expanding,1,7,0.27923748561248635
volatility,ElasticNet,B,expanding,1,8,0.2952411451544276
volatility,ElasticNet,B,expanding,1,9,0.32892892911443705
volatility,ElasticNet,B,expanding,1,10,0.32707838392836935
volatility,ElasticNet,B,expanding,1,11,0.2789262022507868
volatility,ElasticNet,B,expanding,1,12,0.2976350203326591
volatility,ElasticNet,B,expanding,1,13,0.27234704393251324
volatility,ElasticNet,B,expanding,1,14,0.2846353956741936
volatility,ElasticNet,B,expanding,1,15,0.2504812751662444
volatility,ElasticNet,B,expanding,1,16,0.29968758669843326
volatility,ElasticNet,B,expanding,1,17,0.3403062002137257
volatility,ElasticNet,B,expanding,1,18,0.30954045584578144
volatility,ElasticNet,B,expanding,1,19,0.3048761838180482
volatility,ElasticNet,B,expanding,1,20,0.3125477573137048
volatility,ElasticNet,B,expanding,1,21,0.28731244839443076
volatility,ElasticNet,B,expanding,1,22,0.2442517531317648
volatility,ElasticNet,B,expanding,1,23,0.2468183472603619
volatility,ElasticNet,B,expanding,1,24,0.274123781077498
volatility,ElasticNet,B,expanding,1,25,0.255387318699598
volatility,ElasticNet,B,expanding,1,26,0.286662060366397
volatility,ElasticNet,B,rolling_9m_3m,1,0,0.2630328036887432
volatility,ElasticNet,B,rolling_9m_3m,1,1,0.3197100558535704
volatility,ElasticNet,B,rolling_9m_3m,1,2,0.32190189091092064
volatility,ElasticNet,B,rolling_9m_3m,1,3,0.2661832346286527
volatility,ElasticNet,B,rolling_9m_3m,1,4,0.27027765792587416
volatility,ElasticNet,B,rolling_9m_3m,1,5,0.2428484576571211
volatility,ElasticNet,B,rolling_9m_3m,1,6,0.28280279036562883
volatility,ElasticNet,B,rolling_9m_3m,1,7,0.27293390829081604
volatility,ElasticNet,B,rolling_9m_3m,1,8,0.3183906201069726
volatility,ElasticNet,B,rolling_9m_3m,1,9,0.28599100923406784
volatility,ElasticNet,B,rolling_9m_3m,1,10,0.25721902024764837
volatility,ElasticNet,B,rolling_9m_3m,1,11,0.2575905264574188
volatility,ElasticNet,B,rolling_9m_3m,1,12,0.2777083316315829
volatility,ElasticNet,B,rolling_9m_3m,1,13,0.29015039565272327
volatility,ElasticNet,B,rolling_9m_3m,1,14,0.3048275011228965
volatility,ElasticNet,B,rolling_9m_3m,1,15,0.2781481010081719
volatility,ElasticNet,B,rolling_9m_3m,1,16,0.2544229263209838
volatility,ElasticNet,B,rolling_9m_3m,1,17,0.2850248146272511
volatility,ElasticNet,B,rolling_9m_3m,1,18,0.27131655766321533
volatility,ElasticNet,B,rolling_9m_3m,1,19,0.3013763119296239
volatility,ElasticNet,B,rolling_9m_3m,1,20,0.2569581820967908
volatility,ElasticNet,B,rolling_9m_3m,1,21,0.31637902027448095
volatility,ElasticNet,B,rolling_9m_3m,1,22,0.35170286187724925
volatility,ElasticNet,B,rolling_9m_3m,1,23,0.31600991271474993
volatility,ElasticNet,B,rolling_9m_3m,1,24,0.31158275267348806
volatility,ElasticNet,B,rolling_9m_3m,1,25,0.31930694850016844
volatility,ElasticNet,B,rolling_9m_3m,1,26,0.28578129994716084
volatility,ElasticNet,B,rolling_9m_3m,1,27,0.24331181491574558
volatility,ElasticNet,B,rolling_9m_3m,1,28,0.25719711679921264
volatility,ElasticNet,B,rolling_9m_3m,1,29,0.27400469410448963
volatility,ElasticNet,B,rolling_9m_3m,1,30,0.271180585763325
volatility,ElasticNet,B,rolling_9m_3m,1,31,0.2690454583399264
volatility,OLS,B,expanding,1,0,0.23442681611519495
volatility,OLS,B,expanding,1,1,0.27263074657901337
volatility,OLS,B,expanding,1,2,0.27671963156396995
volatility,OLS,B,expanding,1,3,0.3122797577259641
volatility,OLS,B,expanding,1,4,0.3065384271139082
volatility,OLS,B,expanding,1,5,0.2706432158948015
volatility,OLS,B,expanding,1,6,0.26540455363135
volatility,OLS,B,expanding,1,7,0.28007196797340506
volatility,OLS,B,expanding,1,8,0.28902649218770116
volatility,OLS,B,expanding,1,9,0.31788870295312477
volatility,OLS,B,expanding,1,10,0.3229118229711644
volatility,OLS,B,expanding,1,11,0.2768335124461575
volatility,OLS,B,expanding,1,12,0.29613453919574484
volatility,OLS,B,expanding,1,13,0.2766583490481911
volatility,OLS,B,expanding,1,14,0.28379119236651373
volatility,OLS,B,expanding,1,15,0.2398014525367356
volatility,OLS,B,expanding,1,16,0.29762150366439055
volatility,OLS,B,expanding,1,17,0.3365338355593372
volatility,OLS,B,expanding,1,18,0.3044844755600953
volatility,OLS,B,expanding,1,19,0.30643484723001474
volatility,OLS,B,expanding,1,20,0.3115756122695196
volatility,OLS,B,expanding,1,21,0.28771360388987616
volatility,OLS,B,expanding,1,22,0.24074201723316732
volatility,OLS,B,expanding,1,23,0.23775987346107674
volatility,OLS,B,expanding,1,24,0.2726576714784527
volatility,OLS,B,expanding,1,25,0.24956776678342624
volatility,OLS,B,expanding,1,26,0.2891737147576506
volatility,OLS,B,rolling_9m_3m,1,0,0.26058108093547966
volatility,OLS,B,rolling_9m_3m,1,1,0.31670569524424363
volatility,OLS,B,rolling_9m_3m,1,2,0.31039669653424407
volatility,OLS,B,rolling_9m_3m,1,3,0.2557878971994959
volatility,OLS,B,rolling_9m_3m,1,4,0.2638259573862559
volatility,OLS,B,rolling_9m_3m,1,5,0.2245718605502555
volatility,OLS,B,rolling_9m_3m,1,6,0.26653209860242094
volatility,OLS,B,rolling_9m_3m,1,7,0.2776480810648815
volatility,OLS,B,rolling_9m_3m,1,8,0.3031215464464035
volatility,OLS,B,rolling_9m_3m,1,9,0.27934262798277915
volatility,OLS,B,rolling_9m_3m,1,10,0.2522267880315867
volatility,OLS,B,rolling_9m_3m,1,11,0.258109378758279
volatility,OLS,B,rolling_9m_3m,1,12,0.27371630751096304
volatility,OLS,B,rolling_9m_3m,1,13,0.25472041396450174
volatility,OLS,B,rolling_9m_3m,1,14,0.30100875691671125
volatility,OLS,B,rolling_9m_3m,1,15,0.26630243321876107
volatility,OLS,B,rolling_9m_3m,1,16,0.2764413024152926
volatility,OLS,B,rolling_9m_3m,1,17,0.2754599333240598
volatility,OLS,B,rolling_9m_3m,1,18,0.2691832804632516
volatility,OLS,B,rolling_9m_3m,1,19,0.30404149121264434
volatility,OLS,B,rolling_9m_3m,1,20,0.24710154920220342
volatility,OLS,B,rolling_9m_3m,1,21,0.30876174665144496
volatility,OLS,B,rolling_9m_3m,1,22,0.3445470535125685
volatility,OLS,B,rolling_9m_3m,1,23,0.29038711337367146
volatility,OLS,B,rolling_9m_3m,1,24,0.31265874004039446
volatility,OLS,B,rolling_9m_3m,1,25,0.30590230799765356
volatility,OLS,B,rolling_9m_3m,1,26,0.2779295149102601
volatility,OLS,B,rolling_9m_3m,1,27,0.2343344253165612
volatility,OLS,B,rolling_9m_3m,1,28,0.2467417443698292
volatility,OLS,B,rolling_9m_3m,1,29,0.2759984401923613
volatility,OLS,B,rolling_9m_3m,1,30,0.26202457644374516
volatility,OLS,B,rolling_9m_3m,1,31,0.25677601534689265
volatility,XGBoost,B,expanding,1,0,0.2311123361980868
volatility,XGBoost,B,expanding,1,1,0.27104548081872104
volatility,XGBoost,B,expanding,1,2,0.2844254173308316
volatility,XGBoost,B,expanding,1,3,0.31255153258197155
volatility,XGBoost,B,expanding,1,4,0.30792817010674717
volatility,XGBoost,B,expanding,1,5,0.2781530398737377
volatility,XGBoost,B,expanding,1,6,0.2552842575371157
volatility,XGBoost,B,expanding,1,7,0.2795280561344908
volatility,XGBoost,B,expanding,1,8,0.2558776183520552
volatility,XGBoost,B,expanding,1,9,0.34583871757389917
volatility,XGBoost,B,expanding,1,10,0.3373302719963763
volatility,XGBoost,B,expanding,1,11,0.27973230659520254
volatility,XGBoost,B,expanding,1,12,0.28369492305517435
volatility,XGBoost,B,expanding,1,13,0.2772705722584908
volatility,XGBoost,B,expanding,1,14,0.2930726191125759
volatility,XGBoost,B,expanding,1,15,0.2502246311479746
volatility,XGBoost,B,expanding,1,16,0.2947785003603747
volatility,XGBoost,B,expanding,1,17,0.3387839631752806
volatility,XGBoost,B,expanding,1,18,0.31150873287015124
volatility,XGBoost,B,expanding,1,19,0.317708318776538
volatility,XGBoost,B,expanding,1,20,0.31461171736503696
volatility,XGBoost,B,expanding,1,21,0.2944921102243031
volatility,XGBoost,B,expanding,1,22,0.2587813316759529
volatility,XGBoost,B,expanding,1,23,0.2576080754841619
volatility,XGBoost,B,expanding,1,24,0.275055763167441
volatility,XGBoost,B,expanding,1,25,0.24727800575246253
volatility,XGBoost,B,expanding,1,26,0.2817015817861604
volatility,XGBoost,B,rolling_9m_3m,1,0,0.26667681121873116
volatility,XGBoost,B,rolling_9m_3m,1,1,0.2965167257657814
volatility,XGBoost,B,rolling_9m_3m,1,2,0.3128844371073458
volatility,XGBoost,B,rolling_9m_3m,1,3,0.2697223701984068
volatility,XGBoost,B,rolling_9m_3m,1,4,0.2787725054196486
volatility,XGBoost,B,rolling_9m_3m,1,5,0.24184927288250999
volatility,XGBoost,B,rolling_9m_3m,1,6,0.26370957627738933
volatility,XGBoost,B,rolling_9m_3m,1,7,0.25162936354841026
volatility,XGBoost,B,rolling_9m_3m,1,8,0.2926296023421472
volatility,XGBoost,B,rolling_9m_3m,1,9,0.29590046004549986
volatility,XGBoost,B,rolling_9m_3m,1,10,0.2507280982229168
volatility,XGBoost,B,rolling_9m_3m,1,11,0.23661284945451552
volatility,XGBoost,B,rolling_9m_3m,1,12,0.2625002601820627
volatility,XGBoost,B,rolling_9m_3m,1,13,0.18967961327727406
volatility,XGBoost,B,rolling_9m_3m,1,14,0.2625576670735036
volatility,XGBoost,B,rolling_9m_3m,1,15,0.24069140102157713
volatility,XGBoost,B,rolling_9m_3m,1,16,0.25899719342842353
volatility,XGBoost,B,rolling_9m_3m,1,17,0.2898254789765414
volatility,XGBoost,B,rolling_9m_3m,1,18,0.2572404664677941
volatility,XGBoost,B,rolling_9m_3m,1,19,0.2741390007685209
volatility,XGBoost,B,rolling_9m_3m,1,20,0.25645910228791563
volatility,XGBoost,B,rolling_9m_3m,1,21,0.2933363801163586
volatility,XGBoost,B,rolling_9m_3m,1,22,0.3552281946863569
volatility,XGBoost,B,rolling_9m_3m,1,23,0.2983836915529205
volatility,XGBoost,B,rolling_9m_3m,1,24,0.31040531346977673
volatility,XGBoost,B,rolling_9m_3m,1,25,0.30299163278887986
volatility,XGBoost,B,rolling_9m_3m,1,26,0.26568288190463735
volatility,XGBoost,B,rolling_9m_3m,1,27,0.24850557397072237
volatility,XGBoost,B,rolling_9m_3m,1,28,0.26156239044016955
volatility,XGBoost,B,rolling_9m_3m,1,29,0.2671070359024641
volatility,XGBoost,B,rolling_9m_3m,1,30,0.26065305508103614
volatility,XGBoost,B,rolling_9m_3m,1,31,0.2729061371372113
volatility,ElasticNet,C,expanding,1,0,0.24722428857908985
volatility,ElasticNet,C,expanding,1,1,0.28260845007181684
volatility,ElasticNet,C,expanding,1,2,0.2838381055596022
volatility,ElasticNet,C,expanding,1,3,0.32625984739786673
volatility,ElasticNet,C,expanding,1,4,0.3086084171868377
volatility,ElasticNet,C,expanding,1,5,0.28243279794156423
volatility,ElasticNet,C,expanding,1,6,0.26502453207719706
volatility,ElasticNet,C,expanding,1,7,0.29008467652442466
volatility,ElasticNet,C,expanding,1,8,0.31168038716799656
volatility,ElasticNet,C,expanding,1,9,0.3664613279689177
volatility,ElasticNet,C,expanding,1,10,0.3405797642842418
volatility,ElasticNet,C,expanding,1,11,0.29177992244974976
volatility,ElasticNet,C,expanding,1,12,0.3013217299081892
volatility,ElasticNet,C,expanding,1,13,0.28335624034619067
volatility,ElasticNet,C,expanding,1,14,0.3024401656682972
volatility,ElasticNet,C,expanding,1,15,0.2581434343813908
volatility,ElasticNet,C,expanding,1,16,0.32063767836310225
volatility,ElasticNet,C,expanding,1,17,0.3687117007127286
volatility,ElasticNet,C,expanding,1,18,0.3215928422078481
volatility,ElasticNet,C,expanding,1,19,0.32455999982828654
volatility,ElasticNet,C,expanding,1,20,0.32932912511171325
volatility,ElasticNet,C,expanding,1,21,0.29075056100260427
volatility,ElasticNet,C,expanding,1,22,0.2511470798148213
volatility,ElasticNet,C,expanding,1,23,0.2584031258650635
volatility,ElasticNet,C,expanding,1,24,0.2716610880755687
volatility,ElasticNet,C,expanding,1,25,0.27131303830893794
volatility,ElasticNet,C,expanding,1,26,0.2901944548788658
volatility,ElasticNet,C,rolling_9m_3m,1,0,0.27018685454656066
volatility,ElasticNet,C,rolling_9m_3m,1,1,0.32358004374944443
volatility,ElasticNet,C,rolling_9m_3m,1,2,0.3267178230569594
volatility,ElasticNet,C,rolling_9m_3m,1,3,0.2679957495076458
volatility,ElasticNet,C,rolling_9m_3m,1,4,0.27799677618801255
volatility,ElasticNet,C,rolling_9m_3m,1,5,0.24122010526559248
volatility,ElasticNet,C,rolling_9m_3m,1,6,0.28330924614070263
volatility,ElasticNet,C,rolling_9m_3m,1,7,0.2781444079827078
volatility,ElasticNet,C,rolling_9m_3m,1,8,0.3246363834176663
volatility,ElasticNet,C,rolling_9m_3m,1,9,0.2955429852004641
volatility,ElasticNet,C,rolling_9m_3m,1,10,0.27059690712567397
volatility,ElasticNet,C,rolling_9m_3m,1,11,0.26183960539999274
volatility,ElasticNet,C,rolling_9m_3m,1,12,0.2840363188962274
volatility,ElasticNet,C,rolling_9m_3m,1,13,0.296866241686047
volatility,ElasticNet,C,rolling_9m_3m,1,14,0.34555872243268687
volatility,ElasticNet,C,rolling_9m_3m,1,15,0.3236777105739221
volatility,ElasticNet,C,rolling_9m_3m,1,16,0.28843921768570363
volatility,ElasticNet,C,rolling_9m_3m,1,17,0.294198406933815
volatility,ElasticNet,C,rolling_9m_3m,1,18,0.2736865026977519
volatility,ElasticNet,C,rolling_9m_3m,1,19,0.3053756649487881
volatility,ElasticNet,C,rolling_9m_3m,1,20,0.2585741347865176
volatility,ElasticNet,C,rolling_9m_3m,1,21,0.3220619810319595
volatility,ElasticNet,C,rolling_9m_3m,1,22,0.36130438597480524
volatility,ElasticNet,C,rolling_9m_3m,1,23,0.3137592462465194
volatility,ElasticNet,C,rolling_9m_3m,1,24,0.31183931543159443
volatility,ElasticNet,C,rolling_9m_3m,1,25,0.31827353771289635
volatility,ElasticNet,C,rolling_9m_3m,1,26,0.28879140720548274
volatility,ElasticNet,C,rolling_9m_3m,1,27,0.2410985087116651
volatility,ElasticNet,C,rolling_9m_3m,1,28,0.25368853145061554
volatility,ElasticNet,C,rolling_9m_3m,1,29,0.272671054004985
volatility,ElasticNet,C,rolling_9m_3m,1,30,0.2687022416513181
volatility,ElasticNet,C,rolling_9m_3m,1,31,0.27186056566412625
volatility,OLS,C,expanding,1,0,0.23012403624707006
volatility,OLS,C,expanding,1,1,0.2773397218215151
volatility,OLS,C,expanding,1,2,0.28219914168565474
volatility,OLS,C,expanding,1,3,0.3199716964006859
volatility,OLS,C,expanding,1,4,0.30603065747096114
volatility,OLS,C,expanding,1,5,0.2772419728301481
volatility,OLS,C,expanding,1,6,0.2666821547166589
volatility,OLS,C,expanding,1,7,0.2901434291724054
volatility,OLS,C,expanding,1,8,0.3020889397047733
volatility,OLS,C,expanding,1,9,0.36085924882340975
volatility,OLS,C,expanding,1,10,0.3395180386581516
volatility,OLS,C,expanding,1,11,0.29525689365071206
volatility,OLS,C,expanding,1,12,0.29695054806953114
volatility,OLS,C,expanding,1,13,0.28384287826256893
volatility,OLS,C,expanding,1,14,0.306469601531112
volatility,OLS,C,expanding,1,15,0.256774193979962
volatility,OLS,C,expanding,1,16,0.31831247820442693
volatility,OLS,C,expanding,1,17,0.3670111699888034
volatility,OLS,C,expanding,1,18,0.32129364175860436
volatility,OLS,C,expanding,1,19,0.3242433433459102
volatility,OLS,C,expanding,1,20,0.3294702843788865
volatility,OLS,C,expanding,1,21,0.2926002407810668
volatility,OLS,C,expanding,1,22,0.25054110774425375
volatility,OLS,C,expanding,1,23,0.2591193407043066
volatility,OLS,C,expanding,1,24,0.27653039353798775
volatility,OLS,C,expanding,1,25,0.27403216715987716
volatility,OLS,C,expanding,1,26,0.2930683594201954
volatility,OLS,C,rolling_9m_3m,1,0,0.26696154446196435
volatility,OLS,C,rolling_9m_3m,1,1,0.3228492532281043
volatility,OLS,C,rolling_9m_3m,1,2,0.3060736405944503
volatility,OLS,C,rolling_9m_3m,1,3,0.25232252510204806
volatility,OLS,C,rolling_9m_3m,1,4,0.2596737252641297
volatility,OLS,C,rolling_9m_3m,1,5,0.2140168555906731
volatility,OLS,C,rolling_9m_3m,1,6,0.27448674890703223
volatility,OLS,C,rolling_9m_3m,1,7,0.27598848597030395
volatility,OLS,C,rolling_9m_3m,1,8,0.31145665902836644
volatility,OLS,C,rolling_9m_3m,1,9,0.2796034617340969
volatility,OLS,C,rolling_9m_3m,1,10,0.25791850900089786
volatility,OLS,C,rolling_9m_3m,1,11,0.2600392752166899
volatility,OLS,C,rolling_9m_3m,1,12,0.2792658192095012
volatility,OLS,C,rolling_9m_3m,1,13,0.2691479902569366
volatility,OLS,C,rolling_9m_3m,1,14,0.33129192073238106
volatility,OLS,C,rolling_9m_3m,1,15,0.3149686777840338
volatility,OLS,C,rolling_9m_3m,1,16,0.28126121575688995
volatility,OLS,C,rolling_9m_3m,1,17,0.2846588867660502
volatility,OLS,C,rolling_9m_3m,1,18,0.27497697207067806
volatility,OLS,C,rolling_9m_3m,1,19,0.30565463276883426
volatility,OLS,C,rolling_9m_3m,1,20,0.2505889156177682
volatility,OLS,C,rolling_9m_3m,1,21,0.3187373354338947
volatility,OLS,C,rolling_9m_3m,1,22,0.35478315374541936
volatility,OLS,C,rolling_9m_3m,1,23,0.3055232095304368
volatility,OLS,C,rolling_9m_3m,1,24,0.31208279865512056
volatility,OLS,C,rolling_9m_3m,1,25,0.3177636291426341
volatility,OLS,C,rolling_9m_3m,1,26,0.2768935618005003
volatility,OLS,C,rolling_9m_3m,1,27,0.23842318682863867
volatility,OLS,C,rolling_9m_3m,1,28,0.24359119815691735
volatility,OLS,C,rolling_9m_3m,1,29,0.27328691615997264
volatility,OLS,C,rolling_9m_3m,1,30,0.2511731061120709
volatility,OLS,C,rolling_9m_3m,1,31,0.2554632746067281
volatility,XGBoost,C,expanding,1,0,0.2439353250144584
volatility,XGBoost,C,expanding,1,1,0.27555562442175896
volatility,XGBoost,C,expanding,1,2,0.28320614212829964
volatility,XGBoost,C,expanding,1,3,0.3113680921865361
volatility,XGBoost,C,expanding,1,4,0.29861029885894436
volatility,XGBoost,C,expanding,1,5,0.2795957690390781
volatility,XGBoost,C,expanding,1,6,0.2578460982679478
volatility,XGBoost,C,expanding,1,7,0.289899770553548
volatility,XGBoost,C,expanding,1,8,0.2769411079021802
volatility,XGBoost,C,expanding,1,9,0.3603258464835457
volatility,XGBoost,C,expanding,1,10,0.3367025280216865
volatility,XGBoost,C,expanding,1,11,0.28570231493575965
volatility,XGBoost,C,expanding,1,12,0.2915926845297708
volatility,XGBoost,C,expanding,1,13,0.2784132446423694
volatility,XGBoost,C,expanding,1,14,0.27265763863599085
volatility,XGBoost,C,expanding,1,15,0.26656022236169336
volatility,XGBoost,C,expanding,1,16,0.3202821875218338
volatility,XGBoost,C,expanding,1,17,0.36935248252989833
volatility,XGBoost,C,expanding,1,18,0.3242496033632097
volatility,XGBoost,C,expanding,1,19,0.31966412505027747
volatility,XGBoost,C,expanding,1,20,0.3264769219674201
volatility,XGBoost,C,expanding,1,21,0.3016964475934983
volatility,XGBoost,C,expanding,1,22,0.26215288447496665
volatility,XGBoost,C,expanding,1,23,0.26451676702307325
volatility,XGBoost,C,expanding,1,24,0.2683704154297453
volatility,XGBoost,C,expanding,1,25,0.277855623131366
volatility,XGBoost,C,expanding,1,26,0.28928737927043324
volatility,XGBoost,C,rolling_9m_3m,1,0,0.2625272699522348
volatility,XGBoost,C,rolling_9m_3m,1,1,0.30977910971851075
volatility,XGBoost,C,rolling_9m_3m,1,2,0.31537983547654963
volatility,XGBoost,C,rolling_9m_3m,1,3,0.2823016533048816
volatility,XGBoost,C,rolling_9m_3m,1,4,0.2744792878038862
volatility,XGBoost,C,rolling_9m_3m,1,5,0.2453116109441497
volatility,XGBoost,C,rolling_9m_3m,1,6,0.26266129724092574
volatility,XGBoost,C,rolling_9m_3m,1,7,0.2697559420226114
volatility,XGBoost,C,rolling_9m_3m,1,8,0.3051854593715748
volatility,XGBoost,C,rolling_9m_3m,1,9,0.289899377130399
volatility,XGBoost,C,rolling_9m_3m,1,10,0.2527443292751602
volatility,XGBoost,C,rolling_9m_3m,1,11,0.24536087650568617
volatility,XGBoost,C,rolling_9m_3m,1,12,0.27343152957539
volatility,XGBoost,C,rolling_9m_3m,1,13,0.2305442075135067
volatility,XGBoost,C,rolling_9m_3m,1,14,0.2549993269744553
volatility,XGBoost,C,rolling_9m_3m,1,15,0.2967319137449214
volatility,XGBoost,C,rolling_9m_3m,1,16,0.2812292809234631
volatility,XGBoost,C,rolling_9m_3m,1,17,0.2952336255429196
volatility,XGBoost,C,rolling_9m_3m,1,18,0.2540158922798157
volatility,XGBoost,C,rolling_9m_3m,1,19,0.2860362042509494
volatility,XGBoost,C,rolling_9m_3m,1,20,0.25081681728348654
volatility,XGBoost,C,rolling_9m_3m,1,21,0.27934661853312603
volatility,XGBoost,C,rolling_9m_3m,1,22,0.3595105324869548
volatility,XGBoost,C,rolling_9m_3m,1,23,0.314926103632095
volatility,XGBoost,C,rolling_9m_3m,1,24,0.31308594392040406
volatility,XGBoost,C,rolling_9m_3m,1,25,0.2734808428239013
volatility,XGBoost,C,rolling_9m_3m,1,26,0.267833317804104
volatility,XGBoost,C,rolling_9m_3m,1,27,0.2484921977559824
volatility,XGBoost,C,rolling_9m_3m,1,28,0.25659811080283196
volatility,XGBoost,C,rolling_9m_3m,1,29,0.26082233064463506
volatility,XGBoost,C,rolling_9m_3m,1,30,0.26451340576582494
volatility,XGBoost,C,rolling_9m_3m,1,31,0.2667428861043671
volatility,ElasticNet,candidate_6,expanding,1,0,0.24063075358930847
volatility,ElasticNet,candidate_6,expanding,1,1,0.2817053672605612
volatility,ElasticNet,candidate_6,expanding,1,2,0.276097324037213
volatility,ElasticNet,candidate_6,expanding,1,3,0.3269859965950863
volatility,ElasticNet,candidate_6,expanding,1,4,0.293551762863371
volatility,ElasticNet,candidate_6,expanding,1,5,0.2736171456771633
volatility,ElasticNet,candidate_6,expanding,1,6,0.2535551024724211
volatility,ElasticNet,candidate_6,expanding,1,7,0.2607077131088043
volatility,ElasticNet,candidate_6,expanding,1,8,0.2877395402878286
volatility,ElasticNet,candidate_6,expanding,1,9,0.3605295075354398
volatility,ElasticNet,candidate_6,expanding,1,10,0.34056035242293686
volatility,ElasticNet,candidate_6,expanding,1,11,0.28235258825284976
volatility,ElasticNet,candidate_6,expanding,1,12,0.29382079821569546
volatility,ElasticNet,candidate_6,expanding,1,13,0.2710448418609602
volatility,ElasticNet,candidate_6,expanding,1,14,0.2911399926406249
volatility,ElasticNet,candidate_6,expanding,1,15,0.2544928120380359
volatility,ElasticNet,candidate_6,expanding,1,16,0.31223107184270166
volatility,ElasticNet,candidate_6,expanding,1,17,0.3665397390860595
volatility,ElasticNet,candidate_6,expanding,1,18,0.31678425393612264
volatility,ElasticNet,candidate_6,expanding,1,19,0.3118827612430795
volatility,ElasticNet,candidate_6,expanding,1,20,0.3207463353610825
volatility,ElasticNet,candidate_6,expanding,1,21,0.2828271867868675
volatility,ElasticNet,candidate_6,expanding,1,22,0.24725012013111816
volatility,ElasticNet,candidate_6,expanding,1,23,0.25441222637610433
volatility,ElasticNet,candidate_6,expanding,1,24,0.26539223032424125
volatility,ElasticNet,candidate_6,expanding,1,25,0.25985468423106534
volatility,ElasticNet,candidate_6,expanding,1,26,0.2775289422786321
volatility,ElasticNet,candidate_6,rolling_9m_3m,1,0,0.26112447756332025
volatility,ElasticNet,candidate_6,rolling_9m_3m,1,1,0.3238094441952124
volatility,ElasticNet,candidate_6,rolling_9m_3m,1,2,0.3184961895125758
volatility,ElasticNet,candidate_6,rolling_9m_3m,1,3,0.27516273505094135
volatility,ElasticNet,candidate_6,rolling_9m_3m,1,4,0.2755498413091233
volatility,ElasticNet,candidate_6,rolling_9m_3m,1,5,0.24947864938067382
volatility,ElasticNet,candidate_6,rolling_9m_3m,1,6,0.28280279036562883
volatility,ElasticNet,candidate_6,rolling_9m_3m,1,7,0.27293390829081604
volatility,ElasticNet,candidate_6,rolling_9m_3m,1,8,0.3265105050037849
volatility,ElasticNet,candidate_6,rolling_9m_3m,1,9,0.29385278013171984
volatility,ElasticNet,candidate_6,rolling_9m_3m,1,10,0.2737777204108457
volatility,ElasticNet,candidate_6,rolling_9m_3m,1,11,0.25448112590590527
volatility,ElasticNet,candidate_6,rolling_9m_3m,1,12,0.26039773015599055
volatility,ElasticNet,candidate_6,rolling_9m_3m,1,13,0.2780812990774808
volatility,ElasticNet,candidate_6,rolling_9m_3m,1,14,0.31808210919024893
volatility,ElasticNet,candidate_6,rolling_9m_3m,1,15,0.28542125180335143
volatility,ElasticNet,candidate_6,rolling_9m_3m,1,16,0.274834008242671
volatility,ElasticNet,candidate_6,rolling_9m_3m,1,17,0.2946014039347177
volatility,ElasticNet,candidate_6,rolling_9m_3m,1,18,0.27131655766321533
volatility,ElasticNet,candidate_6,rolling_9m_3m,1,19,0.3013763119296239
volatility,ElasticNet,candidate_6,rolling_9m_3m,1,20,0.2569581820967908
volatility,ElasticNet,candidate_6,rolling_9m_3m,1,21,0.313114414129496
volatility,ElasticNet,candidate_6,rolling_9m_3m,1,22,0.364663977750215
volatility,ElasticNet,candidate_6,rolling_9m_3m,1,23,0.3179772346998474
volatility,ElasticNet,candidate_6,rolling_9m_3m,1,24,0.3125382951445613
volatility,ElasticNet,candidate_6,rolling_9m_3m,1,25,0.3183810283307541
volatility,ElasticNet,candidate_6,rolling_9m_3m,1,26,0.28270664529959955
volatility,ElasticNet,candidate_6,rolling_9m_3m,1,27,0.24705583833404723
volatility,ElasticNet,candidate_6,rolling_9m_3m,1,28,0.254185811157136
volatility,ElasticNet,candidate_6,rolling_9m_3m,1,29,0.2635487890415347
volatility,ElasticNet,candidate_6,rolling_9m_3m,1,30,0.2596805661072208
volatility,ElasticNet,candidate_6,rolling_9m_3m,1,31,0.2770135708270181
volatility,OLS,candidate_6,expanding,1,0,0.23899387138030168
volatility,OLS,candidate_6,expanding,1,1,0.2759788049691975
volatility,OLS,candidate_6,expanding,1,2,0.27176579893860936
volatility,OLS,candidate_6,expanding,1,3,0.3238854555659363
volatility,OLS,candidate_6,expanding,1,4,0.30814042620607535
volatility,OLS,candidate_6,expanding,1,5,0.27204645404150557
volatility,OLS,candidate_6,expanding,1,6,0.2653588422192787
volatility,OLS,candidate_6,expanding,1,7,0.27175947127804995
volatility,OLS,candidate_6,expanding,1,8,0.284273552896031
volatility,OLS,candidate_6,expanding,1,9,0.3165491356762816
volatility,OLS,candidate_6,expanding,1,10,0.32680636104963573
volatility,OLS,candidate_6,expanding,1,11,0.28298775756066985
volatility,OLS,candidate_6,expanding,1,12,0.29035484750899243
volatility,OLS,candidate_6,expanding,1,13,0.2759540367460095
volatility,OLS,candidate_6,expanding,1,14,0.2811723030646997
volatility,OLS,candidate_6,expanding,1,15,0.2396323255772421
volatility,OLS,candidate_6,expanding,1,16,0.2890959972010003
volatility,OLS,candidate_6,expanding,1,17,0.3364648405398507
volatility,OLS,candidate_6,expanding,1,18,0.3029292446617735
volatility,OLS,candidate_6,expanding,1,19,0.28961638560592073
volatility,OLS,candidate_6,expanding,1,20,0.30477400056323156
volatility,OLS,candidate_6,expanding,1,21,0.2825446748487785
volatility,OLS,candidate_6,expanding,1,22,0.241212336381033
volatility,OLS,candidate_6,expanding,1,23,0.23741974880834985
volatility,OLS,candidate_6,expanding,1,24,0.2636605846477182
volatility,OLS,candidate_6,expanding,1,25,0.24503134235377017
volatility,OLS,candidate_6,expanding,1,26,0.293915190085403
volatility,OLS,candidate_6,rolling_9m_3m,1,0,0.2609861563106227
volatility,OLS,candidate_6,rolling_9m_3m,1,1,0.32575125176728653
volatility,OLS,candidate_6,rolling_9m_3m,1,2,0.31587614405469766
volatility,OLS,candidate_6,rolling_9m_3m,1,3,0.26498168868985655
volatility,OLS,candidate_6,rolling_9m_3m,1,4,0.266985607432645
volatility,OLS,candidate_6,rolling_9m_3m,1,5,0.24120151973906806
volatility,OLS,candidate_6,rolling_9m_3m,1,6,0.26555226326586756
volatility,OLS,candidate_6,rolling_9m_3m,1,7,0.27111992116207484
volatility,OLS,candidate_6,rolling_9m_3m,1,8,0.30961993161680906
volatility,OLS,candidate_6,rolling_9m_3m,1,9,0.29145481900712
volatility,OLS,candidate_6,rolling_9m_3m,1,10,0.25972744843829826
volatility,OLS,candidate_6,rolling_9m_3m,1,11,0.25555611057029015
volatility,OLS,candidate_6,rolling_9m_3m,1,12,0.262646262817013
volatility,OLS,candidate_6,rolling_9m_3m,1,13,0.2628100595806285
volatility,OLS,candidate_6,rolling_9m_3m,1,14,0.3168010207030293
volatility,OLS,candidate_6,rolling_9m_3m,1,15,0.28075564963462896
volatility,OLS,candidate_6,rolling_9m_3m,1,16,0.27722834666222407
volatility,OLS,candidate_6,rolling_9m_3m,1,17,0.28851951568380035
volatility,OLS,candidate_6,rolling_9m_3m,1,18,0.2703812821722423
volatility,OLS,candidate_6,rolling_9m_3m,1,19,0.29922775863069356
volatility,OLS,candidate_6,rolling_9m_3m,1,20,0.24376608548641654
volatility,OLS,candidate_6,rolling_9m_3m,1,21,0.30308924811894983
volatility,OLS,candidate_6,rolling_9m_3m,1,22,0.35628951015674276
volatility,OLS,candidate_6,rolling_9m_3m,1,23,0.2942969390733811
volatility,OLS,candidate_6,rolling_9m_3m,1,24,0.3176906747267218
volatility,OLS,candidate_6,rolling_9m_3m,1,25,0.3090922616456407
volatility,OLS,candidate_6,rolling_9m_3m,1,26,0.27158026751725517
volatility,OLS,candidate_6,rolling_9m_3m,1,27,0.2404402434283825
volatility,OLS,candidate_6,rolling_9m_3m,1,28,0.24898003223224058
volatility,OLS,candidate_6,rolling_9m_3m,1,29,0.2769688036012836
volatility,OLS,candidate_6,rolling_9m_3m,1,30,0.2581784624965668
volatility,OLS,candidate_6,rolling_9m_3m,1,31,0.2802339993834491
volatility,XGBoost,candidate_6,expanding,1,0,0.24349906276876546
volatility,XGBoost,candidate_6,expanding,1,1,0.2746235804492259
volatility,XGBoost,candidate_6,expanding,1,2,0.2760669521677765
volatility,XGBoost,candidate_6,expanding,1,3,0.312359685303012
volatility,XGBoost,candidate_6,expanding,1,4,0.30350314748231266
volatility,XGBoost,candidate_6,expanding,1,5,0.2698811322330798
volatility,XGBoost,candidate_6,expanding,1,6,0.25866051622115915
volatility,XGBoost,candidate_6,expanding,1,7,0.27459544051599133
volatility,XGBoost,candidate_6,expanding,1,8,0.2669014426367704
volatility,XGBoost,candidate_6,expanding,1,9,0.3437939006409851
volatility,XGBoost,candidate_6,expanding,1,10,0.3358898329565044
volatility,XGBoost,candidate_6,expanding,1,11,0.265223227801145
volatility,XGBoost,candidate_6,expanding,1,12,0.2825264753473369
volatility,XGBoost,candidate_6,expanding,1,13,0.27257062976152396
volatility,XGBoost,candidate_6,expanding,1,14,0.28080355545386326
volatility,XGBoost,candidate_6,expanding,1,15,0.24158268246267062
volatility,XGBoost,candidate_6,expanding,1,16,0.29307022509063546
volatility,XGBoost,candidate_6,expanding,1,17,0.3337688349204824
volatility,XGBoost,candidate_6,expanding,1,18,0.30792222495061944
volatility,XGBoost,candidate_6,expanding,1,19,0.30478788737213863
volatility,XGBoost,candidate_6,expanding,1,20,0.31056126683618057
volatility,XGBoost,candidate_6,expanding,1,21,0.28992277098474994
volatility,XGBoost,candidate_6,expanding,1,22,0.25525712341557416
volatility,XGBoost,candidate_6,expanding,1,23,0.2592144417212082
volatility,XGBoost,candidate_6,expanding,1,24,0.2665646845758745
volatility,XGBoost,candidate_6,expanding,1,25,0.2631797349823715
volatility,XGBoost,candidate_6,expanding,1,26,0.28645514703624025
volatility,XGBoost,candidate_6,rolling_9m_3m,1,0,0.2606998052457959
volatility,XGBoost,candidate_6,rolling_9m_3m,1,1,0.29671071770950996
volatility,XGBoost,candidate_6,rolling_9m_3m,1,2,0.313747466695866
volatility,XGBoost,candidate_6,rolling_9m_3m,1,3,0.27176781152312607
volatility,XGBoost,candidate_6,rolling_9m_3m,1,4,0.2714033933728352
volatility,XGBoost,candidate_6,rolling_9m_3m,1,5,0.2477333613641787
volatility,XGBoost,candidate_6,rolling_9m_3m,1,6,0.2634801215654653
volatility,XGBoost,candidate_6,rolling_9m_3m,1,7,0.257857814519728
volatility,XGBoost,candidate_6,rolling_9m_3m,1,8,0.3004159488131937
volatility,XGBoost,candidate_6,rolling_9m_3m,1,9,0.288252759858142
volatility,XGBoost,candidate_6,rolling_9m_3m,1,10,0.22933507262887362
volatility,XGBoost,candidate_6,rolling_9m_3m,1,11,0.2315574704760534
volatility,XGBoost,candidate_6,rolling_9m_3m,1,12,0.2608112919995591
volatility,XGBoost,candidate_6,rolling_9m_3m,1,13,0.179947915035647
volatility,XGBoost,candidate_6,rolling_9m_3m,1,14,0.29991464988177485
volatility,XGBoost,candidate_6,rolling_9m_3m,1,15,0.19610401245871295
volatility,XGBoost,candidate_6,rolling_9m_3m,1,16,0.268665986314604
volatility,XGBoost,candidate_6,rolling_9m_3m,1,17,0.2768816743982747
volatility,XGBoost,candidate_6,rolling_9m_3m,1,18,0.24421099242276312
volatility,XGBoost,candidate_6,rolling_9m_3m,1,19,0.2669443283302883
volatility,XGBoost,candidate_6,rolling_9m_3m,1,20,0.2570050970743948
volatility,XGBoost,candidate_6,rolling_9m_3m,1,21,0.29764138577741023
volatility,XGBoost,candidate_6,rolling_9m_3m,1,22,0.35648695499382255
volatility,XGBoost,candidate_6,rolling_9m_3m,1,23,0.28419157076804535
volatility,XGBoost,candidate_6,rolling_9m_3m,1,24,0.3138525120318947
volatility,XGBoost,candidate_6,rolling_9m_3m,1,25,0.3069327930700811
volatility,XGBoost,candidate_6,rolling_9m_3m,1,26,0.2548686053332362
volatility,XGBoost,candidate_6,rolling_9m_3m,1,27,0.24170413032929985
volatility,XGBoost,candidate_6,rolling_9m_3m,1,28,0.26005590312462645
volatility,XGBoost,candidate_6,rolling_9m_3m,1,29,0.26121219095713366
volatility,XGBoost,candidate_6,rolling_9m_3m,1,30,0.2737135470982479
volatility,XGBoost,candidate_6,rolling_9m_3m,1,31,0.2777507623544641
volatility,ElasticNet,D,expanding,1,0,0.2487993146098847
volatility,ElasticNet,D,expanding,1,1,0.28025827771926876
volatility,ElasticNet,D,expanding,1,2,0.2725147171563573
volatility,ElasticNet,D,expanding,1,3,0.32800643423262754
volatility,ElasticNet,D,expanding,1,4,0.2948746668934181
volatility,ElasticNet,D,expanding,1,5,0.27756412683968334
volatility,ElasticNet,D,expanding,1,6,0.26148057430889193
volatility,ElasticNet,D,expanding,1,7,0.2712535222100421
volatility,ElasticNet,D,expanding,1,8,0.2859078053056119
volatility,ElasticNet,D,expanding,1,9,0.36619596324309067
volatility,ElasticNet,D,expanding,1,10,0.3370320762735884
volatility,ElasticNet,D,expanding,1,11,0.28507239948194707
volatility,ElasticNet,D,expanding,1,12,0.2993828054375614
volatility,ElasticNet,D,expanding,1,13,0.27954616617445016
volatility,ElasticNet,D,expanding,1,14,0.3117711767535551
volatility,ElasticNet,D,expanding,1,15,0.26461673238639744
volatility,ElasticNet,D,expanding,1,16,0.31927071504875754
volatility,ElasticNet,D,expanding,1,17,0.36320813175570066
volatility,ElasticNet,D,expanding,1,18,0.32507019483625565
volatility,ElasticNet,D,expanding,1,19,0.3220574902730256
volatility,ElasticNet,D,expanding,1,20,0.3150676813991231
volatility,ElasticNet,D,expanding,1,21,0.2885717412034965
volatility,ElasticNet,D,expanding,1,22,0.24860777431852724
volatility,ElasticNet,D,expanding,1,23,0.25369705641090634
volatility,ElasticNet,D,expanding,1,24,0.2648506003746471
volatility,ElasticNet,D,expanding,1,25,0.26000521592420583
volatility,ElasticNet,D,expanding,1,26,0.29256425017902205
volatility,ElasticNet,D,rolling_9m_3m,1,0,0.2567434454096501
volatility,ElasticNet,D,rolling_9m_3m,1,1,0.2910099655485214
volatility,ElasticNet,D,rolling_9m_3m,1,2,0.31835929569956056
volatility,ElasticNet,D,rolling_9m_3m,1,3,0.2861353169605662
volatility,ElasticNet,D,rolling_9m_3m,1,4,0.2753963009487327
volatility,ElasticNet,D,rolling_9m_3m,1,5,0.24620651646762012
volatility,ElasticNet,D,rolling_9m_3m,1,6,0.275420435854997
volatility,ElasticNet,D,rolling_9m_3m,1,7,0.26689903590935943
volatility,ElasticNet,D,rolling_9m_3m,1,8,0.3273166210499491
volatility,ElasticNet,D,rolling_9m_3m,1,9,0.2810608928154568
volatility,ElasticNet,D,rolling_9m_3m,1,10,0.27275431123370103
volatility,ElasticNet,D,rolling_9m_3m,1,11,0.25636533282888024
volatility,ElasticNet,D,rolling_9m_3m,1,12,0.26795504306300616
volatility,ElasticNet,D,rolling_9m_3m,1,13,0.28463877973022356
volatility,ElasticNet,D,rolling_9m_3m,1,14,0.3457728692277309
volatility,ElasticNet,D,rolling_9m_3m,1,15,0.32859719809336607
volatility,ElasticNet,D,rolling_9m_3m,1,16,0.28700899832960197
volatility,ElasticNet,D,rolling_9m_3m,1,17,0.28778428413402996
volatility,ElasticNet,D,rolling_9m_3m,1,18,0.26847836462445585
volatility,ElasticNet,D,rolling_9m_3m,1,19,0.3064447079107232
volatility,ElasticNet,D,rolling_9m_3m,1,20,0.26190757014127597
volatility,ElasticNet,D,rolling_9m_3m,1,21,0.31337225741147134
volatility,ElasticNet,D,rolling_9m_3m,1,22,0.3622121879207751
volatility,ElasticNet,D,rolling_9m_3m,1,23,0.3137555755107619
volatility,ElasticNet,D,rolling_9m_3m,1,24,0.31274782011363406
volatility,ElasticNet,D,rolling_9m_3m,1,25,0.31058956347821576
volatility,ElasticNet,D,rolling_9m_3m,1,26,0.28532353193099574
volatility,ElasticNet,D,rolling_9m_3m,1,27,0.25275305640640794
volatility,ElasticNet,D,rolling_9m_3m,1,28,0.2524328418376817
volatility,ElasticNet,D,rolling_9m_3m,1,29,0.2641530826829827
volatility,ElasticNet,D,rolling_9m_3m,1,30,0.2564429674385468
volatility,ElasticNet,D,rolling_9m_3m,1,31,0.2817111938345218
volatility,OLS,D,expanding,1,0,0.2384935441176612
volatility,OLS,D,expanding,1,1,0.2770466212000437
volatility,OLS,D,expanding,1,2,0.26885257231509263
volatility,OLS,D,expanding,1,3,0.31909001248891655
volatility,OLS,D,expanding,1,4,0.29863732576690655
volatility,OLS,D,expanding,1,5,0.274200295359199
volatility,OLS,D,expanding,1,6,0.26155972576226977
volatility,OLS,D,expanding,1,7,0.26942035661218744
volatility,OLS,D,expanding,1,8,0.2843951162182201
volatility,OLS,D,expanding,1,9,0.35311749399985265
volatility,OLS,D,expanding,1,10,0.33349556535927294
volatility,OLS,D,expanding,1,11,0.2891263251626874
volatility,OLS,D,expanding,1,12,0.29993802301725875
volatility,OLS,D,expanding,1,13,0.2848538787954288
volatility,OLS,D,expanding,1,14,0.3134742647358045
volatility,OLS,D,expanding,1,15,0.265407742202591
volatility,OLS,D,expanding,1,16,0.31684606095716333
volatility,OLS,D,expanding,1,17,0.3639557488424105
volatility,OLS,D,expanding,1,18,0.322335927353954
volatility,OLS,D,expanding,1,19,0.3202402340467651
volatility,OLS,D,expanding,1,20,0.31438230947619267
volatility,OLS,D,expanding,1,21,0.2887903096405089
volatility,OLS,D,expanding,1,22,0.25259621165180657
volatility,OLS,D,expanding,1,23,0.25747201846645745
volatility,OLS,D,expanding,1,24,0.26802034006338304
volatility,OLS,D,expanding,1,25,0.2594102824551584
volatility,OLS,D,expanding,1,26,0.29193808723039455
volatility,OLS,D,rolling_9m_3m,1,0,0.2560751529606623
volatility,OLS,D,rolling_9m_3m,1,1,0.30610457073603436
volatility,OLS,D,rolling_9m_3m,1,2,0.3042750871218322
volatility,OLS,D,rolling_9m_3m,1,3,0.2614293351842826
volatility,OLS,D,rolling_9m_3m,1,4,0.26373752130717815
volatility,OLS,D,rolling_9m_3m,1,5,0.22871229636904625
volatility,OLS,D,rolling_9m_3m,1,6,0.26473622451467566
volatility,OLS,D,rolling_9m_3m,1,7,0.26034154418561545
volatility,OLS,D,rolling_9m_3m,1,8,0.3055664254281689
volatility,OLS,D,rolling_9m_3m,1,9,0.2740824535412863
volatility,OLS,D,rolling_9m_3m,1,10,0.258755534134437
volatility,OLS,D,rolling_9m_3m,1,11,0.24800314675872348
volatility,OLS,D,rolling_9m_3m,1,12,0.25491876012755355
volatility,OLS,D,rolling_9m_3m,1,13,0.2177228177709154
volatility,OLS,D,rolling_9m_3m,1,14,0.3316631433134956
volatility,OLS,D,rolling_9m_3m,1,15,0.3243029081589401
volatility,OLS,D,rolling_9m_3m,1,16,0.2818790720085717
volatility,OLS,D,rolling_9m_3m,1,17,0.2806690061365367
volatility,OLS,D,rolling_9m_3m,1,18,0.2632707304792564
volatility,OLS,D,rolling_9m_3m,1,19,0.30088590265474935
volatility,OLS,D,rolling_9m_3m,1,20,0.2514882504874103
volatility,OLS,D,rolling_9m_3m,1,21,0.31007684666285823
volatility,OLS,D,rolling_9m_3m,1,22,0.35429342944889963
volatility,OLS,D,rolling_9m_3m,1,23,0.29918450416360226
volatility,OLS,D,rolling_9m_3m,1,24,0.3102918658621983
volatility,OLS,D,rolling_9m_3m,1,25,0.29994069166748477
volatility,OLS,D,rolling_9m_3m,1,26,0.2680136171746036
volatility,OLS,D,rolling_9m_3m,1,27,0.24234817410249387
volatility,OLS,D,rolling_9m_3m,1,28,0.23088309349817293
volatility,OLS,D,rolling_9m_3m,1,29,0.2596038834972195
volatility,OLS,D,rolling_9m_3m,1,30,0.23854559269559952
volatility,OLS,D,rolling_9m_3m,1,31,0.268547836941305
volatility,XGBoost,D,expanding,1,0,0.24438023165362224
volatility,XGBoost,D,expanding,1,1,0.2778864718427242
volatility,XGBoost,D,expanding,1,2,0.27659170736129857
volatility,XGBoost,D,expanding,1,3,0.3253925480104405
volatility,XGBoost,D,expanding,1,4,0.2805112163419765
volatility,XGBoost,D,expanding,1,5,0.27595496158737604
volatility,XGBoost,D,expanding,1,6,0.25581146541489136
volatility,XGBoost,D,expanding,1,7,0.2615976844421573
volatility,XGBoost,D,expanding,1,8,0.27322761035228194
volatility,XGBoost,D,expanding,1,9,0.35775702465524944
volatility,XGBoost,D,expanding,1,10,0.33871445765662417
volatility,XGBoost,D,expanding,1,11,0.2753187842874646
volatility,XGBoost,D,expanding,1,12,0.2893502997961473
volatility,XGBoost,D,expanding,1,13,0.27389099248347387
volatility,XGBoost,D,expanding,1,14,0.299526268940646
volatility,XGBoost,D,expanding,1,15,0.25928687918202176
volatility,XGBoost,D,expanding,1,16,0.3102431711376641
volatility,XGBoost,D,expanding,1,17,0.36436838631601787
volatility,XGBoost,D,expanding,1,18,0.3230912058946234
volatility,XGBoost,D,expanding,1,19,0.31133554311522593
volatility,XGBoost,D,expanding,1,20,0.3103860114795189
volatility,XGBoost,D,expanding,1,21,0.2884724154428237
volatility,XGBoost,D,expanding,1,22,0.2536851995919578
volatility,XGBoost,D,expanding,1,23,0.25487614238996475
volatility,XGBoost,D,expanding,1,24,0.2629087439806826
volatility,XGBoost,D,expanding,1,25,0.260062461369477
volatility,XGBoost,D,expanding,1,26,0.29849324242763986
volatility,XGBoost,D,rolling_9m_3m,1,0,0.2575501731796112
volatility,XGBoost,D,rolling_9m_3m,1,1,0.2848430610668238
volatility,XGBoost,D,rolling_9m_3m,1,2,0.3172677881168017
volatility,XGBoost,D,rolling_9m_3m,1,3,0.2803642539208722
volatility,XGBoost,D,rolling_9m_3m,1,4,0.26641677906525446
volatility,XGBoost,D,rolling_9m_3m,1,5,0.216876932102316
volatility,XGBoost,D,rolling_9m_3m,1,6,0.26835836489124865
volatility,XGBoost,D,rolling_9m_3m,1,7,0.27028800800400604
volatility,XGBoost,D,rolling_9m_3m,1,8,0.3104487634567276
volatility,XGBoost,D,rolling_9m_3m,1,9,0.27056354735176286
volatility,XGBoost,D,rolling_9m_3m,1,10,0.269859755775767
volatility,XGBoost,D,rolling_9m_3m,1,11,0.25366622983221815
volatility,XGBoost,D,rolling_9m_3m,1,12,0.26320529000764753
volatility,XGBoost,D,rolling_9m_3m,1,13,0.2544621584978739
volatility,XGBoost,D,rolling_9m_3m,1,14,0.3039711324132917
volatility,XGBoost,D,rolling_9m_3m,1,15,0.3133242158967391
volatility,XGBoost,D,rolling_9m_3m,1,16,0.27993739776351184
volatility,XGBoost,D,rolling_9m_3m,1,17,0.27226593997333476
volatility,XGBoost,D,rolling_9m_3m,1,18,0.2540189360551957
volatility,XGBoost,D,rolling_9m_3m,1,19,0.28638833296273786
volatility,XGBoost,D,rolling_9m_3m,1,20,0.25571366705135645
volatility,XGBoost,D,rolling_9m_3m,1,21,0.31219840598258297
volatility,XGBoost,D,rolling_9m_3m,1,22,0.3618653886024061
volatility,XGBoost,D,rolling_9m_3m,1,23,0.3118260014029845
volatility,XGBoost,D,rolling_9m_3m,1,24,0.30559976000390493
volatility,XGBoost,D,rolling_9m_3m,1,25,0.27025199619125434
volatility,XGBoost,D,rolling_9m_3m,1,26,0.2672363792579605
volatility,XGBoost,D,rolling_9m_3m,1,27,0.2448224888114086
volatility,XGBoost,D,rolling_9m_3m,1,28,0.25282079598095303
volatility,XGBoost,D,rolling_9m_3m,1,29,0.2569522243775776
volatility,XGBoost,D,rolling_9m_3m,1,30,0.2542386953457552
volatility,XGBoost,D,rolling_9m_3m,1,31,0.27574865772396323
volatility,ElasticNet,repr_svi,expanding,1,0,0.2448909048163584
volatility,ElasticNet,repr_svi,expanding,1,1,0.27301060347343875
volatility,ElasticNet,repr_svi,expanding,1,2,0.2710132299245202
volatility,ElasticNet,repr_svi,expanding,1,3,0.32659816901407707
volatility,ElasticNet,repr_svi,expanding,1,4,0.29973608956847597
volatility,ElasticNet,repr_svi,expanding,1,5,0.2775417363333288
volatility,ElasticNet,repr_svi,expanding,1,6,0.25829873949286075
volatility,ElasticNet,repr_svi,expanding,1,7,0.2782125378721155
volatility,ElasticNet,repr_svi,expanding,1,8,0.27253090210774533
volatility,ElasticNet,repr_svi,expanding,1,9,0.3648862819505954
volatility,ElasticNet,repr_svi,expanding,1,10,0.3306086607735739
volatility,ElasticNet,repr_svi,expanding,1,11,0.2864954960777761
volatility,ElasticNet,repr_svi,expanding,1,12,0.29592125259612073
volatility,ElasticNet,repr_svi,expanding,1,13,0.28272081035319613
volatility,ElasticNet,repr_svi,expanding,1,14,0.30244880542052266
volatility,ElasticNet,repr_svi,expanding,1,15,0.2527021192462574
volatility,ElasticNet,repr_svi,expanding,1,16,0.3180015667147085
volatility,ElasticNet,repr_svi,expanding,1,17,0.36398416578655163
volatility,ElasticNet,repr_svi,expanding,1,18,0.3188361393207655
volatility,ElasticNet,repr_svi,expanding,1,19,0.30988861211111157
volatility,ElasticNet,repr_svi,expanding,1,20,0.31122301381788825
volatility,ElasticNet,repr_svi,expanding,1,21,0.28616647899776393
volatility,ElasticNet,repr_svi,expanding,1,22,0.24674862670287093
volatility,ElasticNet,repr_svi,expanding,1,23,0.25355369854602794
volatility,ElasticNet,repr_svi,expanding,1,24,0.26057094867007136
volatility,ElasticNet,repr_svi,expanding,1,25,0.25532997794510665
volatility,ElasticNet,repr_svi,expanding,1,26,0.279554708799442
volatility,ElasticNet,repr_svi,rolling_9m_3m,1,0,0.2559317945486315
volatility,ElasticNet,repr_svi,rolling_9m_3m,1,1,0.2897722349739772
volatility,ElasticNet,repr_svi,rolling_9m_3m,1,2,0.31416590825846885
volatility,ElasticNet,repr_svi,rolling_9m_3m,1,3,0.27137102378817923
volatility,ElasticNet,repr_svi,rolling_9m_3m,1,4,0.2606523535641124
volatility,ElasticNet,repr_svi,rolling_9m_3m,1,5,0.248428655671247
volatility,ElasticNet,repr_svi,rolling_9m_3m,1,6,0.2685340159878654
volatility,ElasticNet,repr_svi,rolling_9m_3m,1,7,0.2661187277327864
volatility,ElasticNet,repr_svi,rolling_9m_3m,1,8,0.322630072693041
volatility,ElasticNet,repr_svi,rolling_9m_3m,1,9,0.2730043574789917
volatility,ElasticNet,repr_svi,rolling_9m_3m,1,10,0.272829130412933
volatility,ElasticNet,repr_svi,rolling_9m_3m,1,11,0.23231012057234515
volatility,ElasticNet,repr_svi,rolling_9m_3m,1,12,0.25418756749182564
volatility,ElasticNet,repr_svi,rolling_9m_3m,1,13,0.23861031691924528
volatility,ElasticNet,repr_svi,rolling_9m_3m,1,14,0.33172707647450783
volatility,ElasticNet,repr_svi,rolling_9m_3m,1,15,0.3186465132187438
volatility,ElasticNet,repr_svi,rolling_9m_3m,1,16,0.2863652350839698
volatility,ElasticNet,repr_svi,rolling_9m_3m,1,17,0.29207752183028585
volatility,ElasticNet,repr_svi,rolling_9m_3m,1,18,0.2685759154321056
volatility,ElasticNet,repr_svi,rolling_9m_3m,1,19,0.3040243412827955
volatility,ElasticNet,repr_svi,rolling_9m_3m,1,20,0.2500155196355506
volatility,ElasticNet,repr_svi,rolling_9m_3m,1,21,0.312901058072357
volatility,ElasticNet,repr_svi,rolling_9m_3m,1,22,0.36787575109966103
volatility,ElasticNet,repr_svi,rolling_9m_3m,1,23,0.30573652436931337
volatility,ElasticNet,repr_svi,rolling_9m_3m,1,24,0.3016147490508473
volatility,ElasticNet,repr_svi,rolling_9m_3m,1,25,0.2926734363525764
volatility,ElasticNet,repr_svi,rolling_9m_3m,1,26,0.2880242279897314
volatility,ElasticNet,repr_svi,rolling_9m_3m,1,27,0.25228440319702183
volatility,ElasticNet,repr_svi,rolling_9m_3m,1,28,0.2570661597581339
volatility,ElasticNet,repr_svi,rolling_9m_3m,1,29,0.24663489107412462
volatility,ElasticNet,repr_svi,rolling_9m_3m,1,30,0.2559263596575766
volatility,ElasticNet,repr_svi,rolling_9m_3m,1,31,0.27915876663867467
volatility,OLS,repr_svi,expanding,1,0,0.24018098532209242
volatility,OLS,repr_svi,expanding,1,1,0.2700082032308036
volatility,OLS,repr_svi,expanding,1,2,0.2712680566562779
volatility,OLS,repr_svi,expanding,1,3,0.3231867072554053
volatility,OLS,repr_svi,expanding,1,4,0.3031658506293486
volatility,OLS,repr_svi,expanding,1,5,0.27734680823262653
volatility,OLS,repr_svi,expanding,1,6,0.26286869333254126
volatility,OLS,repr_svi,expanding,1,7,0.2739700153547913
volatility,OLS,repr_svi,expanding,1,8,0.2834111626622936
volatility,OLS,repr_svi,expanding,1,9,0.3599238572974995
volatility,OLS,repr_svi,expanding,1,10,0.3324597625596918
volatility,OLS,repr_svi,expanding,1,11,0.28548416741668475
volatility,OLS,repr_svi,expanding,1,12,0.2998252325697579
volatility,OLS,repr_svi,expanding,1,13,0.2857094464188806
volatility,OLS,repr_svi,expanding,1,14,0.3025216850358519
volatility,OLS,repr_svi,expanding,1,15,0.2547868245858022
volatility,OLS,repr_svi,expanding,1,16,0.31567330429577634
volatility,OLS,repr_svi,expanding,1,17,0.3602008595868607
volatility,OLS,repr_svi,expanding,1,18,0.3203789307972528
volatility,OLS,repr_svi,expanding,1,19,0.3100280264392789
volatility,OLS,repr_svi,expanding,1,20,0.3064628815389847
volatility,OLS,repr_svi,expanding,1,21,0.28471021748305764
volatility,OLS,repr_svi,expanding,1,22,0.2469673770450428
volatility,OLS,repr_svi,expanding,1,23,0.25127840905838406
volatility,OLS,repr_svi,expanding,1,24,0.2630426465525232
volatility,OLS,repr_svi,expanding,1,25,0.248377604453055
volatility,OLS,repr_svi,expanding,1,26,0.2880259081056267
volatility,OLS,repr_svi,rolling_9m_3m,1,0,0.2535994476109661
volatility,OLS,repr_svi,rolling_9m_3m,1,1,0.30419657686006096
volatility,OLS,repr_svi,rolling_9m_3m,1,2,0.3049598554107855
volatility,OLS,repr_svi,rolling_9m_3m,1,3,0.26323426345812645
volatility,OLS,repr_svi,rolling_9m_3m,1,4,0.26264339070028386
volatility,OLS,repr_svi,rolling_9m_3m,1,5,0.22915634207436367
volatility,OLS,repr_svi,rolling_9m_3m,1,6,0.26065036088226096
volatility,OLS,repr_svi,rolling_9m_3m,1,7,0.2646570883767154
volatility,OLS,repr_svi,rolling_9m_3m,1,8,0.3164435817597468
volatility,OLS,repr_svi,rolling_9m_3m,1,9,0.2764268742335496
volatility,OLS,repr_svi,rolling_9m_3m,1,10,0.25577495810522544
volatility,OLS,repr_svi,rolling_9m_3m,1,11,0.2517163316106189
volatility,OLS,repr_svi,rolling_9m_3m,1,12,0.25726437876259023
volatility,OLS,repr_svi,rolling_9m_3m,1,13,0.24778988421760204
volatility,OLS,repr_svi,rolling_9m_3m,1,14,0.3263663037370286
volatility,OLS,repr_svi,rolling_9m_3m,1,15,0.3169204093588394
volatility,OLS,repr_svi,rolling_9m_3m,1,16,0.28344039669288024
volatility,OLS,repr_svi,rolling_9m_3m,1,17,0.2895322320102976
volatility,OLS,repr_svi,rolling_9m_3m,1,18,0.26511307441620796
volatility,OLS,repr_svi,rolling_9m_3m,1,19,0.3041830014945687
volatility,OLS,repr_svi,rolling_9m_3m,1,20,0.24610891519697567
volatility,OLS,repr_svi,rolling_9m_3m,1,21,0.3065909411831642
volatility,OLS,repr_svi,rolling_9m_3m,1,22,0.36087046473244583
volatility,OLS,repr_svi,rolling_9m_3m,1,23,0.2971825874207158
volatility,OLS,repr_svi,rolling_9m_3m,1,24,0.310956503908776
volatility,OLS,repr_svi,rolling_9m_3m,1,25,0.3089125149105044
volatility,OLS,repr_svi,rolling_9m_3m,1,26,0.2753887029849669
volatility,OLS,repr_svi,rolling_9m_3m,1,27,0.2450951801431146
volatility,OLS,repr_svi,rolling_9m_3m,1,28,0.2501819128147485
volatility,OLS,repr_svi,rolling_9m_3m,1,29,0.2708449450837329
volatility,OLS,repr_svi,rolling_9m_3m,1,30,0.23663296966290112
volatility,OLS,repr_svi,rolling_9m_3m,1,31,0.2749951637185094
volatility,XGBoost,repr_svi,expanding,1,0,0.24323763608620616
volatility,XGBoost,repr_svi,expanding,1,1,0.2747373319586929
volatility,XGBoost,repr_svi,expanding,1,2,0.2707816123918814
volatility,XGBoost,repr_svi,expanding,1,3,0.31399806530406
volatility,XGBoost,repr_svi,expanding,1,4,0.26625031525709536
volatility,XGBoost,repr_svi,expanding,1,5,0.2732174928760163
volatility,XGBoost,repr_svi,expanding,1,6,0.23177204986772793
volatility,XGBoost,repr_svi,expanding,1,7,0.2568165063069925
volatility,XGBoost,repr_svi,expanding,1,8,0.2546567511787023
volatility,XGBoost,repr_svi,expanding,1,9,0.33264927396136146
volatility,XGBoost,repr_svi,expanding,1,10,0.3176333118921913
volatility,XGBoost,repr_svi,expanding,1,11,0.26618539469576435
volatility,XGBoost,repr_svi,expanding,1,12,0.275184087118191
volatility,XGBoost,repr_svi,expanding,1,13,0.2606378529606646
volatility,XGBoost,repr_svi,expanding,1,14,0.29680095718875743
volatility,XGBoost,repr_svi,expanding,1,15,0.24987859220976047
volatility,XGBoost,repr_svi,expanding,1,16,0.31484873345868614
volatility,XGBoost,repr_svi,expanding,1,17,0.3674396182794731
volatility,XGBoost,repr_svi,expanding,1,18,0.31572067285158073
volatility,XGBoost,repr_svi,expanding,1,19,0.31087200458435266
volatility,XGBoost,repr_svi,expanding,1,20,0.29902262116901895
volatility,XGBoost,repr_svi,expanding,1,21,0.2881803770967005
volatility,XGBoost,repr_svi,expanding,1,22,0.25582742597086067
volatility,XGBoost,repr_svi,expanding,1,23,0.25507297546360186
volatility,XGBoost,repr_svi,expanding,1,24,0.25620134919539467
volatility,XGBoost,repr_svi,expanding,1,25,0.26026137344004463
volatility,XGBoost,repr_svi,expanding,1,26,0.28575473068402485
volatility,XGBoost,repr_svi,rolling_9m_3m,1,0,0.2556587613513331
volatility,XGBoost,repr_svi,rolling_9m_3m,1,1,0.290728483240082
volatility,XGBoost,repr_svi,rolling_9m_3m,1,2,0.3049484413795706
volatility,XGBoost,repr_svi,rolling_9m_3m,1,3,0.277647764507768
volatility,XGBoost,repr_svi,rolling_9m_3m,1,4,0.264749176856713
volatility,XGBoost,repr_svi,rolling_9m_3m,1,5,0.23775317756032746
volatility,XGBoost,repr_svi,rolling_9m_3m,1,6,0.21920162104931465
volatility,XGBoost,repr_svi,rolling_9m_3m,1,7,0.25622720166369123
volatility,XGBoost,repr_svi,rolling_9m_3m,1,8,0.3112120037369018
volatility,XGBoost,repr_svi,rolling_9m_3m,1,9,0.25872823046802995
volatility,XGBoost,repr_svi,rolling_9m_3m,1,10,0.26943455330470967
volatility,XGBoost,repr_svi,rolling_9m_3m,1,11,0.22370384213049935
volatility,XGBoost,repr_svi,rolling_9m_3m,1,12,0.25807971595949847
volatility,XGBoost,repr_svi,rolling_9m_3m,1,13,0.22159488850508652
volatility,XGBoost,repr_svi,rolling_9m_3m,1,14,0.30766614946415716
volatility,XGBoost,repr_svi,rolling_9m_3m,1,15,0.30502500383750686
volatility,XGBoost,repr_svi,rolling_9m_3m,1,16,0.2709267943738941
volatility,XGBoost,repr_svi,rolling_9m_3m,1,17,0.27380998195634065
volatility,XGBoost,repr_svi,rolling_9m_3m,1,18,0.24347422985791545
volatility,XGBoost,repr_svi,rolling_9m_3m,1,19,0.279034103359515
volatility,XGBoost,repr_svi,rolling_9m_3m,1,20,0.24188432894463927
volatility,XGBoost,repr_svi,rolling_9m_3m,1,21,0.3094153576392721
volatility,XGBoost,repr_svi,rolling_9m_3m,1,22,0.3606956615195714
volatility,XGBoost,repr_svi,rolling_9m_3m,1,23,0.28931832580866174
volatility,XGBoost,repr_svi,rolling_9m_3m,1,24,0.2989319243289623
volatility,XGBoost,repr_svi,rolling_9m_3m,1,25,0.25789014437698154
volatility,XGBoost,repr_svi,rolling_9m_3m,1,26,0.2745580634641888
volatility,XGBoost,repr_svi,rolling_9m_3m,1,27,0.23668447797327904
volatility,XGBoost,repr_svi,rolling_9m_3m,1,28,0.23949132282503302
volatility,XGBoost,repr_svi,rolling_9m_3m,1,29,0.24720919205488762
volatility,XGBoost,repr_svi,rolling_9m_3m,1,30,0.25793184354768967
volatility,XGBoost,repr_svi,rolling_9m_3m,1,31,0.2727766191141989
volatility,ElasticNet,repr_grid,expanding,1,0,0.24969690616205867
volatility,ElasticNet,repr_grid,expanding,1,1,0.2800165823849123
volatility,ElasticNet,repr_grid,expanding,1,2,0.2734809624334812
volatility,ElasticNet,repr_grid,expanding,1,3,0.32882415387226727
volatility,ElasticNet,repr_grid,expanding,1,4,0.29611992061754894
volatility,ElasticNet,repr_grid,expanding,1,5,0.2768687297920999
volatility,ElasticNet,repr_grid,expanding,1,6,0.2611258969105561
volatility,ElasticNet,repr_grid,expanding,1,7,0.27093055279114325
volatility,ElasticNet,repr_grid,expanding,1,8,0.28615318315319893
volatility,ElasticNet,repr_grid,expanding,1,9,0.3651961533106223
volatility,ElasticNet,repr_grid,expanding,1,10,0.3370270784626389
volatility,ElasticNet,repr_grid,expanding,1,11,0.28439722611965496
volatility,ElasticNet,repr_grid,expanding,1,12,0.29944097056922764
volatility,ElasticNet,repr_grid,expanding,1,13,0.278990344752843
volatility,ElasticNet,repr_grid,expanding,1,14,0.31098277367703653
volatility,ElasticNet,repr_grid,expanding,1,15,0.26561872542682385
volatility,ElasticNet,repr_grid,expanding,1,16,0.3181508308543858
volatility,ElasticNet,repr_grid,expanding,1,17,0.36301927383564886
volatility,ElasticNet,repr_grid,expanding,1,18,0.32446806831742875
volatility,ElasticNet,repr_grid,expanding,1,19,0.3221948893032784
volatility,ElasticNet,repr_grid,expanding,1,20,0.31451806432323587
volatility,ElasticNet,repr_grid,expanding,1,21,0.2875878520703775
volatility,ElasticNet,repr_grid,expanding,1,22,0.2493068588403763
volatility,ElasticNet,repr_grid,expanding,1,23,0.2533228145387813
volatility,ElasticNet,repr_grid,expanding,1,24,0.2634094437656107
volatility,ElasticNet,repr_grid,expanding,1,25,0.2590277326247608
volatility,ElasticNet,repr_grid,expanding,1,26,0.29252367742824636
volatility,ElasticNet,repr_grid,rolling_9m_3m,1,0,0.25789938064449797
volatility,ElasticNet,repr_grid,rolling_9m_3m,1,1,0.30654025574934735
volatility,ElasticNet,repr_grid,rolling_9m_3m,1,2,0.3150247880694864
volatility,ElasticNet,repr_grid,rolling_9m_3m,1,3,0.28687980626358633
volatility,ElasticNet,repr_grid,rolling_9m_3m,1,4,0.2743445034030474
volatility,ElasticNet,repr_grid,rolling_9m_3m,1,5,0.24959797967110986
volatility,ElasticNet,repr_grid,rolling_9m_3m,1,6,0.2765585795358664
volatility,ElasticNet,repr_grid,rolling_9m_3m,1,7,0.26692226122908397
volatility,ElasticNet,repr_grid,rolling_9m_3m,1,8,0.3310574167952463
volatility,ElasticNet,repr_grid,rolling_9m_3m,1,9,0.28333149492744497
volatility,ElasticNet,repr_grid,rolling_9m_3m,1,10,0.2710973745748041
volatility,ElasticNet,repr_grid,rolling_9m_3m,1,11,0.255304186736065
volatility,ElasticNet,repr_grid,rolling_9m_3m,1,12,0.2668399482543902
volatility,ElasticNet,repr_grid,rolling_9m_3m,1,13,0.29165013775150767
volatility,ElasticNet,repr_grid,rolling_9m_3m,1,14,0.3480220821880778
volatility,ElasticNet,repr_grid,rolling_9m_3m,1,15,0.3294793420482813
volatility,ElasticNet,repr_grid,rolling_9m_3m,1,16,0.2878566561273271
volatility,ElasticNet,repr_grid,rolling_9m_3m,1,17,0.2878960105635527
volatility,ElasticNet,repr_grid,rolling_9m_3m,1,18,0.2680176720357295
volatility,ElasticNet,repr_grid,rolling_9m_3m,1,19,0.30684212771601416
volatility,ElasticNet,repr_grid,rolling_9m_3m,1,20,0.26486987908573406
volatility,ElasticNet,repr_grid,rolling_9m_3m,1,21,0.31405321892047855
volatility,ElasticNet,repr_grid,rolling_9m_3m,1,22,0.3616830570185739
volatility,ElasticNet,repr_grid,rolling_9m_3m,1,23,0.3128955482227505
volatility,ElasticNet,repr_grid,rolling_9m_3m,1,24,0.31197919242643685
volatility,ElasticNet,repr_grid,rolling_9m_3m,1,25,0.3104707439266331
volatility,ElasticNet,repr_grid,rolling_9m_3m,1,26,0.2853930662737864
volatility,ElasticNet,repr_grid,rolling_9m_3m,1,27,0.24966633531314814
volatility,ElasticNet,repr_grid,rolling_9m_3m,1,28,0.2534264317857747
volatility,ElasticNet,repr_grid,rolling_9m_3m,1,29,0.2650297541131323
volatility,ElasticNet,repr_grid,rolling_9m_3m,1,30,0.2606308135306804
volatility,ElasticNet,repr_grid,rolling_9m_3m,1,31,0.283168207178722
volatility,OLS,repr_grid,expanding,1,0,0.2416334255320309
volatility,OLS,repr_grid,expanding,1,1,0.2769211095121153
volatility,OLS,repr_grid,expanding,1,2,0.27110295893331066
volatility,OLS,repr_grid,expanding,1,3,0.3196670605319541
volatility,OLS,repr_grid,expanding,1,4,0.2968609702639635
volatility,OLS,repr_grid,expanding,1,5,0.2750830600290198
volatility,OLS,repr_grid,expanding,1,6,0.2608969193985778
volatility,OLS,repr_grid,expanding,1,7,0.2703837721216065
volatility,OLS,repr_grid,expanding,1,8,0.28344399983608687
volatility,OLS,repr_grid,expanding,1,9,0.3544464363140298
volatility,OLS,repr_grid,expanding,1,10,0.3339280742638417
volatility,OLS,repr_grid,expanding,1,11,0.28838638461759053
volatility,OLS,repr_grid,expanding,1,12,0.3000586163995752
volatility,OLS,repr_grid,expanding,1,13,0.28389652158538947
volatility,OLS,repr_grid,expanding,1,14,0.313337161053569
volatility,OLS,repr_grid,expanding,1,15,0.2661617955700806
volatility,OLS,repr_grid,expanding,1,16,0.31603939680269333
volatility,OLS,repr_grid,expanding,1,17,0.36209846983380517
volatility,OLS,repr_grid,expanding,1,18,0.3216469295618024
volatility,OLS,repr_grid,expanding,1,19,0.32062625963093505
volatility,OLS,repr_grid,expanding,1,20,0.3164963224929192
volatility,OLS,repr_grid,expanding,1,21,0.28693374941290717
volatility,OLS,repr_grid,expanding,1,22,0.25066043365010837
volatility,OLS,repr_grid,expanding,1,23,0.25527350700685036
volatility,OLS,repr_grid,expanding,1,24,0.2646509120982865
volatility,OLS,repr_grid,expanding,1,25,0.2613511299083357
volatility,OLS,repr_grid,expanding,1,26,0.29264015200094856
volatility,OLS,repr_grid,rolling_9m_3m,1,0,0.257360964316968
volatility,OLS,repr_grid,rolling_9m_3m,1,1,0.3083452181568668
volatility,OLS,repr_grid,rolling_9m_3m,1,2,0.30345631137290896
volatility,OLS,repr_grid,rolling_9m_3m,1,3,0.2611254255428505
volatility,OLS,repr_grid,rolling_9m_3m,1,4,0.2651277721367295
volatility,OLS,repr_grid,rolling_9m_3m,1,5,0.22798689228837174
volatility,OLS,repr_grid,rolling_9m_3m,1,6,0.26847382762820654
volatility,OLS,repr_grid,rolling_9m_3m,1,7,0.266823974195531
volatility,OLS,repr_grid,rolling_9m_3m,1,8,0.30888050556762386
volatility,OLS,repr_grid,rolling_9m_3m,1,9,0.2739014172252971
volatility,OLS,repr_grid,rolling_9m_3m,1,10,0.25803022452404384
volatility,OLS,repr_grid,rolling_9m_3m,1,11,0.24662249491681326
volatility,OLS,repr_grid,rolling_9m_3m,1,12,0.2571332708224917
volatility,OLS,repr_grid,rolling_9m_3m,1,13,0.21184085181910797
volatility,OLS,repr_grid,rolling_9m_3m,1,14,0.329835272155093
volatility,OLS,repr_grid,rolling_9m_3m,1,15,0.3241027066797682
volatility,OLS,repr_grid,rolling_9m_3m,1,16,0.28494249584915776
volatility,OLS,repr_grid,rolling_9m_3m,1,17,0.2827263487990372
volatility,OLS,repr_grid,rolling_9m_3m,1,18,0.2635610952138925
volatility,OLS,repr_grid,rolling_9m_3m,1,19,0.30157343035547673
volatility,OLS,repr_grid,rolling_9m_3m,1,20,0.25955136498702397
volatility,OLS,repr_grid,rolling_9m_3m,1,21,0.3099224729125144
volatility,OLS,repr_grid,rolling_9m_3m,1,22,0.35398562326699146
volatility,OLS,repr_grid,rolling_9m_3m,1,23,0.30183347340764555
volatility,OLS,repr_grid,rolling_9m_3m,1,24,0.3092407477759675
volatility,OLS,repr_grid,rolling_9m_3m,1,25,0.30056564483581727
volatility,OLS,repr_grid,rolling_9m_3m,1,26,0.27110222107035614
volatility,OLS,repr_grid,rolling_9m_3m,1,27,0.2387004814736002
volatility,OLS,repr_grid,rolling_9m_3m,1,28,0.2323527207505518
volatility,OLS,repr_grid,rolling_9m_3m,1,29,0.2576315885710298
volatility,OLS,repr_grid,rolling_9m_3m,1,30,0.24928474141351492
volatility,OLS,repr_grid,rolling_9m_3m,1,31,0.271415826723428
volatility,XGBoost,repr_grid,expanding,1,0,0.24986341590335945
volatility,XGBoost,repr_grid,expanding,1,1,0.27091731894575377
volatility,XGBoost,repr_grid,expanding,1,2,0.2734769285933469
volatility,XGBoost,repr_grid,expanding,1,3,0.319395064301707
volatility,XGBoost,repr_grid,expanding,1,4,0.2770097159810617
volatility,XGBoost,repr_grid,expanding,1,5,0.2757761328200317
volatility,XGBoost,repr_grid,expanding,1,6,0.25668034536653084
volatility,XGBoost,repr_grid,expanding,1,7,0.2665742962159652
volatility,XGBoost,repr_grid,expanding,1,8,0.28053089663149394
volatility,XGBoost,repr_grid,expanding,1,9,0.35316366340727134
volatility,XGBoost,repr_grid,expanding,1,10,0.33269847461598767
volatility,XGBoost,repr_grid,expanding,1,11,0.2771467595007076
volatility,XGBoost,repr_grid,expanding,1,12,0.2930951039308319
volatility,XGBoost,repr_grid,expanding,1,13,0.2742699712716674
volatility,XGBoost,repr_grid,expanding,1,14,0.2973958971803066
volatility,XGBoost,repr_grid,expanding,1,15,0.25890316931958635
volatility,XGBoost,repr_grid,expanding,1,16,0.3124741364282238
volatility,XGBoost,repr_grid,expanding,1,17,0.36301370203185357
volatility,XGBoost,repr_grid,expanding,1,18,0.32450002998518557
volatility,XGBoost,repr_grid,expanding,1,19,0.31158412187424533
volatility,XGBoost,repr_grid,expanding,1,20,0.3124705368250334
volatility,XGBoost,repr_grid,expanding,1,21,0.2881660769414475
volatility,XGBoost,repr_grid,expanding,1,22,0.2526818990288951
volatility,XGBoost,repr_grid,expanding,1,23,0.2541293287448701
volatility,XGBoost,repr_grid,expanding,1,24,0.26252526878206084
volatility,XGBoost,repr_grid,expanding,1,25,0.25975143031581915
volatility,XGBoost,repr_grid,expanding,1,26,0.2970567229945004
volatility,XGBoost,repr_grid,rolling_9m_3m,1,0,0.2539309384920464
volatility,XGBoost,repr_grid,rolling_9m_3m,1,1,0.28854393409605
volatility,XGBoost,repr_grid,rolling_9m_3m,1,2,0.3079583273262223
volatility,XGBoost,repr_grid,rolling_9m_3m,1,3,0.2820483601277376
volatility,XGBoost,repr_grid,rolling_9m_3m,1,4,0.2630946861520603
volatility,XGBoost,repr_grid,rolling_9m_3m,1,5,0.21387922783638116
volatility,XGBoost,repr_grid,rolling_9m_3m,1,6,0.2746127322245826
volatility,XGBoost,repr_grid,rolling_9m_3m,1,7,0.27243712200563114
volatility,XGBoost,repr_grid,rolling_9m_3m,1,8,0.31234356418371834
volatility,XGBoost,repr_grid,rolling_9m_3m,1,9,0.26800156060194713
volatility,XGBoost,repr_grid,rolling_9m_3m,1,10,0.2761098044549848
volatility,XGBoost,repr_grid,rolling_9m_3m,1,11,0.2604246443927708
volatility,XGBoost,repr_grid,rolling_9m_3m,1,12,0.26071851620724756
volatility,XGBoost,repr_grid,rolling_9m_3m,1,13,0.27491211976661806
volatility,XGBoost,repr_grid,rolling_9m_3m,1,14,0.30431983754035996
volatility,XGBoost,repr_grid,rolling_9m_3m,1,15,0.3135120974811117
volatility,XGBoost,repr_grid,rolling_9m_3m,1,16,0.2762343339104244
volatility,XGBoost,repr_grid,rolling_9m_3m,1,17,0.2737421590573785
volatility,XGBoost,repr_grid,rolling_9m_3m,1,18,0.2548694963867099
volatility,XGBoost,repr_grid,rolling_9m_3m,1,19,0.2862135731815399
volatility,XGBoost,repr_grid,rolling_9m_3m,1,20,0.2581026265427611
volatility,XGBoost,repr_grid,rolling_9m_3m,1,21,0.3115529384466472
volatility,XGBoost,repr_grid,rolling_9m_3m,1,22,0.35705251285014866
volatility,XGBoost,repr_grid,rolling_9m_3m,1,23,0.3129020299550864
volatility,XGBoost,repr_grid,rolling_9m_3m,1,24,0.30508830790821
volatility,XGBoost,repr_grid,rolling_9m_3m,1,25,0.28307286959697375
volatility,XGBoost,repr_grid,rolling_9m_3m,1,26,0.2619950405761592
volatility,XGBoost,repr_grid,rolling_9m_3m,1,27,0.24291356079254414
volatility,XGBoost,repr_grid,rolling_9m_3m,1,28,0.2539083833062211
volatility,XGBoost,repr_grid,rolling_9m_3m,1,29,0.25355351710653834
volatility,XGBoost,repr_grid,rolling_9m_3m,1,30,0.25757159330387686
volatility,XGBoost,repr_grid,rolling_9m_3m,1,31,0.2727097181239889
volatility,ElasticNet,repr_grid_raw,expanding,1,0,0.2444238375710378
volatility,ElasticNet,repr_grid_raw,expanding,1,1,0.27804236165533347
volatility,ElasticNet,repr_grid_raw,expanding,1,2,0.2738368146891965
volatility,ElasticNet,repr_grid_raw,expanding,1,3,0.3275129118100065
volatility,ElasticNet,repr_grid_raw,expanding,1,4,0.2989357432644835
volatility,ElasticNet,repr_grid_raw,expanding,1,5,0.2786082010948842
volatility,ElasticNet,repr_grid_raw,expanding,1,6,0.2632410955794825
volatility,ElasticNet,repr_grid_raw,expanding,1,7,0.27220272931570255
volatility,ElasticNet,repr_grid_raw,expanding,1,8,0.3014839748099577
volatility,ElasticNet,repr_grid_raw,expanding,1,9,0.3676940744316195
volatility,ElasticNet,repr_grid_raw,expanding,1,10,0.33620181601080623
volatility,ElasticNet,repr_grid_raw,expanding,1,11,0.2884925146682177
volatility,ElasticNet,repr_grid_raw,expanding,1,12,0.29531167631588034
volatility,ElasticNet,repr_grid_raw,expanding,1,13,0.27894257090633734
volatility,ElasticNet,repr_grid_raw,expanding,1,14,0.3091284429422035
volatility,ElasticNet,repr_grid_raw,expanding,1,15,0.2621345568534064
volatility,ElasticNet,repr_grid_raw,expanding,1,16,0.31929927065113933
volatility,ElasticNet,repr_grid_raw,expanding,1,17,0.3659918336099755
volatility,ElasticNet,repr_grid_raw,expanding,1,18,0.32273553903710844
volatility,ElasticNet,repr_grid_raw,expanding,1,19,0.32030152875451695
volatility,ElasticNet,repr_grid_raw,expanding,1,20,0.31455434113196984
volatility,ElasticNet,repr_grid_raw,expanding,1,21,0.28532128975400894
volatility,ElasticNet,repr_grid_raw,expanding,1,22,0.24575800077775933
volatility,ElasticNet,repr_grid_raw,expanding,1,23,0.25296951000829804
volatility,ElasticNet,repr_grid_raw,expanding,1,24,0.263580645857549
volatility,ElasticNet,repr_grid_raw,expanding,1,25,0.26087599994261135
volatility,ElasticNet,repr_grid_raw,expanding,1,26,0.2889035294879394
volatility,ElasticNet,repr_grid_raw,rolling_9m_3m,1,0,0.2566354914625067
volatility,ElasticNet,repr_grid_raw,rolling_9m_3m,1,1,0.30350533581846445
volatility,ElasticNet,repr_grid_raw,rolling_9m_3m,1,2,0.31671371468703224
volatility,ElasticNet,repr_grid_raw,rolling_9m_3m,1,3,0.2826296681678754
volatility,ElasticNet,repr_grid_raw,rolling_9m_3m,1,4,0.2695892162035147
volatility,ElasticNet,repr_grid_raw,rolling_9m_3m,1,5,0.2395385280414035
volatility,ElasticNet,repr_grid_raw,rolling_9m_3m,1,6,0.27438891547969424
volatility,ElasticNet,repr_grid_raw,rolling_9m_3m,1,7,0.26587366477356805
volatility,ElasticNet,repr_grid_raw,rolling_9m_3m,1,8,0.328825701213008
volatility,ElasticNet,repr_grid_raw,rolling_9m_3m,1,9,0.28391503686235514
volatility,ElasticNet,repr_grid_raw,rolling_9m_3m,1,10,0.2726659532659821
volatility,ElasticNet,repr_grid_raw,rolling_9m_3m,1,11,0.2581989320318485
volatility,ElasticNet,repr_grid_raw,rolling_9m_3m,1,12,0.2731136232347744
volatility,ElasticNet,repr_grid_raw,rolling_9m_3m,1,13,0.29993408894464435
volatility,ElasticNet,repr_grid_raw,rolling_9m_3m,1,14,0.3573138337165731
volatility,ElasticNet,repr_grid_raw,rolling_9m_3m,1,15,0.3268358570383669
volatility,ElasticNet,repr_grid_raw,rolling_9m_3m,1,16,0.2914196838936676
volatility,ElasticNet,repr_grid_raw,rolling_9m_3m,1,17,0.28894697564361266
volatility,ElasticNet,repr_grid_raw,rolling_9m_3m,1,18,0.26709392360645823
volatility,ElasticNet,repr_grid_raw,rolling_9m_3m,1,19,0.3057710543840645
volatility,ElasticNet,repr_grid_raw,rolling_9m_3m,1,20,0.2601583041157092
volatility,ElasticNet,repr_grid_raw,rolling_9m_3m,1,21,0.318245256787843
volatility,ElasticNet,repr_grid_raw,rolling_9m_3m,1,22,0.3671371115748983
volatility,ElasticNet,repr_grid_raw,rolling_9m_3m,1,23,0.31551452531780527
volatility,ElasticNet,repr_grid_raw,rolling_9m_3m,1,24,0.3095570408795497
volatility,ElasticNet,repr_grid_raw,rolling_9m_3m,1,25,0.3095672456457182
volatility,ElasticNet,repr_grid_raw,rolling_9m_3m,1,26,0.28433516688922994
volatility,ElasticNet,repr_grid_raw,rolling_9m_3m,1,27,0.243732515627033
volatility,ElasticNet,repr_grid_raw,rolling_9m_3m,1,28,0.2543779857478373
volatility,ElasticNet,repr_grid_raw,rolling_9m_3m,1,29,0.26540780388959145
volatility,ElasticNet,repr_grid_raw,rolling_9m_3m,1,30,0.26047857398002455
volatility,ElasticNet,repr_grid_raw,rolling_9m_3m,1,31,0.281402527440784
volatility,OLS,repr_grid_raw,expanding,1,0,0.2379118892606272
volatility,OLS,repr_grid_raw,expanding,1,1,0.27527108504210507
volatility,OLS,repr_grid_raw,expanding,1,2,0.27218394253669914
volatility,OLS,repr_grid_raw,expanding,1,3,0.3268237834291315
volatility,OLS,repr_grid_raw,expanding,1,4,0.3027578178618971
volatility,OLS,repr_grid_raw,expanding,1,5,0.2765295622928202
volatility,OLS,repr_grid_raw,expanding,1,6,0.26788044362074276
volatility,OLS,repr_grid_raw,expanding,1,7,0.27484468700499315
volatility,OLS,repr_grid_raw,expanding,1,8,0.30196898912490927
volatility,OLS,repr_grid_raw,expanding,1,9,0.36725065606299656
volatility,OLS,repr_grid_raw,expanding,1,10,0.33722466818221547
volatility,OLS,repr_grid_raw,expanding,1,11,0.2912524575484375
volatility,OLS,repr_grid_raw,expanding,1,12,0.2967504387631078
volatility,OLS,repr_grid_raw,expanding,1,13,0.2831471823990403
volatility,OLS,repr_grid_raw,expanding,1,14,0.3124374195280792
volatility,OLS,repr_grid_raw,expanding,1,15,0.26387153127253177
volatility,OLS,repr_grid_raw,expanding,1,16,0.31684711725252207
volatility,OLS,repr_grid_raw,expanding,1,17,0.3655486999627351
volatility,OLS,repr_grid_raw,expanding,1,18,0.3218587395515492
volatility,OLS,repr_grid_raw,expanding,1,19,0.31989270039527296
volatility,OLS,repr_grid_raw,expanding,1,20,0.3158699052742985
volatility,OLS,repr_grid_raw,expanding,1,21,0.2862413073087104
volatility,OLS,repr_grid_raw,expanding,1,22,0.246749752740993
volatility,OLS,repr_grid_raw,expanding,1,23,0.2540633283571998
volatility,OLS,repr_grid_raw,expanding,1,24,0.26838236784023656
volatility,OLS,repr_grid_raw,expanding,1,25,0.2625512506179878
volatility,OLS,repr_grid_raw,expanding,1,26,0.2891520684513548
volatility,OLS,repr_grid_raw,rolling_9m_3m,1,0,0.2547295882032671
volatility,OLS,repr_grid_raw,rolling_9m_3m,1,1,0.3017488292655261
volatility,OLS,repr_grid_raw,rolling_9m_3m,1,2,0.313846174891809
volatility,OLS,repr_grid_raw,rolling_9m_3m,1,3,0.27363800209509404
volatility,OLS,repr_grid_raw,rolling_9m_3m,1,4,0.2668875606687069
volatility,OLS,repr_grid_raw,rolling_9m_3m,1,5,0.2268830168003613
volatility,OLS,repr_grid_raw,rolling_9m_3m,1,6,0.26252684937069715
volatility,OLS,repr_grid_raw,rolling_9m_3m,1,7,0.2639258859965701
volatility,OLS,repr_grid_raw,rolling_9m_3m,1,8,0.317692166006211
volatility,OLS,repr_grid_raw,rolling_9m_3m,1,9,0.2771366141564112
volatility,OLS,repr_grid_raw,rolling_9m_3m,1,10,0.25102793165192444
volatility,OLS,repr_grid_raw,rolling_9m_3m,1,11,0.25354110375466793
volatility,OLS,repr_grid_raw,rolling_9m_3m,1,12,0.26424770687431337
volatility,OLS,repr_grid_raw,rolling_9m_3m,1,13,0.21882475739141913
volatility,OLS,repr_grid_raw,rolling_9m_3m,1,14,0.3547340977521724
volatility,OLS,repr_grid_raw,rolling_9m_3m,1,15,0.3232831917522639
volatility,OLS,repr_grid_raw,rolling_9m_3m,1,16,0.2903756488971559
volatility,OLS,repr_grid_raw,rolling_9m_3m,1,17,0.28457343774784694
volatility,OLS,repr_grid_raw,rolling_9m_3m,1,18,0.2590058146457326
volatility,OLS,repr_grid_raw,rolling_9m_3m,1,19,0.30459870559408675
volatility,OLS,repr_grid_raw,rolling_9m_3m,1,20,0.2557472858510826
volatility,OLS,repr_grid_raw,rolling_9m_3m,1,21,0.3133760673271459
volatility,OLS,repr_grid_raw,rolling_9m_3m,1,22,0.364387051336493
volatility,OLS,repr_grid_raw,rolling_9m_3m,1,23,0.3012069699236506
volatility,OLS,repr_grid_raw,rolling_9m_3m,1,24,0.3127832476712215
volatility,OLS,repr_grid_raw,rolling_9m_3m,1,25,0.3034868517586261
volatility,OLS,repr_grid_raw,rolling_9m_3m,1,26,0.27522064147979436
volatility,OLS,repr_grid_raw,rolling_9m_3m,1,27,0.23862918800458457
volatility,OLS,repr_grid_raw,rolling_9m_3m,1,28,0.24073837278052124
volatility,OLS,repr_grid_raw,rolling_9m_3m,1,29,0.2625140969273655
volatility,OLS,repr_grid_raw,rolling_9m_3m,1,30,0.24785695696593452
volatility,OLS,repr_grid_raw,rolling_9m_3m,1,31,0.2695362556573613
volatility,XGBoost,repr_grid_raw,expanding,1,0,0.24801312316025625
volatility,XGBoost,repr_grid_raw,expanding,1,1,0.2712016537014516
volatility,XGBoost,repr_grid_raw,expanding,1,2,0.2721998042276315
volatility,XGBoost,repr_grid_raw,expanding,1,3,0.31538120628869326
volatility,XGBoost,repr_grid_raw,expanding,1,4,0.28317835087944904
volatility,XGBoost,repr_grid_raw,expanding,1,5,0.27592601523928956
volatility,XGBoost,repr_grid_raw,expanding,1,6,0.2589356049971628
volatility,XGBoost,repr_grid_raw,expanding,1,7,0.271299299416023
volatility,XGBoost,repr_grid_raw,expanding,1,8,0.2812868192368583
volatility,XGBoost,repr_grid_raw,expanding,1,9,0.35980021601343465
volatility,XGBoost,repr_grid_raw,expanding,1,10,0.3347528303275136
volatility,XGBoost,repr_grid_raw,expanding,1,11,0.2797933510440548
volatility,XGBoost,repr_grid_raw,expanding,1,12,0.29558869929889553
volatility,XGBoost,repr_grid_raw,expanding,1,13,0.27371105840361276
volatility,XGBoost,repr_grid_raw,expanding,1,14,0.2954253627361459
volatility,XGBoost,repr_grid_raw,expanding,1,15,0.2550667083463335
volatility,XGBoost,repr_grid_raw,expanding,1,16,0.3187266740422427
volatility,XGBoost,repr_grid_raw,expanding,1,17,0.3670964597210034
volatility,XGBoost,repr_grid_raw,expanding,1,18,0.32795523056472065
volatility,XGBoost,repr_grid_raw,expanding,1,19,0.31285029809604814
volatility,XGBoost,repr_grid_raw,expanding,1,20,0.3140256714362059
volatility,XGBoost,repr_grid_raw,expanding,1,21,0.2849207063742142
volatility,XGBoost,repr_grid_raw,expanding,1,22,0.24930425803476186
volatility,XGBoost,repr_grid_raw,expanding,1,23,0.24676151414212866
volatility,XGBoost,repr_grid_raw,expanding,1,24,0.26426291187565054
volatility,XGBoost,repr_grid_raw,expanding,1,25,0.2639178748997365
volatility,XGBoost,repr_grid_raw,expanding,1,26,0.2877346682877643
volatility,XGBoost,repr_grid_raw,rolling_9m_3m,1,0,0.2521846039318525
volatility,XGBoost,repr_grid_raw,rolling_9m_3m,1,1,0.2845806936025186
volatility,XGBoost,repr_grid_raw,rolling_9m_3m,1,2,0.3080221012423767
volatility,XGBoost,repr_grid_raw,rolling_9m_3m,1,3,0.291959338454743
volatility,XGBoost,repr_grid_raw,rolling_9m_3m,1,4,0.27181092162900006
volatility,XGBoost,repr_grid_raw,rolling_9m_3m,1,5,0.2269171253174717
volatility,XGBoost,repr_grid_raw,rolling_9m_3m,1,6,0.26970824275161986
volatility,XGBoost,repr_grid_raw,rolling_9m_3m,1,7,0.2693582917461061
volatility,XGBoost,repr_grid_raw,rolling_9m_3m,1,8,0.3193791705050649
volatility,XGBoost,repr_grid_raw,rolling_9m_3m,1,9,0.2740136410856404
volatility,XGBoost,repr_grid_raw,rolling_9m_3m,1,10,0.2663249479193553
volatility,XGBoost,repr_grid_raw,rolling_9m_3m,1,11,0.25638083571740733
volatility,XGBoost,repr_grid_raw,rolling_9m_3m,1,12,0.26550696303272775
volatility,XGBoost,repr_grid_raw,rolling_9m_3m,1,13,0.2638887333307772
volatility,XGBoost,repr_grid_raw,rolling_9m_3m,1,14,0.3321264123449936
volatility,XGBoost,repr_grid_raw,rolling_9m_3m,1,15,0.3208485378043139
volatility,XGBoost,repr_grid_raw,rolling_9m_3m,1,16,0.2709248472952192
volatility,XGBoost,repr_grid_raw,rolling_9m_3m,1,17,0.2782527745224879
volatility,XGBoost,repr_grid_raw,rolling_9m_3m,1,18,0.25699295798426497
volatility,XGBoost,repr_grid_raw,rolling_9m_3m,1,19,0.2891904465273392
volatility,XGBoost,repr_grid_raw,rolling_9m_3m,1,20,0.24916844211668793
volatility,XGBoost,repr_grid_raw,rolling_9m_3m,1,21,0.30218330657612463
volatility,XGBoost,repr_grid_raw,rolling_9m_3m,1,22,0.36329440118119716
volatility,XGBoost,repr_grid_raw,rolling_9m_3m,1,23,0.319130382543526
volatility,XGBoost,repr_grid_raw,rolling_9m_3m,1,24,0.30849905339311123
volatility,XGBoost,repr_grid_raw,rolling_9m_3m,1,25,0.2839790532758751
volatility,XGBoost,repr_grid_raw,rolling_9m_3m,1,26,0.26114300652347283
volatility,XGBoost,repr_grid_raw,rolling_9m_3m,1,27,0.2437882342566362
volatility,XGBoost,repr_grid_raw,rolling_9m_3m,1,28,0.25402242417417975
volatility,XGBoost,repr_grid_raw,rolling_9m_3m,1,29,0.25955895886544483
volatility,XGBoost,repr_grid_raw,rolling_9m_3m,1,30,0.2545762995803916
volatility,XGBoost,repr_grid_raw,rolling_9m_3m,1,31,0.2773088620636276
volatility,ElasticNet,repr_bkm,expanding,1,0,0.2330898667648743
volatility,ElasticNet,repr_bkm,expanding,1,1,0.25446611442039563
volatility,ElasticNet,repr_bkm,expanding,1,2,0.27115439215375503
volatility,ElasticNet,repr_bkm,expanding,1,3,0.31664508312126033
volatility,ElasticNet,repr_bkm,expanding,1,4,0.3059483772460255
volatility,ElasticNet,repr_bkm,expanding,1,5,0.267358864819439
volatility,ElasticNet,repr_bkm,expanding,1,6,0.2538771697696739
volatility,ElasticNet,repr_bkm,expanding,1,7,0.28159809049097645
volatility,ElasticNet,repr_bkm,expanding,1,8,0.2812129508768468
volatility,ElasticNet,repr_bkm,expanding,1,9,0.34777492983497355
volatility,ElasticNet,repr_bkm,expanding,1,10,0.31562916371070726
volatility,ElasticNet,repr_bkm,expanding,1,11,0.26768741271976904
volatility,ElasticNet,repr_bkm,expanding,1,12,0.2870765814391239
volatility,ElasticNet,repr_bkm,expanding,1,13,0.2783558414366043
volatility,ElasticNet,repr_bkm,expanding,1,14,0.2945939830519769
volatility,ElasticNet,repr_bkm,expanding,1,15,0.2555368398102273
volatility,ElasticNet,repr_bkm,expanding,1,16,0.3013438683322931
volatility,ElasticNet,repr_bkm,expanding,1,17,0.3459259277649647
volatility,ElasticNet,repr_bkm,expanding,1,18,0.30944560022581374
volatility,ElasticNet,repr_bkm,expanding,1,19,0.310845290991603
volatility,ElasticNet,repr_bkm,expanding,1,20,0.2975176083101181
volatility,ElasticNet,repr_bkm,expanding,1,21,0.2758986366268946
volatility,ElasticNet,repr_bkm,expanding,1,22,0.24355189562952745
volatility,ElasticNet,repr_bkm,expanding,1,23,0.24359198975090376
volatility,ElasticNet,repr_bkm,expanding,1,24,0.24470981148712387
volatility,ElasticNet,repr_bkm,expanding,1,25,0.2602475634200327
volatility,ElasticNet,repr_bkm,expanding,1,26,0.2833200635155598
volatility,ElasticNet,repr_bkm,rolling_9m_3m,1,0,0.2139100156202407
volatility,ElasticNet,repr_bkm,rolling_9m_3m,1,1,0.2669275137684267
volatility,ElasticNet,repr_bkm,rolling_9m_3m,1,2,0.2915857997594725
volatility,ElasticNet,repr_bkm,rolling_9m_3m,1,3,0.2644945162547999
volatility,ElasticNet,repr_bkm,rolling_9m_3m,1,4,0.24107519520907222
volatility,ElasticNet,repr_bkm,rolling_9m_3m,1,5,0.23177314879179975
volatility,ElasticNet,repr_bkm,rolling_9m_3m,1,6,0.24112574596437206
volatility,ElasticNet,repr_bkm,rolling_9m_3m,1,7,0.2626773520769807
volatility,ElasticNet,repr_bkm,rolling_9m_3m,1,8,0.3070376103901312
volatility,ElasticNet,repr_bkm,rolling_9m_3m,1,9,0.2805935348101719
volatility,ElasticNet,repr_bkm,rolling_9m_3m,1,10,0.2607385332545781
volatility,ElasticNet,repr_bkm,rolling_9m_3m,1,11,0.22694429872552985
volatility,ElasticNet,repr_bkm,rolling_9m_3m,1,12,0.2584845447599529
volatility,ElasticNet,repr_bkm,rolling_9m_3m,1,13,0.23884332201982628
volatility,ElasticNet,repr_bkm,rolling_9m_3m,1,14,0.32686586836186554
volatility,ElasticNet,repr_bkm,rolling_9m_3m,1,15,0.30602548656835526
volatility,ElasticNet,repr_bkm,rolling_9m_3m,1,16,0.2780451254073445
volatility,ElasticNet,repr_bkm,rolling_9m_3m,1,17,0.29486209217126574
volatility,ElasticNet,repr_bkm,rolling_9m_3m,1,18,0.24311172582433124
volatility,ElasticNet,repr_bkm,rolling_9m_3m,1,19,0.28348014292643764
volatility,ElasticNet,repr_bkm,rolling_9m_3m,1,20,0.2383277329928141
volatility,ElasticNet,repr_bkm,rolling_9m_3m,1,21,0.29063481837132743
volatility,ElasticNet,repr_bkm,rolling_9m_3m,1,22,0.3384816852115514
volatility,ElasticNet,repr_bkm,rolling_9m_3m,1,23,0.2883962302948234
volatility,ElasticNet,repr_bkm,rolling_9m_3m,1,24,0.2883707549544403
volatility,ElasticNet,repr_bkm,rolling_9m_3m,1,25,0.27748656823192613
volatility,ElasticNet,repr_bkm,rolling_9m_3m,1,26,0.26132227542288927
volatility,ElasticNet,repr_bkm,rolling_9m_3m,1,27,0.2338533386186545
volatility,ElasticNet,repr_bkm,rolling_9m_3m,1,28,0.2306561795912786
volatility,ElasticNet,repr_bkm,rolling_9m_3m,1,29,0.21685992764802384
volatility,ElasticNet,repr_bkm,rolling_9m_3m,1,30,0.25051982920293236
volatility,ElasticNet,repr_bkm,rolling_9m_3m,1,31,0.2515348532438506
volatility,OLS,repr_bkm,expanding,1,0,0.23720468650035112
volatility,OLS,repr_bkm,expanding,1,1,0.2519503890184805
volatility,OLS,repr_bkm,expanding,1,2,0.26628977041888946
volatility,OLS,repr_bkm,expanding,1,3,0.3147455797061144
volatility,OLS,repr_bkm,expanding,1,4,0.30682954994164263
volatility,OLS,repr_bkm,expanding,1,5,0.26889454132489893
volatility,OLS,repr_bkm,expanding,1,6,0.2605142456709122
volatility,OLS,repr_bkm,expanding,1,7,0.27327273250811807
volatility,OLS,repr_bkm,expanding,1,8,0.28135992156937073
volatility,OLS,repr_bkm,expanding,1,9,0.34422585763663194
volatility,OLS,repr_bkm,expanding,1,10,0.32214153985691757
volatility,OLS,repr_bkm,expanding,1,11,0.2658821908801196
volatility,OLS,repr_bkm,expanding,1,12,0.2905880707422284
volatility,OLS,repr_bkm,expanding,1,13,0.28113945080321606
volatility,OLS,repr_bkm,expanding,1,14,0.29264898007258516
volatility,OLS,repr_bkm,expanding,1,15,0.2604705264822133
volatility,OLS,repr_bkm,expanding,1,16,0.3053506934709693
volatility,OLS,repr_bkm,expanding,1,17,0.34262654160695544
volatility,OLS,repr_bkm,expanding,1,18,0.3100848982495346
volatility,OLS,repr_bkm,expanding,1,19,0.30832955073028756
volatility,OLS,repr_bkm,expanding,1,20,0.2917584590662007
volatility,OLS,repr_bkm,expanding,1,21,0.2763903136985006
volatility,OLS,repr_bkm,expanding,1,22,0.24110815581170894
volatility,OLS,repr_bkm,expanding,1,23,0.24427564835520932
volatility,OLS,repr_bkm,expanding,1,24,0.24454193535610305
volatility,OLS,repr_bkm,expanding,1,25,0.25361614144935185
volatility,OLS,repr_bkm,expanding,1,26,0.2861531515849453
volatility,OLS,repr_bkm,rolling_9m_3m,1,0,0.24489639629580962
volatility,OLS,repr_bkm,rolling_9m_3m,1,1,0.29895291810398117
volatility,OLS,repr_bkm,rolling_9m_3m,1,2,0.30197328411614266
volatility,OLS,repr_bkm,rolling_9m_3m,1,3,0.2565888434384506
volatility,OLS,repr_bkm,rolling_9m_3m,1,4,0.2554073003808346
volatility,OLS,repr_bkm,rolling_9m_3m,1,5,0.23143878010026578
volatility,OLS,repr_bkm,rolling_9m_3m,1,6,0.2510658943283356
volatility,OLS,repr_bkm,rolling_9m_3m,1,7,0.2687212495990266
volatility,OLS,repr_bkm,rolling_9m_3m,1,8,0.3108967289279787
volatility,OLS,repr_bkm,rolling_9m_3m,1,9,0.2828048957479096
volatility,OLS,repr_bkm,rolling_9m_3m,1,10,0.24756104203423865
volatility,OLS,repr_bkm,rolling_9m_3m,1,11,0.2547105305282608
volatility,OLS,repr_bkm,rolling_9m_3m,1,12,0.2605390110092823
volatility,OLS,repr_bkm,rolling_9m_3m,1,13,0.2569716522714003
volatility,OLS,repr_bkm,rolling_9m_3m,1,14,0.3154142119832792
volatility,OLS,repr_bkm,rolling_9m_3m,1,15,0.3074108530543961
volatility,OLS,repr_bkm,rolling_9m_3m,1,16,0.2772765808475389
volatility,OLS,repr_bkm,rolling_9m_3m,1,17,0.2923660589421496
volatility,OLS,repr_bkm,rolling_9m_3m,1,18,0.26532130634215617
volatility,OLS,repr_bkm,rolling_9m_3m,1,19,0.3053467327043468
volatility,OLS,repr_bkm,rolling_9m_3m,1,20,0.2498743337837281
volatility,OLS,repr_bkm,rolling_9m_3m,1,21,0.3030076134044381
volatility,OLS,repr_bkm,rolling_9m_3m,1,22,0.3497494546481961
volatility,OLS,repr_bkm,rolling_9m_3m,1,23,0.2871350196678302
volatility,OLS,repr_bkm,rolling_9m_3m,1,24,0.31122217830704707
volatility,OLS,repr_bkm,rolling_9m_3m,1,25,0.29647948886031267
volatility,OLS,repr_bkm,rolling_9m_3m,1,26,0.28155396739881505
volatility,OLS,repr_bkm,rolling_9m_3m,1,27,0.24101604498505658
volatility,OLS,repr_bkm,rolling_9m_3m,1,28,0.2510645458799421
volatility,OLS,repr_bkm,rolling_9m_3m,1,29,0.2620344318877265
volatility,OLS,repr_bkm,rolling_9m_3m,1,30,0.24124359227913914
volatility,OLS,repr_bkm,rolling_9m_3m,1,31,0.27576134207125913
volatility,XGBoost,repr_bkm,expanding,1,0,0.20641088122961307
volatility,XGBoost,repr_bkm,expanding,1,1,0.2289868586388638
volatility,XGBoost,repr_bkm,expanding,1,2,0.2535774611632636
volatility,XGBoost,repr_bkm,expanding,1,3,0.29549471574140584
volatility,XGBoost,repr_bkm,expanding,1,4,0.28186934403937414
volatility,XGBoost,repr_bkm,expanding,1,5,0.2568786916060634
volatility,XGBoost,repr_bkm,expanding,1,6,0.2275243407491188
volatility,XGBoost,repr_bkm,expanding,1,7,0.2660260382672264
volatility,XGBoost,repr_bkm,expanding,1,8,0.24981605707359036
volatility,XGBoost,repr_bkm,expanding,1,9,0.3157836788459108
volatility,XGBoost,repr_bkm,expanding,1,10,0.2975736475114712
volatility,XGBoost,repr_bkm,expanding,1,11,0.26265428177259315
volatility,XGBoost,repr_bkm,expanding,1,12,0.27031194036016226
volatility,XGBoost,repr_bkm,expanding,1,13,0.2580223155701783
volatility,XGBoost,repr_bkm,expanding,1,14,0.20224822139420146
volatility,XGBoost,repr_bkm,expanding,1,15,0.24893739677006213
volatility,XGBoost,repr_bkm,expanding,1,16,0.3007395728829315
volatility,XGBoost,repr_bkm,expanding,1,17,0.3432643959401872
volatility,XGBoost,repr_bkm,expanding,1,18,0.3020695033125657
volatility,XGBoost,repr_bkm,expanding,1,19,0.30225279067256794
volatility,XGBoost,repr_bkm,expanding,1,20,0.2907593885031955
volatility,XGBoost,repr_bkm,expanding,1,21,0.270918461922659
volatility,XGBoost,repr_bkm,expanding,1,22,0.24220943618427454
volatility,XGBoost,repr_bkm,expanding,1,23,0.2447453331118354
volatility,XGBoost,repr_bkm,expanding,1,24,0.23286795799144364
volatility,XGBoost,repr_bkm,expanding,1,25,0.2636975088916982
volatility,XGBoost,repr_bkm,expanding,1,26,0.2707873510385956
volatility,XGBoost,repr_bkm,rolling_9m_3m,1,0,0.2243770988412506
volatility,XGBoost,repr_bkm,rolling_9m_3m,1,1,0.27644509819557644
volatility,XGBoost,repr_bkm,rolling_9m_3m,1,2,0.25850393129634086
volatility,XGBoost,repr_bkm,rolling_9m_3m,1,3,0.26267294530112856
volatility,XGBoost,repr_bkm,rolling_9m_3m,1,4,0.2447020556082563
volatility,XGBoost,repr_bkm,rolling_9m_3m,1,5,0.17786417096460005
volatility,XGBoost,repr_bkm,rolling_9m_3m,1,6,0.20283304363805507
volatility,XGBoost,repr_bkm,rolling_9m_3m,1,7,0.24525494907467665
volatility,XGBoost,repr_bkm,rolling_9m_3m,1,8,0.29444545732812116
volatility,XGBoost,repr_bkm,rolling_9m_3m,1,9,0.2650242577181276
volatility,XGBoost,repr_bkm,rolling_9m_3m,1,10,0.20270706237293726
volatility,XGBoost,repr_bkm,rolling_9m_3m,1,11,0.22166037293820098
volatility,XGBoost,repr_bkm,rolling_9m_3m,1,12,0.25198811468135884
volatility,XGBoost,repr_bkm,rolling_9m_3m,1,13,0.2286444106244422
volatility,XGBoost,repr_bkm,rolling_9m_3m,1,14,0.22582539743241425
volatility,XGBoost,repr_bkm,rolling_9m_3m,1,15,0.29159349709831395
volatility,XGBoost,repr_bkm,rolling_9m_3m,1,16,0.26432183731473946
volatility,XGBoost,repr_bkm,rolling_9m_3m,1,17,0.26915996188283436
volatility,XGBoost,repr_bkm,rolling_9m_3m,1,18,0.217147242526299
volatility,XGBoost,repr_bkm,rolling_9m_3m,1,19,0.25222230652141925
volatility,XGBoost,repr_bkm,rolling_9m_3m,1,20,0.23234248470955818
volatility,XGBoost,repr_bkm,rolling_9m_3m,1,21,0.2929907547529213
volatility,XGBoost,repr_bkm,rolling_9m_3m,1,22,0.32752475660966096
volatility,XGBoost,repr_bkm,rolling_9m_3m,1,23,0.2933323497888553
volatility,XGBoost,repr_bkm,rolling_9m_3m,1,24,0.284968271773384
volatility,XGBoost,repr_bkm,rolling_9m_3m,1,25,0.25490459263355025
volatility,XGBoost,repr_bkm,rolling_9m_3m,1,26,0.2593617979414584
volatility,XGBoost,repr_bkm,rolling_9m_3m,1,27,0.2216394103158911
volatility,XGBoost,repr_bkm,rolling_9m_3m,1,28,0.21762884151177686
volatility,XGBoost,repr_bkm,rolling_9m_3m,1,29,0.2241137278640466
volatility,XGBoost,repr_bkm,rolling_9m_3m,1,30,0.23905864690421458
volatility,XGBoost,repr_bkm,rolling_9m_3m,1,31,0.24374707463350628
volatility,ElasticNet,A,expanding,3,0,0.39508269086341974
volatility,ElasticNet,A,expanding,3,1,0.3987432292745546
volatility,ElasticNet,A,expanding,3,2,0.41044771223182414
volatility,ElasticNet,A,expanding,3,3,0.5254549301272625
volatility,ElasticNet,A,expanding,3,4,0.4679438358894157
volatility,ElasticNet,A,expanding,3,5,0.44505980368349196
volatility,ElasticNet,A,expanding,3,6,0.3983684397018287
volatility,ElasticNet,A,expanding,3,7,0.42179313318243344
volatility,ElasticNet,A,expanding,3,8,0.4521730796628001
volatility,ElasticNet,A,expanding,3,9,0.5443942190684851
volatility,ElasticNet,A,expanding,3,10,0.5320695807314898
volatility,ElasticNet,A,expanding,3,11,0.4533071567343396
volatility,ElasticNet,A,expanding,3,12,0.4941550635655125
volatility,ElasticNet,A,expanding,3,13,0.4780489533371153
volatility,ElasticNet,A,expanding,3,14,0.4645622921515752
volatility,ElasticNet,A,expanding,3,15,0.4651397634940654
volatility,ElasticNet,A,expanding,3,16,0.5001021171949661
volatility,ElasticNet,A,expanding,3,17,0.5631666559280011
volatility,ElasticNet,A,expanding,3,18,0.5163155620815698
volatility,ElasticNet,A,expanding,3,19,0.5033034075545382
volatility,ElasticNet,A,expanding,3,20,0.47641903316639544
volatility,ElasticNet,A,expanding,3,21,0.46569553493262533
volatility,ElasticNet,A,expanding,3,22,0.42924976854482094
volatility,ElasticNet,A,expanding,3,23,0.4326944068305801
volatility,ElasticNet,A,expanding,3,24,0.4170461673651998
volatility,ElasticNet,A,expanding,3,25,0.3922779381729211
volatility,ElasticNet,A,expanding,3,26,0.4665531925481917
volatility,ElasticNet,A,rolling_9m_3m,3,0,0.391888170755933
volatility,ElasticNet,A,rolling_9m_3m,3,1,0.454240739985763
volatility,ElasticNet,A,rolling_9m_3m,3,2,0.42787432938045317
volatility,ElasticNet,A,rolling_9m_3m,3,3,0.4312189521087647
volatility,ElasticNet,A,rolling_9m_3m,3,4,0.38789003894102997
volatility,ElasticNet,A,rolling_9m_3m,3,5,0.3949629916797251
volatility,ElasticNet,A,rolling_9m_3m,3,6,0.399906810133209
volatility,ElasticNet,A,rolling_9m_3m,3,7,0.4056562573156847
volatility,ElasticNet,A,rolling_9m_3m,3,8,0.5236192088903208
volatility,ElasticNet,A,rolling_9m_3m,3,9,0.46414359837111635
volatility,ElasticNet,A,rolling_9m_3m,3,10,0.45281803182635655
volatility,ElasticNet,A,rolling_9m_3m,3,11,0.408794701375657
volatility,ElasticNet,A,rolling_9m_3m,3,12,0.41700337802984827
volatility,ElasticNet,A,rolling_9m_3m,3,13,0.4431371359648735
volatility,ElasticNet,A,rolling_9m_3m,3,14,0.5307903840453068
volatility,ElasticNet,A,rolling_9m_3m,3,15,0.509626570658241
volatility,ElasticNet,A,rolling_9m_3m,3,16,0.47233156225567124
volatility,ElasticNet,A,rolling_9m_3m,3,17,0.4803769812497066
volatility,ElasticNet,A,rolling_9m_3m,3,18,0.44057058610457006
volatility,ElasticNet,A,rolling_9m_3m,3,19,0.4596469744398011
volatility,ElasticNet,A,rolling_9m_3m,3,20,0.42488673466248894
volatility,ElasticNet,A,rolling_9m_3m,3,21,0.47902940396271904
volatility,ElasticNet,A,rolling_9m_3m,3,22,0.5569577367532219
volatility,ElasticNet,A,rolling_9m_3m,3,23,0.5050281697676047
volatility,ElasticNet,A,rolling_9m_3m,3,24,0.5125345996981544
volatility,ElasticNet,A,rolling_9m_3m,3,25,0.4649785382997724
volatility,ElasticNet,A,rolling_9m_3m,3,26,0.43937937925998366
volatility,ElasticNet,A,rolling_9m_3m,3,27,0.4096056637098019
volatility,ElasticNet,A,rolling_9m_3m,3,28,0.3949870815470672
volatility,ElasticNet,A,rolling_9m_3m,3,29,0.37737670272924245
volatility,ElasticNet,A,rolling_9m_3m,3,30,0.39704440123994267
volatility,ElasticNet,A,rolling_9m_3m,3,31,0.42157426122657726
volatility,OLS,A,expanding,3,0,0.4052594822717821
volatility,OLS,A,expanding,3,1,0.40699608047902813
volatility,OLS,A,expanding,3,2,0.43924174546763206
volatility,OLS,A,expanding,3,3,0.5332735684657277
volatility,OLS,A,expanding,3,4,0.5096051755502107
volatility,OLS,A,expanding,3,5,0.4670280677858992
volatility,OLS,A,expanding,3,6,0.45243987300055294
volatility,OLS,A,expanding,3,7,0.44311186433463196
volatility,OLS,A,expanding,3,8,0.4595779852920463
volatility,OLS,A,expanding,3,9,0.5361450282683085
volatility,OLS,A,expanding,3,10,0.5354911541899322
volatility,OLS,A,expanding,3,11,0.4512654789683569
volatility,OLS,A,expanding,3,12,0.49413187794009805
volatility,OLS,A,expanding,3,13,0.4807038085877351
volatility,OLS,A,expanding,3,14,0.45926768997303313
volatility,OLS,A,expanding,3,15,0.4655105033184949
volatility,OLS,A,expanding,3,16,0.5027040828533162
volatility,OLS,A,expanding,3,17,0.5604529494929076
volatility,OLS,A,expanding,3,18,0.5150285924658297
volatility,OLS,A,expanding,3,19,0.4999509781662417
volatility,OLS,A,expanding,3,20,0.4713910238288104
volatility,OLS,A,expanding,3,21,0.466115645351725
volatility,OLS,A,expanding,3,22,0.42832681115552235
volatility,OLS,A,expanding,3,23,0.4325462078563418
volatility,OLS,A,expanding,3,24,0.41830060107548106
volatility,OLS,A,expanding,3,25,0.38638809877104324
volatility,OLS,A,expanding,3,26,0.46792578391893735
volatility,OLS,A,rolling_9m_3m,3,0,0.40733324291496326
volatility,OLS,A,rolling_9m_3m,3,1,0.4797775656526307
volatility,OLS,A,rolling_9m_3m,3,2,0.44253297568230304
volatility,OLS,A,rolling_9m_3m,3,3,0.39136664886750483
volatility,OLS,A,rolling_9m_3m,3,4,0.39211632673472546
volatility,OLS,A,rolling_9m_3m,3,5,0.39458698429730626
volatility,OLS,A,rolling_9m_3m,3,6,0.3972749775415411
volatility,OLS,A,rolling_9m_3m,3,7,0.43530742864012273
volatility,OLS,A,rolling_9m_3m,3,8,0.5025943046493399
volatility,OLS,A,rolling_9m_3m,3,9,0.47322030863028297
volatility,OLS,A,rolling_9m_3m,3,10,0.44441359185044244
volatility,OLS,A,rolling_9m_3m,3,11,0.4458915603150387
volatility,OLS,A,rolling_9m_3m,3,12,0.42345005061827806
volatility,OLS,A,rolling_9m_3m,3,13,0.3853506623180371
volatility,OLS,A,rolling_9m_3m,3,14,0.5073247670297717
volatility,OLS,A,rolling_9m_3m,3,15,0.5119007736652081
volatility,OLS,A,rolling_9m_3m,3,16,0.47319715893781095
volatility,OLS,A,rolling_9m_3m,3,17,0.489919958673227
volatility,OLS,A,rolling_9m_3m,3,18,0.4697517708160915
volatility,OLS,A,rolling_9m_3m,3,19,0.49583246055915164
volatility,OLS,A,rolling_9m_3m,3,20,0.4458998167540418
volatility,OLS,A,rolling_9m_3m,3,21,0.49085055741410244
volatility,OLS,A,rolling_9m_3m,3,22,0.5664122398745337
volatility,OLS,A,rolling_9m_3m,3,23,0.4857051516660065
volatility,OLS,A,rolling_9m_3m,3,24,0.5110690226442787
volatility,OLS,A,rolling_9m_3m,3,25,0.47362615578494266
volatility,OLS,A,rolling_9m_3m,3,26,0.45924506934029574
volatility,OLS,A,rolling_9m_3m,3,27,0.43839602694359403
volatility,OLS,A,rolling_9m_3m,3,28,0.4314346859048765
volatility,OLS,A,rolling_9m_3m,3,29,0.44853380912691965
volatility,OLS,A,rolling_9m_3m,3,30,0.3774011404063301
volatility,OLS,A,rolling_9m_3m,3,31,0.44682230363316483
volatility,XGBoost,A,expanding,3,0,0.3608837627525245
volatility,XGBoost,A,expanding,3,1,0.3938804445370933
volatility,XGBoost,A,expanding,3,2,0.4099136157692487
volatility,XGBoost,A,expanding,3,3,0.5006542886712497
volatility,XGBoost,A,expanding,3,4,0.4824936773821259
volatility,XGBoost,A,expanding,3,5,0.44990444117521433
volatility,XGBoost,A,expanding,3,6,0.3926273557333853
volatility,XGBoost,A,expanding,3,7,0.41567049225209796
volatility,XGBoost,A,expanding,3,8,0.4265407314664137
volatility,XGBoost,A,expanding,3,9,0.5195894308994258
volatility,XGBoost,A,expanding,3,10,0.5095957103301648
volatility,XGBoost,A,expanding,3,11,0.44179738621386627
volatility,XGBoost,A,expanding,3,12,0.46394068347834794
volatility,XGBoost,A,expanding,3,13,0.427854046444193
volatility,XGBoost,A,expanding,3,14,0.3552253271266542
volatility,XGBoost,A,expanding,3,15,0.45338369436070347
volatility,XGBoost,A,expanding,3,16,0.4969382767821003
volatility,XGBoost,A,expanding,3,17,0.5489326058530326
volatility,XGBoost,A,expanding,3,18,0.5000230324974433
volatility,XGBoost,A,expanding,3,19,0.4944231804916538
volatility,XGBoost,A,expanding,3,20,0.46363751771792616
volatility,XGBoost,A,expanding,3,21,0.4508067990800245
volatility,XGBoost,A,expanding,3,22,0.42413078844617197
volatility,XGBoost,A,expanding,3,23,0.4249200099410811
volatility,XGBoost,A,expanding,3,24,0.3897208964076161
volatility,XGBoost,A,expanding,3,25,0.4034458903374325
volatility,XGBoost,A,expanding,3,26,0.431766212954719
volatility,XGBoost,A,rolling_9m_3m,3,0,0.3704453192675005
volatility,XGBoost,A,rolling_9m_3m,3,1,0.44197010988045177
volatility,XGBoost,A,rolling_9m_3m,3,2,0.37474486376377625
volatility,XGBoost,A,rolling_9m_3m,3,3,0.42916041805961874
volatility,XGBoost,A,rolling_9m_3m,3,4,0.38524506590551855
volatility,XGBoost,A,rolling_9m_3m,3,5,0.30565957790096493
volatility,XGBoost,A,rolling_9m_3m,3,6,0.38460364506970807
volatility,XGBoost,A,rolling_9m_3m,3,7,0.34945337147707606
volatility,XGBoost,A,rolling_9m_3m,3,8,0.5089177672825455
volatility,XGBoost,A,rolling_9m_3m,3,9,0.44062077300985003
volatility,XGBoost,A,rolling_9m_3m,3,10,0.3479047210650087
volatility,XGBoost,A,rolling_9m_3m,3,11,0.38797037515228405
volatility,XGBoost,A,rolling_9m_3m,3,12,0.4103366665607947
volatility,XGBoost,A,rolling_9m_3m,3,13,0.3802398800211308
volatility,XGBoost,A,rolling_9m_3m,3,14,0.4290719912751991
volatility,XGBoost,A,rolling_9m_3m,3,15,0.48029667969978634
volatility,XGBoost,A,rolling_9m_3m,3,16,0.44952463190203956
volatility,XGBoost,A,rolling_9m_3m,3,17,0.4728179198443655
volatility,XGBoost,A,rolling_9m_3m,3,18,0.3920173444515204
volatility,XGBoost,A,rolling_9m_3m,3,19,0.4154207487661223
volatility,XGBoost,A,rolling_9m_3m,3,20,0.4152058264138227
volatility,XGBoost,A,rolling_9m_3m,3,21,0.4653845692408641
volatility,XGBoost,A,rolling_9m_3m,3,22,0.540224777883404
volatility,XGBoost,A,rolling_9m_3m,3,23,0.4737301792285983
volatility,XGBoost,A,rolling_9m_3m,3,24,0.4737391794905432
volatility,XGBoost,A,rolling_9m_3m,3,25,0.4526043825714687
volatility,XGBoost,A,rolling_9m_3m,3,26,0.3950192787888076
volatility,XGBoost,A,rolling_9m_3m,3,27,0.41654988444701685
volatility,XGBoost,A,rolling_9m_3m,3,28,0.3952010221707993
volatility,XGBoost,A,rolling_9m_3m,3,29,0.37975814168899164
volatility,XGBoost,A,rolling_9m_3m,3,30,0.4068314694503925
volatility,XGBoost,A,rolling_9m_3m,3,31,0.4132470212219556
volatility,ElasticNet,B,expanding,3,0,0.43760819062845313
volatility,ElasticNet,B,expanding,3,1,0.4658717524073491
volatility,ElasticNet,B,expanding,3,2,0.46980216862488083
volatility,ElasticNet,B,expanding,3,3,0.558001158521747
volatility,ElasticNet,B,expanding,3,4,0.5222170730315727
volatility,ElasticNet,B,expanding,3,5,0.47560221238607003
volatility,ElasticNet,B,expanding,3,6,0.46239639716281344
volatility,ElasticNet,B,expanding,3,7,0.4298134453716278
volatility,ElasticNet,B,expanding,3,8,0.4837115027742202
volatility,ElasticNet,B,expanding,3,9,0.5235524645066179
volatility,ElasticNet,B,expanding,3,10,0.5392261372029611
volatility,ElasticNet,B,expanding,3,11,0.4833483195897121
volatility,ElasticNet,B,expanding,3,12,0.5112039512658242
volatility,ElasticNet,B,expanding,3,13,0.48682256767688054
volatility,ElasticNet,B,expanding,3,14,0.48316515035885055
volatility,ElasticNet,B,expanding,3,15,0.454189779924192
volatility,ElasticNet,B,expanding,3,16,0.4964254203737335
volatility,ElasticNet,B,expanding,3,17,0.5595144554391004
volatility,ElasticNet,B,expanding,3,18,0.5236931597313117
volatility,ElasticNet,B,expanding,3,19,0.5028218315123479
volatility,ElasticNet,B,expanding,3,20,0.49895179210445756
volatility,ElasticNet,B,expanding,3,21,0.48567315982756976
volatility,ElasticNet,B,expanding,3,22,0.44398774203048186
volatility,ElasticNet,B,expanding,3,23,0.43555838261150626
volatility,ElasticNet,B,expanding,3,24,0.4471155519535528
volatility,ElasticNet,B,expanding,3,25,0.39687605434783135
volatility,ElasticNet,B,expanding,3,26,0.4841025233048541
volatility,ElasticNet,B,rolling_9m_3m,3,0,0.4523889928183762
volatility,ElasticNet,B,rolling_9m_3m,3,1,0.499403096076383
volatility,ElasticNet,B,rolling_9m_3m,3,2,0.4857330474251523
volatility,ElasticNet,B,rolling_9m_3m,3,3,0.4694888979492328
volatility,ElasticNet,B,rolling_9m_3m,3,4,0.45612058881571066
volatility,ElasticNet,B,rolling_9m_3m,3,5,0.443315893765879
volatility,ElasticNet,B,rolling_9m_3m,3,6,0.4730626183920437
volatility,ElasticNet,B,rolling_9m_3m,3,7,0.46059259575348366
volatility,ElasticNet,B,rolling_9m_3m,3,8,0.5713525594105918
volatility,ElasticNet,B,rolling_9m_3m,3,9,0.4810191383353541
volatility,ElasticNet,B,rolling_9m_3m,3,10,0.4735491450511746
volatility,ElasticNet,B,rolling_9m_3m,3,11,0.457024236581546
volatility,ElasticNet,B,rolling_9m_3m,3,12,0.42759775282029183
volatility,ElasticNet,B,rolling_9m_3m,3,13,0.4538400951790282
volatility,ElasticNet,B,rolling_9m_3m,3,14,0.5167083746670498
volatility,ElasticNet,B,rolling_9m_3m,3,15,0.46925359121805815
volatility,ElasticNet,B,rolling_9m_3m,3,16,0.48669558731651436
volatility,ElasticNet,B,rolling_9m_3m,3,17,0.482849525221308
volatility,ElasticNet,B,rolling_9m_3m,3,18,0.49099236360082815
volatility,ElasticNet,B,rolling_9m_3m,3,19,0.5013606488459607
volatility,ElasticNet,B,rolling_9m_3m,3,20,0.4714466860703288
volatility,ElasticNet,B,rolling_9m_3m,3,21,0.5270236171821667
volatility,ElasticNet,B,rolling_9m_3m,3,22,0.5786755352888688
volatility,ElasticNet,B,rolling_9m_3m,3,23,0.5270689386626511
volatility,ElasticNet,B,rolling_9m_3m,3,24,0.5198119983379449
volatility,ElasticNet,B,rolling_9m_3m,3,25,0.5175456174041181
volatility,ElasticNet,B,rolling_9m_3m,3,26,0.4912375913483299
volatility,ElasticNet,B,rolling_9m_3m,3,27,0.4696343778931898
volatility,ElasticNet,B,rolling_9m_3m,3,28,0.45990974486116487
volatility,ElasticNet,B,rolling_9m_3m,3,29,0.4512111350430849
volatility,ElasticNet,B,rolling_9m_3m,3,30,0.428864440051452
volatility,ElasticNet,B,rolling_9m_3m,3,31,0.4552947378782422
volatility,OLS,B,expanding,3,0,0.4286901461516843
volatility,OLS,B,expanding,3,1,0.4572420111382947
volatility,OLS,B,expanding,3,2,0.46542209208312973
volatility,OLS,B,expanding,3,3,0.5478350074565188
volatility,OLS,B,expanding,3,4,0.5186528719663865
volatility,OLS,B,expanding,3,5,0.4753311284457653
volatility,OLS,B,expanding,3,6,0.4682499819167467
volatility,OLS,B,expanding,3,7,0.4394573418730832
volatility,OLS,B,expanding,3,8,0.4724837236500499
volatility,OLS,B,expanding,3,9,0.5128065875533611
volatility,OLS,B,expanding,3,10,0.5375045468118596
volatility,OLS,B,expanding,3,11,0.48191469601057285
volatility,OLS,B,expanding,3,12,0.5074941884225468
volatility,OLS,B,expanding,3,13,0.48648540306542704
volatility,OLS,B,expanding,3,14,0.47841711233079776
volatility,OLS,B,expanding,3,15,0.4493452606775071
volatility,OLS,B,expanding,3,16,0.49363921478852285
volatility,OLS,B,expanding,3,17,0.5544917472673743
volatility,OLS,B,expanding,3,18,0.5197264193854149
volatility,OLS,B,expanding,3,19,0.5006241495029216
volatility,OLS,B,expanding,3,20,0.4947856686329109
volatility,OLS,B,expanding,3,21,0.48472136339847705
volatility,OLS,B,expanding,3,22,0.4406130686712328
volatility,OLS,B,expanding,3,23,0.42661995781527523
volatility,OLS,B,expanding,3,24,0.4427683587918336
volatility,OLS,B,expanding,3,25,0.3904055454659024
volatility,OLS,B,expanding,3,26,0.48160441706075224
volatility,OLS,B,rolling_9m_3m,3,0,0.4423686444041538
volatility,OLS,B,rolling_9m_3m,3,1,0.4955180923663451
volatility,OLS,B,rolling_9m_3m,3,2,0.45289285286753983
volatility,OLS,B,rolling_9m_3m,3,3,0.4454806206224785
volatility,OLS,B,rolling_9m_3m,3,4,0.43639769195073297
volatility,OLS,B,rolling_9m_3m,3,5,0.4112509848453302
volatility,OLS,B,rolling_9m_3m,3,6,0.4262073403658372
volatility,OLS,B,rolling_9m_3m,3,7,0.46764949752208224
volatility,OLS,B,rolling_9m_3m,3,8,0.5287604424362891
volatility,OLS,B,rolling_9m_3m,3,9,0.47260764016043516
volatility,OLS,B,rolling_9m_3m,3,10,0.4489101061151618
volatility,OLS,B,rolling_9m_3m,3,11,0.4505657960953857
volatility,OLS,B,rolling_9m_3m,3,12,0.4238373057867001
volatility,OLS,B,rolling_9m_3m,3,13,0.40903112521873286
volatility,OLS,B,rolling_9m_3m,3,14,0.5141533040350071
volatility,OLS,B,rolling_9m_3m,3,15,0.46067036672824957
volatility,OLS,B,rolling_9m_3m,3,16,0.4867359842929246
volatility,OLS,B,rolling_9m_3m,3,17,0.47260446418152197
volatility,OLS,B,rolling_9m_3m,3,18,0.480364840882368
volatility,OLS,B,rolling_9m_3m,3,19,0.497506429233028
volatility,OLS,B,rolling_9m_3m,3,20,0.4568567336908412
volatility,OLS,B,rolling_9m_3m,3,21,0.504213575881202
volatility,OLS,B,rolling_9m_3m,3,22,0.5772491484986486
volatility,OLS,B,rolling_9m_3m,3,23,0.4990073287920477
volatility,OLS,B,rolling_9m_3m,3,24,0.5115242811880667
volatility,OLS,B,rolling_9m_3m,3,25,0.48951064589195575
volatility,OLS,B,rolling_9m_3m,3,26,0.4502035682565909
volatility,OLS,B,rolling_9m_3m,3,27,0.44092424013193204
volatility,OLS,B,rolling_9m_3m,3,28,0.44030416415646
volatility,OLS,B,rolling_9m_3m,3,29,0.4599439896950916
volatility,OLS,B,rolling_9m_3m,3,30,0.40949537504667305
volatility,OLS,B,rolling_9m_3m,3,31,0.4368039387713061
volatility,XGBoost,B,expanding,3,0,0.41867511132242213
volatility,XGBoost,B,expanding,3,1,0.46426037775664036
volatility,XGBoost,B,expanding,3,2,0.46417950767429494
volatility,XGBoost,B,expanding,3,3,0.5438039506665191
volatility,XGBoost,B,expanding,3,4,0.514815033477338
volatility,XGBoost,B,expanding,3,5,0.47671410671342246
volatility,XGBoost,B,expanding,3,6,0.4513051628872303
volatility,XGBoost,B,expanding,3,7,0.4417682970583339
volatility,XGBoost,B,expanding,3,8,0.4109169336521825
volatility,XGBoost,B,expanding,3,9,0.55818984152171
volatility,XGBoost,B,expanding,3,10,0.5573575026047979
volatility,XGBoost,B,expanding,3,11,0.4907239113423106
volatility,XGBoost,B,expanding,3,12,0.5030837538655325
volatility,XGBoost,B,expanding,3,13,0.48716049956234
volatility,XGBoost,B,expanding,3,14,0.4838970111817631
volatility,XGBoost,B,expanding,3,15,0.4519724208241234
volatility,XGBoost,B,expanding,3,16,0.4744173513017745
volatility,XGBoost,B,expanding,3,17,0.5285651822634987
volatility,XGBoost,B,expanding,3,18,0.517973557505687
volatility,XGBoost,B,expanding,3,19,0.5030168934903008
volatility,XGBoost,B,expanding,3,20,0.4993300023876172
volatility,XGBoost,B,expanding,3,21,0.4778581392670678
volatility,XGBoost,B,expanding,3,22,0.4489667504599633
volatility,XGBoost,B,expanding,3,23,0.4565013951482753
volatility,XGBoost,B,expanding,3,24,0.4476043054953071
volatility,XGBoost,B,expanding,3,25,0.38220839106198334
volatility,XGBoost,B,expanding,3,26,0.4777155626357825
volatility,XGBoost,B,rolling_9m_3m,3,0,0.4318177370826499
volatility,XGBoost,B,rolling_9m_3m,3,1,0.482192041585809
volatility,XGBoost,B,rolling_9m_3m,3,2,0.4518773674004982
volatility,XGBoost,B,rolling_9m_3m,3,3,0.44954724594717305
volatility,XGBoost,B,rolling_9m_3m,3,4,0.4508966349941523
volatility,XGBoost,B,rolling_9m_3m,3,5,0.40568469791651957
volatility,XGBoost,B,rolling_9m_3m,3,6,0.45287472712867
volatility,XGBoost,B,rolling_9m_3m,3,7,0.43551461628310356
volatility,XGBoost,B,rolling_9m_3m,3,8,0.5342957900448209
volatility,XGBoost,B,rolling_9m_3m,3,9,0.4837882867289376
volatility,XGBoost,B,rolling_9m_3m,3,10,0.4239044563030495
volatility,XGBoost,B,rolling_9m_3m,3,11,0.42629539615495154
volatility,XGBoost,B,rolling_9m_3m,3,12,0.4292040416914263
volatility,XGBoost,B,rolling_9m_3m,3,13,0.3184453099266474
volatility,XGBoost,B,rolling_9m_3m,3,14,0.503255800191735
volatility,XGBoost,B,rolling_9m_3m,3,15,0.4261808697296892
volatility,XGBoost,B,rolling_9m_3m,3,16,0.45863737437719143
volatility,XGBoost,B,rolling_9m_3m,3,17,0.47431310317763736
volatility,XGBoost,B,rolling_9m_3m,3,18,0.44624221975438993
volatility,XGBoost,B,rolling_9m_3m,3,19,0.4147977580811565
volatility,XGBoost,B,rolling_9m_3m,3,20,0.4670130420538
volatility,XGBoost,B,rolling_9m_3m,3,21,0.5092998527043165
volatility,XGBoost,B,rolling_9m_3m,3,22,0.5843866965492625
volatility,XGBoost,B,rolling_9m_3m,3,23,0.5022783538959279
volatility,XGBoost,B,rolling_9m_3m,3,24,0.5120457485033449
volatility,XGBoost,B,rolling_9m_3m,3,25,0.4917939696308763
volatility,XGBoost,B,rolling_9m_3m,3,26,0.4622248825704572
volatility,XGBoost,B,rolling_9m_3m,3,27,0.4741707633867168
volatility,XGBoost,B,rolling_9m_3m,3,28,0.446408662411923
volatility,XGBoost,B,rolling_9m_3m,3,29,0.4489963079472359
volatility,XGBoost,B,rolling_9m_3m,3,30,0.4219590960647283
volatility,XGBoost,B,rolling_9m_3m,3,31,0.46788451884491217
volatility,ElasticNet,C,expanding,3,0,0.43493045380852263
volatility,ElasticNet,C,expanding,3,1,0.4723321354917879
volatility,ElasticNet,C,expanding,3,2,0.4780459679844749
volatility,ElasticNet,C,expanding,3,3,0.5692189147308537
volatility,ElasticNet,C,expanding,3,4,0.522083407135898
volatility,ElasticNet,C,expanding,3,5,0.48671179457706826
volatility,ElasticNet,C,expanding,3,6,0.4607397336883237
volatility,ElasticNet,C,expanding,3,7,0.458590605433238
volatility,ElasticNet,C,expanding,3,8,0.5020109308598069
volatility,ElasticNet,C,expanding,3,9,0.5859229037118239
volatility,ElasticNet,C,expanding,3,10,0.5724586136364413
volatility,ElasticNet,C,expanding,3,11,0.5028252214684105
volatility,ElasticNet,C,expanding,3,12,0.5184704441519038
volatility,ElasticNet,C,expanding,3,13,0.503706606557026
volatility,ElasticNet,C,expanding,3,14,0.5022422606291689
volatility,ElasticNet,C,expanding,3,15,0.4749592176427822
volatility,ElasticNet,C,expanding,3,16,0.5354688731235006
volatility,ElasticNet,C,expanding,3,17,0.5963010718900297
volatility,ElasticNet,C,expanding,3,18,0.5397672990469271
volatility,ElasticNet,C,expanding,3,19,0.5357830090519499
volatility,ElasticNet,C,expanding,3,20,0.5224212879754422
volatility,ElasticNet,C,expanding,3,21,0.49133972946895077
volatility,ElasticNet,C,expanding,3,22,0.46585355850174825
volatility,ElasticNet,C,expanding,3,23,0.4665911808549232
volatility,ElasticNet,C,expanding,3,24,0.45892495216220963
volatility,ElasticNet,C,expanding,3,25,0.43114376699032375
volatility,ElasticNet,C,expanding,3,26,0.48635681269786996
volatility,ElasticNet,C,rolling_9m_3m,3,0,0.44599809194238726
volatility,ElasticNet,C,rolling_9m_3m,3,1,0.5008661678567575
volatility,ElasticNet,C,rolling_9m_3m,3,2,0.487439262341835
volatility,ElasticNet,C,rolling_9m_3m,3,3,0.4708582725433861
volatility,ElasticNet,C,rolling_9m_3m,3,4,0.4558126063684232
volatility,ElasticNet,C,rolling_9m_3m,3,5,0.44554286059495607
volatility,ElasticNet,C,rolling_9m_3m,3,6,0.4715875750158564
volatility,ElasticNet,C,rolling_9m_3m,3,7,0.4562271541662273
volatility,ElasticNet,C,rolling_9m_3m,3,8,0.5764904555612332
volatility,ElasticNet,C,rolling_9m_3m,3,9,0.51765095929884
volatility,ElasticNet,C,rolling_9m_3m,3,10,0.47284605235400223
volatility,ElasticNet,C,rolling_9m_3m,3,11,0.45534969403744197
volatility,ElasticNet,C,rolling_9m_3m,3,12,0.42781697364274496
volatility,ElasticNet,C,rolling_9m_3m,3,13,0.45320226309436107
volatility,ElasticNet,C,rolling_9m_3m,3,14,0.5696457915696105
volatility,ElasticNet,C,rolling_9m_3m,3,15,0.5453694198912006
volatility,ElasticNet,C,rolling_9m_3m,3,16,0.5051204972437774
volatility,ElasticNet,C,rolling_9m_3m,3,17,0.5026054393170313
volatility,ElasticNet,C,rolling_9m_3m,3,18,0.48937973150850456
volatility,ElasticNet,C,rolling_9m_3m,3,19,0.5035967573326459
volatility,ElasticNet,C,rolling_9m_3m,3,20,0.46909979019241066
volatility,ElasticNet,C,rolling_9m_3m,3,21,0.5253316245443699
volatility,ElasticNet,C,rolling_9m_3m,3,22,0.5963884288890988
volatility,ElasticNet,C,rolling_9m_3m,3,23,0.5412588622763387
volatility,ElasticNet,C,rolling_9m_3m,3,24,0.5226945212241593
volatility,ElasticNet,C,rolling_9m_3m,3,25,0.5193831549456146
volatility,ElasticNet,C,rolling_9m_3m,3,26,0.4849972716433873
volatility,ElasticNet,C,rolling_9m_3m,3,27,0.4647473028400508
volatility,ElasticNet,C,rolling_9m_3m,3,28,0.4634894512728344
volatility,ElasticNet,C,rolling_9m_3m,3,29,0.4505808333976798
volatility,ElasticNet,C,rolling_9m_3m,3,30,0.4313127765281674
volatility,ElasticNet,C,rolling_9m_3m,3,31,0.4586005334938598
volatility,OLS,C,expanding,3,0,0.4247779393301733
volatility,OLS,C,expanding,3,1,0.4613144520389987
volatility,OLS,C,expanding,3,2,0.4655228658102995
volatility,OLS,C,expanding,3,3,0.5637156653152223
volatility,OLS,C,expanding,3,4,0.5193641950342291
volatility,OLS,C,expanding,3,5,0.48570133668558263
volatility,OLS,C,expanding,3,6,0.4619179032159174
volatility,OLS,C,expanding,3,7,0.45608970297210477
volatility,OLS,C,expanding,3,8,0.4854417030007218
volatility,OLS,C,expanding,3,9,0.5831791762545007
volatility,OLS,C,expanding,3,10,0.5744021618129009
volatility,OLS,C,expanding,3,11,0.5034306320475425
volatility,OLS,C,expanding,3,12,0.5169240661699894
volatility,OLS,C,expanding,3,13,0.503778228097867
volatility,OLS,C,expanding,3,14,0.5004063831896124
volatility,OLS,C,expanding,3,15,0.4741339516724794
volatility,OLS,C,expanding,3,16,0.5327720968112861
volatility,OLS,C,expanding,3,17,0.5947120994209052
volatility,OLS,C,expanding,3,18,0.5369695634259734
volatility,OLS,C,expanding,3,19,0.5326538145480593
volatility,OLS,C,expanding,3,20,0.5181115168595558
volatility,OLS,C,expanding,3,21,0.49106289352001536
volatility,OLS,C,expanding,3,22,0.4674408845023137
volatility,OLS,C,expanding,3,23,0.4643891637473634
volatility,OLS,C,expanding,3,24,0.4635406563499004
volatility,OLS,C,expanding,3,25,0.4346338348724501
volatility,OLS,C,expanding,3,26,0.48775507699344167
volatility,OLS,C,rolling_9m_3m,3,0,0.4365939744525997
volatility,OLS,C,rolling_9m_3m,3,1,0.49402996791988146
volatility,OLS,C,rolling_9m_3m,3,2,0.44269387074958166
volatility,OLS,C,rolling_9m_3m,3,3,0.4364975195394912
volatility,OLS,C,rolling_9m_3m,3,4,0.4235592974022186
volatility,OLS,C,rolling_9m_3m,3,5,0.39787424644101693
volatility,OLS,C,rolling_9m_3m,3,6,0.4374329040283084
volatility,OLS,C,rolling_9m_3m,3,7,0.45716629032510786
volatility,OLS,C,rolling_9m_3m,3,8,0.5387210882479592
volatility,OLS,C,rolling_9m_3m,3,9,0.48703536076527293
volatility,OLS,C,rolling_9m_3m,3,10,0.4610024513867688
volatility,OLS,C,rolling_9m_3m,3,11,0.45131779310512227
volatility,OLS,C,rolling_9m_3m,3,12,0.43285660432802103
volatility,OLS,C,rolling_9m_3m,3,13,0.41629605717943813
volatility,OLS,C,rolling_9m_3m,3,14,0.5559854008428688
volatility,OLS,C,rolling_9m_3m,3,15,0.5429843327911116
volatility,OLS,C,rolling_9m_3m,3,16,0.5016471210588883
volatility,OLS,C,rolling_9m_3m,3,17,0.4909057418531718
volatility,OLS,C,rolling_9m_3m,3,18,0.48952681793543446
volatility,OLS,C,rolling_9m_3m,3,19,0.5007031508246558
volatility,OLS,C,rolling_9m_3m,3,20,0.46131288673661547
volatility,OLS,C,rolling_9m_3m,3,21,0.5193924529115225
volatility,OLS,C,rolling_9m_3m,3,22,0.5718002177143162
volatility,OLS,C,rolling_9m_3m,3,23,0.5153399138937209
volatility,OLS,C,rolling_9m_3m,3,24,0.5160677848918028
volatility,OLS,C,rolling_9m_3m,3,25,0.5082099364913355
volatility,OLS,C,rolling_9m_3m,3,26,0.45693138945161466
volatility,OLS,C,rolling_9m_3m,3,27,0.45694742199072874
volatility,OLS,C,rolling_9m_3m,3,28,0.43705670831499727
volatility,OLS,C,rolling_9m_3m,3,29,0.4573448455125177
volatility,OLS,C,rolling_9m_3m,3,30,0.40460159680880975
volatility,OLS,C,rolling_9m_3m,3,31,0.4361113024540295
volatility,XGBoost,C,expanding,3,0,0.41113180880300315
volatility,XGBoost,C,expanding,3,1,0.4617253605599689
volatility,XGBoost,C,expanding,3,2,0.4652943273821197
volatility,XGBoost,C,expanding,3,3,0.5504550258955998
volatility,XGBoost,C,expanding,3,4,0.5208931399729845
volatility,XGBoost,C,expanding,3,5,0.46849026466523636
volatility,XGBoost,C,expanding,3,6,0.44999862461378615
volatility,XGBoost,C,expanding,3,7,0.4480833149917817
volatility,XGBoost,C,expanding,3,8,0.4302091122571128
volatility,XGBoost,C,expanding,3,9,0.5673490437508322
volatility,XGBoost,C,expanding,3,10,0.5640900781377004
volatility,XGBoost,C,expanding,3,11,0.49919198539263576
volatility,XGBoost,C,expanding,3,12,0.5204788300354599
volatility,XGBoost,C,expanding,3,13,0.4914052128177447
volatility,XGBoost,C,expanding,3,14,0.469415258387543
volatility,XGBoost,C,expanding,3,15,0.47868800190618765
volatility,XGBoost,C,expanding,3,16,0.5313612821957765
volatility,XGBoost,C,expanding,3,17,0.5981424794094251
volatility,XGBoost,C,expanding,3,18,0.5413838895755992
volatility,XGBoost,C,expanding,3,19,0.5250664162842329
volatility,XGBoost,C,expanding,3,20,0.520491272990581
volatility,XGBoost,C,expanding,3,21,0.494259559309897
volatility,XGBoost,C,expanding,3,22,0.4824004955474043
volatility,XGBoost,C,expanding,3,23,0.47214124691372755
volatility,XGBoost,C,expanding,3,24,0.45285782363844257
volatility,XGBoost,C,expanding,3,25,0.4314279896953706
volatility,XGBoost,C,expanding,3,26,0.49123877650131914
volatility,XGBoost,C,rolling_9m_3m,3,0,0.44118435390541055
volatility,XGBoost,C,rolling_9m_3m,3,1,0.48224289717172864
volatility,XGBoost,C,rolling_9m_3m,3,2,0.4573298597352905
volatility,XGBoost,C,rolling_9m_3m,3,3,0.46929055128312386
volatility,XGBoost,C,rolling_9m_3m,3,4,0.4289118621999333
volatility,XGBoost,C,rolling_9m_3m,3,5,0.4121349143033249
volatility,XGBoost,C,rolling_9m_3m,3,6,0.4601826242760841
volatility,XGBoost,C,rolling_9m_3m,3,7,0.43966613056769877
volatility,XGBoost,C,rolling_9m_3m,3,8,0.5384285188840411
volatility,XGBoost,C,rolling_9m_3m,3,9,0.49025060371024637
volatility,XGBoost,C,rolling_9m_3m,3,10,0.4279865196774985
volatility,XGBoost,C,rolling_9m_3m,3,11,0.4374262880338121
volatility,XGBoost,C,rolling_9m_3m,3,12,0.43984077867317534
volatility,XGBoost,C,rolling_9m_3m,3,13,0.41216183738429524
volatility,XGBoost,C,rolling_9m_3m,3,14,0.47517588907661373
volatility,XGBoost,C,rolling_9m_3m,3,15,0.5161619195836094
volatility,XGBoost,C,rolling_9m_3m,3,16,0.48795097314408453
volatility,XGBoost,C,rolling_9m_3m,3,17,0.49854738638921475
volatility,XGBoost,C,rolling_9m_3m,3,18,0.4652455461662143
volatility,XGBoost,C,rolling_9m_3m,3,19,0.47676957462453445
volatility,XGBoost,C,rolling_9m_3m,3,20,0.4717749468157047
volatility,XGBoost,C,rolling_9m_3m,3,21,0.5116812375487996
volatility,XGBoost,C,rolling_9m_3m,3,22,0.5893739506378645
volatility,XGBoost,C,rolling_9m_3m,3,23,0.5345583176722245
volatility,XGBoost,C,rolling_9m_3m,3,24,0.5152622448386699
volatility,XGBoost,C,rolling_9m_3m,3,25,0.507368411287326
volatility,XGBoost,C,rolling_9m_3m,3,26,0.4567572601035862
volatility,XGBoost,C,rolling_9m_3m,3,27,0.4753894456159323
volatility,XGBoost,C,rolling_9m_3m,3,28,0.4440574418986991
volatility,XGBoost,C,rolling_9m_3m,3,29,0.44603785632292026
volatility,XGBoost,C,rolling_9m_3m,3,30,0.42676960763490646
volatility,XGBoost,C,rolling_9m_3m,3,31,0.4729492118063634
volatility,ElasticNet,candidate_6,expanding,3,0,0.43918490922441483
volatility,ElasticNet,candidate_6,expanding,3,1,0.47480941817301414
volatility,ElasticNet,candidate_6,expanding,3,2,0.45497056224189564
volatility,ElasticNet,candidate_6,expanding,3,3,0.5697016595448385
volatility,ElasticNet,candidate_6,expanding,3,4,0.5158275596087688
volatility,ElasticNet,candidate_6,expanding,3,5,0.4813709369885644
volatility,ElasticNet,candidate_6,expanding,3,6,0.4488472237543923
volatility,ElasticNet,candidate_6,expanding,3,7,0.4274271491984828
volatility,ElasticNet,candidate_6,expanding,3,8,0.48288244107803374
volatility,ElasticNet,candidate_6,expanding,3,9,0.5608538184554497
volatility,ElasticNet,candidate_6,expanding,3,10,0.5637108938432088
volatility,ElasticNet,candidate_6,expanding,3,11,0.491666929981155
volatility,ElasticNet,candidate_6,expanding,3,12,0.5072258169009398
volatility,ElasticNet,candidate_6,expanding,3,13,0.48554839758660245
volatility,ElasticNet,candidate_6,expanding,3,14,0.4927656175310671
volatility,ElasticNet,candidate_6,expanding,3,15,0.4662153630716182
volatility,ElasticNet,candidate_6,expanding,3,16,0.523834090528149
volatility,ElasticNet,candidate_6,expanding,3,17,0.5906644753955168
volatility,ElasticNet,candidate_6,expanding,3,18,0.5362120372875637
volatility,ElasticNet,candidate_6,expanding,3,19,0.5223404800721854
volatility,ElasticNet,candidate_6,expanding,3,20,0.5192887732676713
volatility,ElasticNet,candidate_6,expanding,3,21,0.47936012696013225
volatility,ElasticNet,candidate_6,expanding,3,22,0.4631445302187031
volatility,ElasticNet,candidate_6,expanding,3,23,0.45754360086852625
volatility,ElasticNet,candidate_6,expanding,3,24,0.44803500778329725
volatility,ElasticNet,candidate_6,expanding,3,25,0.4163134416152262
volatility,ElasticNet,candidate_6,expanding,3,26,0.4697405559333906
volatility,ElasticNet,candidate_6,rolling_9m_3m,3,0,0.4518232182878178
volatility,ElasticNet,candidate_6,rolling_9m_3m,3,1,0.4957119939410572
volatility,ElasticNet,candidate_6,rolling_9m_3m,3,2,0.4786714615785072
volatility,ElasticNet,candidate_6,rolling_9m_3m,3,3,0.4632691812161831
volatility,ElasticNet,candidate_6,rolling_9m_3m,3,4,0.45575870360809045
volatility,ElasticNet,candidate_6,rolling_9m_3m,3,5,0.4416342399867842
volatility,ElasticNet,candidate_6,rolling_9m_3m,3,6,0.4723755245197659
volatility,ElasticNet,candidate_6,rolling_9m_3m,3,7,0.4565577807652184
volatility,ElasticNet,candidate_6,rolling_9m_3m,3,8,0.5683032047342148
volatility,ElasticNet,candidate_6,rolling_9m_3m,3,9,0.5159512343498023
volatility,ElasticNet,candidate_6,rolling_9m_3m,3,10,0.47981584810565775
volatility,ElasticNet,candidate_6,rolling_9m_3m,3,11,0.447569735045511
volatility,ElasticNet,candidate_6,rolling_9m_3m,3,12,0.42724175240701795
volatility,ElasticNet,candidate_6,rolling_9m_3m,3,13,0.4498896306535016
volatility,ElasticNet,candidate_6,rolling_9m_3m,3,14,0.510743419139995
volatility,ElasticNet,candidate_6,rolling_9m_3m,3,15,0.46992927268213674
volatility,ElasticNet,candidate_6,rolling_9m_3m,3,16,0.4820200845828914
volatility,ElasticNet,candidate_6,rolling_9m_3m,3,17,0.5010105242790259
volatility,ElasticNet,candidate_6,rolling_9m_3m,3,18,0.48898541893404857
volatility,ElasticNet,candidate_6,rolling_9m_3m,3,19,0.5006307899106817
volatility,ElasticNet,candidate_6,rolling_9m_3m,3,20,0.46802316525777726
volatility,ElasticNet,candidate_6,rolling_9m_3m,3,21,0.530948237672749
volatility,ElasticNet,candidate_6,rolling_9m_3m,3,22,0.6009885628044115
volatility,ElasticNet,candidate_6,rolling_9m_3m,3,23,0.5335563729116284
volatility,ElasticNet,candidate_6,rolling_9m_3m,3,24,0.5230163368678857
volatility,ElasticNet,candidate_6,rolling_9m_3m,3,25,0.5182513560347392
volatility,ElasticNet,candidate_6,rolling_9m_3m,3,26,0.48445251756203017
volatility,ElasticNet,candidate_6,rolling_9m_3m,3,27,0.4648382387601856
volatility,ElasticNet,candidate_6,rolling_9m_3m,3,28,0.45894742282775497
volatility,ElasticNet,candidate_6,rolling_9m_3m,3,29,0.4487583623275717
volatility,ElasticNet,candidate_6,rolling_9m_3m,3,30,0.4236139491530306
volatility,ElasticNet,candidate_6,rolling_9m_3m,3,31,0.47004823407797525
volatility,OLS,candidate_6,expanding,3,0,0.4359773471924832
volatility,OLS,candidate_6,expanding,3,1,0.45347572968693267
volatility,OLS,candidate_6,expanding,3,2,0.4587171076529628
volatility,OLS,candidate_6,expanding,3,3,0.5511084944601523
volatility,OLS,candidate_6,expanding,3,4,0.5246232825016137
volatility,OLS,candidate_6,expanding,3,5,0.48102110732035
volatility,OLS,candidate_6,expanding,3,6,0.46989570920020945
volatility,OLS,candidate_6,expanding,3,7,0.4327406000019738
volatility,OLS,candidate_6,expanding,3,8,0.46927208577649704
volatility,OLS,candidate_6,expanding,3,9,0.49797115790379193
volatility,OLS,candidate_6,expanding,3,10,0.5446888262882076
volatility,OLS,candidate_6,expanding,3,11,0.4757330344033806
volatility,OLS,candidate_6,expanding,3,12,0.5027010556086022
volatility,OLS,candidate_6,expanding,3,13,0.4901223271922814
volatility,OLS,candidate_6,expanding,3,14,0.4770898608297483
volatility,OLS,candidate_6,expanding,3,15,0.44226536534205185
volatility,OLS,candidate_6,expanding,3,16,0.4900430642998635
volatility,OLS,candidate_6,expanding,3,17,0.5509015865888469
volatility,OLS,candidate_6,expanding,3,18,0.5063895789123528
volatility,OLS,candidate_6,expanding,3,19,0.47360101012320394
volatility,OLS,candidate_6,expanding,3,20,0.48930850406749393
volatility,OLS,candidate_6,expanding,3,21,0.4807963767089372
volatility,OLS,candidate_6,expanding,3,22,0.4373751409778796
volatility,OLS,candidate_6,expanding,3,23,0.42299128885920234
volatility,OLS,candidate_6,expanding,3,24,0.44236155011390876
volatility,OLS,candidate_6,expanding,3,25,0.386241915634875
volatility,OLS,candidate_6,expanding,3,26,0.4850117303196231
volatility,OLS,candidate_6,rolling_9m_3m,3,0,0.43031841744839655
volatility,OLS,candidate_6,rolling_9m_3m,3,1,0.5040028226792307
volatility,OLS,candidate_6,rolling_9m_3m,3,2,0.45114092263639277
volatility,OLS,candidate_6,rolling_9m_3m,3,3,0.4260215793933004
volatility,OLS,candidate_6,rolling_9m_3m,3,4,0.44214886648007734
volatility,OLS,candidate_6,rolling_9m_3m,3,5,0.42892837712118526
volatility,OLS,candidate_6,rolling_9m_3m,3,6,0.42463076951768003
volatility,OLS,candidate_6,rolling_9m_3m,3,7,0.45632498534776145
volatility,OLS,candidate_6,rolling_9m_3m,3,8,0.5214812984418911
volatility,OLS,candidate_6,rolling_9m_3m,3,9,0.4901157284949172
volatility,OLS,candidate_6,rolling_9m_3m,3,10,0.4577274133017159
volatility,OLS,candidate_6,rolling_9m_3m,3,11,0.4560337831759371
volatility,OLS,candidate_6,rolling_9m_3m,3,12,0.4201203752725749
volatility,OLS,candidate_6,rolling_9m_3m,3,13,0.42063147752178437
volatility,OLS,candidate_6,rolling_9m_3m,3,14,0.5104258124063628
volatility,OLS,candidate_6,rolling_9m_3m,3,15,0.46797623789182174
volatility,OLS,candidate_6,rolling_9m_3m,3,16,0.4835372084995266
volatility,OLS,candidate_6,rolling_9m_3m,3,17,0.48231022576061094
volatility,OLS,candidate_6,rolling_9m_3m,3,18,0.486365537427661
volatility,OLS,candidate_6,rolling_9m_3m,3,19,0.49619245854749866
volatility,OLS,candidate_6,rolling_9m_3m,3,20,0.44236389727484504
volatility,OLS,candidate_6,rolling_9m_3m,3,21,0.5049423222691724
volatility,OLS,candidate_6,rolling_9m_3m,3,22,0.5802794397979026
volatility,OLS,candidate_6,rolling_9m_3m,3,23,0.5002902109299019
volatility,OLS,candidate_6,rolling_9m_3m,3,24,0.5237079158054888
volatility,OLS,candidate_6,rolling_9m_3m,3,25,0.4918379135057593
volatility,OLS,candidate_6,rolling_9m_3m,3,26,0.4553515443726067
volatility,OLS,candidate_6,rolling_9m_3m,3,27,0.44329156293645244
volatility,OLS,candidate_6,rolling_9m_3m,3,28,0.44132558721397847
volatility,OLS,candidate_6,rolling_9m_3m,3,29,0.46251066423677967
volatility,OLS,candidate_6,rolling_9m_3m,3,30,0.4092400471831662
volatility,OLS,candidate_6,rolling_9m_3m,3,31,0.4636190799967424
volatility,XGBoost,candidate_6,expanding,3,0,0.437882217507807
volatility,XGBoost,candidate_6,expanding,3,1,0.46450887769091687
volatility,XGBoost,candidate_6,expanding,3,2,0.45600799476037107
volatility,XGBoost,candidate_6,expanding,3,3,0.5436663183024264
volatility,XGBoost,candidate_6,expanding,3,4,0.516753641895837
volatility,XGBoost,candidate_6,expanding,3,5,0.477748823860247
volatility,XGBoost,candidate_6,expanding,3,6,0.46116589986507317
volatility,XGBoost,candidate_6,expanding,3,7,0.4239243587508168
volatility,XGBoost,candidate_6,expanding,3,8,0.4192528496964367
volatility,XGBoost,candidate_6,expanding,3,9,0.5533585186025518
volatility,XGBoost,candidate_6,expanding,3,10,0.5585381219007748
volatility,XGBoost,candidate_6,expanding,3,11,0.48357206302430067
volatility,XGBoost,candidate_6,expanding,3,12,0.5004669930699664
volatility,XGBoost,candidate_6,expanding,3,13,0.4846129142689707
volatility,XGBoost,candidate_6,expanding,3,14,0.4739954327344332
volatility,XGBoost,candidate_6,expanding,3,15,0.45632666998156096
volatility,XGBoost,candidate_6,expanding,3,16,0.5036681619965525
volatility,XGBoost,candidate_6,expanding,3,17,0.5438091387240136
volatility,XGBoost,candidate_6,expanding,3,18,0.5102781404801606
volatility,XGBoost,candidate_6,expanding,3,19,0.49435605930786247
volatility,XGBoost,candidate_6,expanding,3,20,0.49818504225378724
volatility,XGBoost,candidate_6,expanding,3,21,0.4926887550846059
volatility,XGBoost,candidate_6,expanding,3,22,0.454070360410323
volatility,XGBoost,candidate_6,expanding,3,23,0.4590229386706525
volatility,XGBoost,candidate_6,expanding,3,24,0.45189316162381094
volatility,XGBoost,candidate_6,expanding,3,25,0.4041877899031197
volatility,XGBoost,candidate_6,expanding,3,26,0.47776106504330984
volatility,XGBoost,candidate_6,rolling_9m_3m,3,0,0.4352224668315188
volatility,XGBoost,candidate_6,rolling_9m_3m,3,1,0.48233315192694776
volatility,XGBoost,candidate_6,rolling_9m_3m,3,2,0.43824570901432575
volatility,XGBoost,candidate_6,rolling_9m_3m,3,3,0.451174477026566
volatility,XGBoost,candidate_6,rolling_9m_3m,3,4,0.44674417830708385
volatility,XGBoost,candidate_6,rolling_9m_3m,3,5,0.4297835360083674
volatility,XGBoost,candidate_6,rolling_9m_3m,3,6,0.45591723532001377
volatility,XGBoost,candidate_6,rolling_9m_3m,3,7,0.44236223802333524
volatility,XGBoost,candidate_6,rolling_9m_3m,3,8,0.5312862101412965
volatility,XGBoost,candidate_6,rolling_9m_3m,3,9,0.48279773752511035
volatility,XGBoost,candidate_6,rolling_9m_3m,3,10,0.4031710559842866
volatility,XGBoost,candidate_6,rolling_9m_3m,3,11,0.4181226483566934
volatility,XGBoost,candidate_6,rolling_9m_3m,3,12,0.41232957266978615
volatility,XGBoost,candidate_6,rolling_9m_3m,3,13,0.33374549896448047
volatility,XGBoost,candidate_6,rolling_9m_3m,3,14,0.49996879553855267
volatility,XGBoost,candidate_6,rolling_9m_3m,3,15,0.34276938580558575
volatility,XGBoost,candidate_6,rolling_9m_3m,3,16,0.45959247291211225
volatility,XGBoost,candidate_6,rolling_9m_3m,3,17,0.4694884894748609
volatility,XGBoost,candidate_6,rolling_9m_3m,3,18,0.4398416060467888
volatility,XGBoost,candidate_6,rolling_9m_3m,3,19,0.4663042914609355
volatility,XGBoost,candidate_6,rolling_9m_3m,3,20,0.4666149593738877
volatility,XGBoost,candidate_6,rolling_9m_3m,3,21,0.4956082142681018
volatility,XGBoost,candidate_6,rolling_9m_3m,3,22,0.5900569593550772
volatility,XGBoost,candidate_6,rolling_9m_3m,3,23,0.4897686340306973
volatility,XGBoost,candidate_6,rolling_9m_3m,3,24,0.49967761790849863
volatility,XGBoost,candidate_6,rolling_9m_3m,3,25,0.48410994366883503
volatility,XGBoost,candidate_6,rolling_9m_3m,3,26,0.44779821891571103
volatility,XGBoost,candidate_6,rolling_9m_3m,3,27,0.46505896954124476
volatility,XGBoost,candidate_6,rolling_9m_3m,3,28,0.4447917475356031
volatility,XGBoost,candidate_6,rolling_9m_3m,3,29,0.4501842392714163
volatility,XGBoost,candidate_6,rolling_9m_3m,3,30,0.4387989992514893
volatility,XGBoost,candidate_6,rolling_9m_3m,3,31,0.4689521368704716
volatility,ElasticNet,D,expanding,3,0,0.4350999164184964
volatility,ElasticNet,D,expanding,3,1,0.4677375655812396
volatility,ElasticNet,D,expanding,3,2,0.4637193735752534
volatility,ElasticNet,D,expanding,3,3,0.5576118687385313
volatility,ElasticNet,D,expanding,3,4,0.5138585730227752
volatility,ElasticNet,D,expanding,3,5,0.4867009758135146
volatility,ElasticNet,D,expanding,3,6,0.4620706164245755
volatility,ElasticNet,D,expanding,3,7,0.4500176756962057
volatility,ElasticNet,D,expanding,3,8,0.4721008182591463
volatility,ElasticNet,D,expanding,3,9,0.579989875026854
volatility,ElasticNet,D,expanding,3,10,0.5736137221413826
volatility,ElasticNet,D,expanding,3,11,0.4962891211218049
volatility,ElasticNet,D,expanding,3,12,0.5202988267194664
volatility,ElasticNet,D,expanding,3,13,0.49956653203797946
volatility,ElasticNet,D,expanding,3,14,0.508183521339878
volatility,ElasticNet,D,expanding,3,15,0.4772625114315108
volatility,ElasticNet,D,expanding,3,16,0.5287889612149269
volatility,ElasticNet,D,expanding,3,17,0.5931398953764188
volatility,ElasticNet,D,expanding,3,18,0.5425561377770216
volatility,ElasticNet,D,expanding,3,19,0.530342562035324
volatility,ElasticNet,D,expanding,3,20,0.5168058955102544
volatility,ElasticNet,D,expanding,3,21,0.49474806871901295
volatility,ElasticNet,D,expanding,3,22,0.4698583800516012
volatility,ElasticNet,D,expanding,3,23,0.4632894508403708
volatility,ElasticNet,D,expanding,3,24,0.46198424451655423
volatility,ElasticNet,D,expanding,3,25,0.4181316891906926
volatility,ElasticNet,D,expanding,3,26,0.48069951946263123
volatility,ElasticNet,D,rolling_9m_3m,3,0,0.4383873771180201
volatility,ElasticNet,D,rolling_9m_3m,3,1,0.4800414122918498
volatility,ElasticNet,D,rolling_9m_3m,3,2,0.4935036523846228
volatility,ElasticNet,D,rolling_9m_3m,3,3,0.47194017955792217
volatility,ElasticNet,D,rolling_9m_3m,3,4,0.44457486489085063
volatility,ElasticNet,D,rolling_9m_3m,3,5,0.4433848808936147
volatility,ElasticNet,D,rolling_9m_3m,3,6,0.467948576712743
volatility,ElasticNet,D,rolling_9m_3m,3,7,0.4547038568482392
volatility,ElasticNet,D,rolling_9m_3m,3,8,0.5720060170895763
volatility,ElasticNet,D,rolling_9m_3m,3,9,0.4996927145461105
volatility,ElasticNet,D,rolling_9m_3m,3,10,0.48513745387514423
volatility,ElasticNet,D,rolling_9m_3m,3,11,0.45483829069385595
volatility,ElasticNet,D,rolling_9m_3m,3,12,0.42680452821952103
volatility,ElasticNet,D,rolling_9m_3m,3,13,0.46767346982831876
volatility,ElasticNet,D,rolling_9m_3m,3,14,0.5697566420548628
volatility,ElasticNet,D,rolling_9m_3m,3,15,0.5589948327519901
volatility,ElasticNet,D,rolling_9m_3m,3,16,0.49567824197157595
volatility,ElasticNet,D,rolling_9m_3m,3,17,0.4926244984033377
volatility,ElasticNet,D,rolling_9m_3m,3,18,0.4890542713132502
volatility,ElasticNet,D,rolling_9m_3m,3,19,0.5041192500050048
volatility,ElasticNet,D,rolling_9m_3m,3,20,0.47642874964539733
volatility,ElasticNet,D,rolling_9m_3m,3,21,0.5169299776674438
volatility,ElasticNet,D,rolling_9m_3m,3,22,0.596757858957777
volatility,ElasticNet,D,rolling_9m_3m,3,23,0.5388077426875474
volatility,ElasticNet,D,rolling_9m_3m,3,24,0.52138719094639
volatility,ElasticNet,D,rolling_9m_3m,3,25,0.5145274055975707
volatility,ElasticNet,D,rolling_9m_3m,3,26,0.4935905835669856
volatility,ElasticNet,D,rolling_9m_3m,3,27,0.4651237867566972
volatility,ElasticNet,D,rolling_9m_3m,3,28,0.4609189961628627
volatility,ElasticNet,D,rolling_9m_3m,3,29,0.4609501928264205
volatility,ElasticNet,D,rolling_9m_3m,3,30,0.42134970612359296
volatility,ElasticNet,D,rolling_9m_3m,3,31,0.4586610555601561
volatility,OLS,D,expanding,3,0,0.4209263262294731
volatility,OLS,D,expanding,3,1,0.4611278227828369
volatility,OLS,D,expanding,3,2,0.4530675591429411
volatility,OLS,D,expanding,3,3,0.5473038537472709
volatility,OLS,D,expanding,3,4,0.5148981749786069
volatility,OLS,D,expanding,3,5,0.48339179929286835
volatility,OLS,D,expanding,3,6,0.4642374185087631
volatility,OLS,D,expanding,3,7,0.44554267723126456
volatility,OLS,D,expanding,3,8,0.4675415199422942
volatility,OLS,D,expanding,3,9,0.5700176972066513
volatility,OLS,D,expanding,3,10,0.5726209412322708
volatility,OLS,D,expanding,3,11,0.49676333482114743
volatility,OLS,D,expanding,3,12,0.5202957924995338
volatility,OLS,D,expanding,3,13,0.5007522179973325
volatility,OLS,D,expanding,3,14,0.5073645051651142
volatility,OLS,D,expanding,3,15,0.47584263600751336
volatility,OLS,D,expanding,3,16,0.5266573310345805
volatility,OLS,D,expanding,3,17,0.5919237819298462
volatility,OLS,D,expanding,3,18,0.5416218142696088
volatility,OLS,D,expanding,3,19,0.5283728022569575
volatility,OLS,D,expanding,3,20,0.5139422196637121
volatility,OLS,D,expanding,3,21,0.4910243380012191
volatility,OLS,D,expanding,3,22,0.4695050294462326
volatility,OLS,D,expanding,3,23,0.46398666226669905
volatility,OLS,D,expanding,3,24,0.4616117573999567
volatility,OLS,D,expanding,3,25,0.41710845955165116
volatility,OLS,D,expanding,3,26,0.48043845353095965
volatility,OLS,D,rolling_9m_3m,3,0,0.4254833934853777
volatility,OLS,D,rolling_9m_3m,3,1,0.4839524587124719
volatility,OLS,D,rolling_9m_3m,3,2,0.4611056289408663
volatility,OLS,D,rolling_9m_3m,3,3,0.4327656815345718
volatility,OLS,D,rolling_9m_3m,3,4,0.4290919144594098
volatility,OLS,D,rolling_9m_3m,3,5,0.4115307538735338
volatility,OLS,D,rolling_9m_3m,3,6,0.4398838568459729
volatility,OLS,D,rolling_9m_3m,3,7,0.4293841648756865
volatility,OLS,D,rolling_9m_3m,3,8,0.5066755012808046
volatility,OLS,D,rolling_9m_3m,3,9,0.47881206923223124
volatility,OLS,D,rolling_9m_3m,3,10,0.46060605337493815
volatility,OLS,D,rolling_9m_3m,3,11,0.4388296610426307
volatility,OLS,D,rolling_9m_3m,3,12,0.42040140420837935
volatility,OLS,D,rolling_9m_3m,3,13,0.3580281540322941
volatility,OLS,D,rolling_9m_3m,3,14,0.5584554055179772
volatility,OLS,D,rolling_9m_3m,3,15,0.5577533066830537
volatility,OLS,D,rolling_9m_3m,3,16,0.49090352373377294
volatility,OLS,D,rolling_9m_3m,3,17,0.4811876620386791
volatility,OLS,D,rolling_9m_3m,3,18,0.4699552937337639
volatility,OLS,D,rolling_9m_3m,3,19,0.5081764903198968
volatility,OLS,D,rolling_9m_3m,3,20,0.4428202300022412
volatility,OLS,D,rolling_9m_3m,3,21,0.5128246467104277
volatility,OLS,D,rolling_9m_3m,3,22,0.587789022527095
volatility,OLS,D,rolling_9m_3m,3,23,0.5070489881434542
volatility,OLS,D,rolling_9m_3m,3,24,0.5161307222859408
volatility,OLS,D,rolling_9m_3m,3,25,0.494945770817068
volatility,OLS,D,rolling_9m_3m,3,26,0.46250900762244873
volatility,OLS,D,rolling_9m_3m,3,27,0.4560675714501247
volatility,OLS,D,rolling_9m_3m,3,28,0.4212519379771964
volatility,OLS,D,rolling_9m_3m,3,29,0.45006036702621827
volatility,OLS,D,rolling_9m_3m,3,30,0.3922553559038841
volatility,OLS,D,rolling_9m_3m,3,31,0.44593640431012943
volatility,XGBoost,D,expanding,3,0,0.4393530246661028
volatility,XGBoost,D,expanding,3,1,0.4698344582236076
volatility,XGBoost,D,expanding,3,2,0.4588088177860868
volatility,XGBoost,D,expanding,3,3,0.5470449276927776
volatility,XGBoost,D,expanding,3,4,0.5088765010633534
volatility,XGBoost,D,expanding,3,5,0.48466648231160886
volatility,XGBoost,D,expanding,3,6,0.45817565202548705
volatility,XGBoost,D,expanding,3,7,0.4433812016421374
volatility,XGBoost,D,expanding,3,8,0.4300539031095397
volatility,XGBoost,D,expanding,3,9,0.5555515828717283
volatility,XGBoost,D,expanding,3,10,0.549689917516632
volatility,XGBoost,D,expanding,3,11,0.47962221601939714
volatility,XGBoost,D,expanding,3,12,0.5108224508955514
volatility,XGBoost,D,expanding,3,13,0.4884765355315482
volatility,XGBoost,D,expanding,3,14,0.46907532810205915
volatility,XGBoost,D,expanding,3,15,0.4779621955727035
volatility,XGBoost,D,expanding,3,16,0.5236770365143608
volatility,XGBoost,D,expanding,3,17,0.5854876339241109
volatility,XGBoost,D,expanding,3,18,0.5409604275641373
volatility,XGBoost,D,expanding,3,19,0.5255224560524631
volatility,XGBoost,D,expanding,3,20,0.5182756716455076
volatility,XGBoost,D,expanding,3,21,0.49733240451327304
volatility,XGBoost,D,expanding,3,22,0.47779957184715427
volatility,XGBoost,D,expanding,3,23,0.46480188392274274
volatility,XGBoost,D,expanding,3,24,0.4555186950147907
volatility,XGBoost,D,expanding,3,25,0.4234020594610849
volatility,XGBoost,D,expanding,3,26,0.48248470323544035
volatility,XGBoost,D,rolling_9m_3m,3,0,0.44168583482890306
volatility,XGBoost,D,rolling_9m_3m,3,1,0.46259613551191553
volatility,XGBoost,D,rolling_9m_3m,3,2,0.4613385231979443
volatility,XGBoost,D,rolling_9m_3m,3,3,0.4763020846013304
volatility,XGBoost,D,rolling_9m_3m,3,4,0.4123566300697468
volatility,XGBoost,D,rolling_9m_3m,3,5,0.3720434572075656
volatility,XGBoost,D,rolling_9m_3m,3,6,0.4628351612178069
volatility,XGBoost,D,rolling_9m_3m,3,7,0.4479850412060519
volatility,XGBoost,D,rolling_9m_3m,3,8,0.5411234445088072
volatility,XGBoost,D,rolling_9m_3m,3,9,0.4742867195908038
volatility,XGBoost,D,rolling_9m_3m,3,10,0.46106043553444914
volatility,XGBoost,D,rolling_9m_3m,3,11,0.4518897980959037
volatility,XGBoost,D,rolling_9m_3m,3,12,0.4397995640743497
volatility,XGBoost,D,rolling_9m_3m,3,13,0.4017579646485037
volatility,XGBoost,D,rolling_9m_3m,3,14,0.5072304595707059
volatility,XGBoost,D,rolling_9m_3m,3,15,0.5514600786795739
volatility,XGBoost,D,rolling_9m_3m,3,16,0.4604015779617701
volatility,XGBoost,D,rolling_9m_3m,3,17,0.48730231809542235
volatility,XGBoost,D,rolling_9m_3m,3,18,0.4716422956029131
volatility,XGBoost,D,rolling_9m_3m,3,19,0.4836497129738163
volatility,XGBoost,D,rolling_9m_3m,3,20,0.47371340878984913
volatility,XGBoost,D,rolling_9m_3m,3,21,0.5010165229667083
volatility,XGBoost,D,rolling_9m_3m,3,22,0.5821189709835931
volatility,XGBoost,D,rolling_9m_3m,3,23,0.5310332341945565
volatility,XGBoost,D,rolling_9m_3m,3,24,0.5160143069376204
volatility,XGBoost,D,rolling_9m_3m,3,25,0.51531517279464
volatility,XGBoost,D,rolling_9m_3m,3,26,0.4517332440230542
volatility,XGBoost,D,rolling_9m_3m,3,27,0.463517739270388
volatility,XGBoost,D,rolling_9m_3m,3,28,0.4435261325504906
volatility,XGBoost,D,rolling_9m_3m,3,29,0.45010073958936475
volatility,XGBoost,D,rolling_9m_3m,3,30,0.4266932813093656
volatility,XGBoost,D,rolling_9m_3m,3,31,0.46325001612702155
volatility,ElasticNet,repr_svi,expanding,3,0,0.42828875404777467
volatility,ElasticNet,repr_svi,expanding,3,1,0.45086619940440636
volatility,ElasticNet,repr_svi,expanding,3,2,0.45594214154942087
volatility,ElasticNet,repr_svi,expanding,3,3,0.5555345018809348
volatility,ElasticNet,repr_svi,expanding,3,4,0.5126612878039223
volatility,ElasticNet,repr_svi,expanding,3,5,0.48241150855888787
volatility,ElasticNet,repr_svi,expanding,3,6,0.4603594422536869
volatility,ElasticNet,repr_svi,expanding,3,7,0.4558353139447899
volatility,ElasticNet,repr_svi,expanding,3,8,0.4482126782083655
volatility,ElasticNet,repr_svi,expanding,3,9,0.5717827913997766
volatility,ElasticNet,repr_svi,expanding,3,10,0.5595783883871139
volatility,ElasticNet,repr_svi,expanding,3,11,0.4913420103653138
volatility,ElasticNet,repr_svi,expanding,3,12,0.5216181822734732
volatility,ElasticNet,repr_svi,expanding,3,13,0.49440559247887333
volatility,ElasticNet,repr_svi,expanding,3,14,0.4940121099553873
volatility,ElasticNet,repr_svi,expanding,3,15,0.46141278581218287
volatility,ElasticNet,repr_svi,expanding,3,16,0.5270243181915993
volatility,ElasticNet,repr_svi,expanding,3,17,0.5886127219267933
volatility,ElasticNet,repr_svi,expanding,3,18,0.5364594517659822
volatility,ElasticNet,repr_svi,expanding,3,19,0.5186683834073789
volatility,ElasticNet,repr_svi,expanding,3,20,0.5059333996397578
volatility,ElasticNet,repr_svi,expanding,3,21,0.4891665653516219
volatility,ElasticNet,repr_svi,expanding,3,22,0.4576108105838335
volatility,ElasticNet,repr_svi,expanding,3,23,0.4511702323633526
volatility,ElasticNet,repr_svi,expanding,3,24,0.4496893551682775
volatility,ElasticNet,repr_svi,expanding,3,25,0.4003299905994983
volatility,ElasticNet,repr_svi,expanding,3,26,0.4716047381744353
volatility,ElasticNet,repr_svi,rolling_9m_3m,3,0,0.42904656428221827
volatility,ElasticNet,repr_svi,rolling_9m_3m,3,1,0.4733422899072873
volatility,ElasticNet,repr_svi,rolling_9m_3m,3,2,0.46811430113956687
volatility,ElasticNet,repr_svi,rolling_9m_3m,3,3,0.4501397316054683
volatility,ElasticNet,repr_svi,rolling_9m_3m,3,4,0.4209307258659891
volatility,ElasticNet,repr_svi,rolling_9m_3m,3,5,0.4291982698744782
volatility,ElasticNet,repr_svi,rolling_9m_3m,3,6,0.4429449456360685
volatility,ElasticNet,repr_svi,rolling_9m_3m,3,7,0.4464680720033806
volatility,ElasticNet,repr_svi,rolling_9m_3m,3,8,0.5558258879589676
volatility,ElasticNet,repr_svi,rolling_9m_3m,3,9,0.4791306827223621
volatility,ElasticNet,repr_svi,rolling_9m_3m,3,10,0.47542614813882467
volatility,ElasticNet,repr_svi,rolling_9m_3m,3,11,0.4356418791443377
volatility,ElasticNet,repr_svi,rolling_9m_3m,3,12,0.44066066741955756
volatility,ElasticNet,repr_svi,rolling_9m_3m,3,13,0.3961011896752624
volatility,ElasticNet,repr_svi,rolling_9m_3m,3,14,0.5537492311644965
volatility,ElasticNet,repr_svi,rolling_9m_3m,3,15,0.535786251260208
volatility,ElasticNet,repr_svi,rolling_9m_3m,3,16,0.4909580211138462
volatility,ElasticNet,repr_svi,rolling_9m_3m,3,17,0.5135607170775454
volatility,ElasticNet,repr_svi,rolling_9m_3m,3,18,0.47017226835980325
volatility,ElasticNet,repr_svi,rolling_9m_3m,3,19,0.4917282002981348
volatility,ElasticNet,repr_svi,rolling_9m_3m,3,20,0.4472092465724998
volatility,ElasticNet,repr_svi,rolling_9m_3m,3,21,0.516111142848354
volatility,ElasticNet,repr_svi,rolling_9m_3m,3,22,0.58802673162345
volatility,ElasticNet,repr_svi,rolling_9m_3m,3,23,0.5247062369402118
volatility,ElasticNet,repr_svi,rolling_9m_3m,3,24,0.5162105048321173
volatility,ElasticNet,repr_svi,rolling_9m_3m,3,25,0.49024807293902
volatility,ElasticNet,repr_svi,rolling_9m_3m,3,26,0.49095113308583865
volatility,ElasticNet,repr_svi,rolling_9m_3m,3,27,0.45918563001810275
volatility,ElasticNet,repr_svi,rolling_9m_3m,3,28,0.45384549361492016
volatility,ElasticNet,repr_svi,rolling_9m_3m,3,29,0.4364587158804584
volatility,ElasticNet,repr_svi,rolling_9m_3m,3,30,0.418985630283161
volatility,ElasticNet,repr_svi,rolling_9m_3m,3,31,0.44314514676458405
volatility,OLS,repr_svi,expanding,3,0,0.42550243654201675
volatility,OLS,repr_svi,expanding,3,1,0.4404196509424512
volatility,OLS,repr_svi,expanding,3,2,0.4531981059776847
volatility,OLS,repr_svi,expanding,3,3,0.5505494971593006
volatility,OLS,repr_svi,expanding,3,4,0.5134411453148829
volatility,OLS,repr_svi,expanding,3,5,0.4815729907580414
volatility,OLS,repr_svi,expanding,3,6,0.4624733277958977
volatility,OLS,repr_svi,expanding,3,7,0.4484622254213533
volatility,OLS,repr_svi,expanding,3,8,0.45720569575300163
volatility,OLS,repr_svi,expanding,3,9,0.5681661724502609
volatility,OLS,repr_svi,expanding,3,10,0.5613568734139741
volatility,OLS,repr_svi,expanding,3,11,0.4881622769176986
volatility,OLS,repr_svi,expanding,3,12,0.5211800792789355
volatility,OLS,repr_svi,expanding,3,13,0.49644273635300296
volatility,OLS,repr_svi,expanding,3,14,0.49121083441117885
volatility,OLS,repr_svi,expanding,3,15,0.4637551408230296
volatility,OLS,repr_svi,expanding,3,16,0.5269763007892667
volatility,OLS,repr_svi,expanding,3,17,0.5871351329130053
volatility,OLS,repr_svi,expanding,3,18,0.5354903254071836
volatility,OLS,repr_svi,expanding,3,19,0.5161506923357487
volatility,OLS,repr_svi,expanding,3,20,0.4996171023701862
volatility,OLS,repr_svi,expanding,3,21,0.4858972526638185
volatility,OLS,repr_svi,expanding,3,22,0.456545122791393
volatility,OLS,repr_svi,expanding,3,23,0.44804625532270187
volatility,OLS,repr_svi,expanding,3,24,0.45089266401650224
volatility,OLS,repr_svi,expanding,3,25,0.3945195117430938
volatility,OLS,repr_svi,expanding,3,26,0.47388676420570885
volatility,OLS,repr_svi,rolling_9m_3m,3,0,0.41845816162488075
volatility,OLS,repr_svi,rolling_9m_3m,3,1,0.48327240898527607
volatility,OLS,repr_svi,rolling_9m_3m,3,2,0.45131904101150194
volatility,OLS,repr_svi,rolling_9m_3m,3,3,0.4177441277164591
volatility,OLS,repr_svi,rolling_9m_3m,3,4,0.4098956279353942
volatility,OLS,repr_svi,rolling_9m_3m,3,5,0.41095847019107823
volatility,OLS,repr_svi,rolling_9m_3m,3,6,0.4249437269513029
volatility,OLS,repr_svi,rolling_9m_3m,3,7,0.43738411407979205
volatility,OLS,repr_svi,rolling_9m_3m,3,8,0.5168586529256614
volatility,OLS,repr_svi,rolling_9m_3m,3,9,0.47712833990297077
volatility,OLS,repr_svi,rolling_9m_3m,3,10,0.4543103753835486
volatility,OLS,repr_svi,rolling_9m_3m,3,11,0.4469971171866911
volatility,OLS,repr_svi,rolling_9m_3m,3,12,0.42145418675500457
volatility,OLS,repr_svi,rolling_9m_3m,3,13,0.3972222510508087
volatility,OLS,repr_svi,rolling_9m_3m,3,14,0.5377517812028255
volatility,OLS,repr_svi,rolling_9m_3m,3,15,0.534462372911286
volatility,OLS,repr_svi,rolling_9m_3m,3,16,0.48981130918638327
volatility,OLS,repr_svi,rolling_9m_3m,3,17,0.49250510708041145
volatility,OLS,repr_svi,rolling_9m_3m,3,18,0.4766204635185972
volatility,OLS,repr_svi,rolling_9m_3m,3,19,0.5007472411791215
volatility,OLS,repr_svi,rolling_9m_3m,3,20,0.4380921620239962
volatility,OLS,repr_svi,rolling_9m_3m,3,21,0.4992880604003677
volatility,OLS,repr_svi,rolling_9m_3m,3,22,0.5892319586566894
volatility,OLS,repr_svi,rolling_9m_3m,3,23,0.5019098112652425
volatility,OLS,repr_svi,rolling_9m_3m,3,24,0.522323586093619
volatility,OLS,repr_svi,rolling_9m_3m,3,25,0.4924177773481043
volatility,OLS,repr_svi,rolling_9m_3m,3,26,0.463446923367253
volatility,OLS,repr_svi,rolling_9m_3m,3,27,0.45751568255753916
volatility,OLS,repr_svi,rolling_9m_3m,3,28,0.4416833880085815
volatility,OLS,repr_svi,rolling_9m_3m,3,29,0.4579755168444894
volatility,OLS,repr_svi,rolling_9m_3m,3,30,0.3878978324439581
volatility,OLS,repr_svi,rolling_9m_3m,3,31,0.4479539421140209
volatility,XGBoost,repr_svi,expanding,3,0,0.42011736802853794
volatility,XGBoost,repr_svi,expanding,3,1,0.47033061881301713
volatility,XGBoost,repr_svi,expanding,3,2,0.45787098660448017
volatility,XGBoost,repr_svi,expanding,3,3,0.5363429451537651
volatility,XGBoost,repr_svi,expanding,3,4,0.4972269722577696
volatility,XGBoost,repr_svi,expanding,3,5,0.48086904616498316
volatility,XGBoost,repr_svi,expanding,3,6,0.4363413128117848
volatility,XGBoost,repr_svi,expanding,3,7,0.4283081994061664
volatility,XGBoost,repr_svi,expanding,3,8,0.3852796551407072
volatility,XGBoost,repr_svi,expanding,3,9,0.5296639499294515
volatility,XGBoost,repr_svi,expanding,3,10,0.5417371471270752
volatility,XGBoost,repr_svi,expanding,3,11,0.45967776654070114
volatility,XGBoost,repr_svi,expanding,3,12,0.4939809625511146
volatility,XGBoost,repr_svi,expanding,3,13,0.468349623593281
volatility,XGBoost,repr_svi,expanding,3,14,0.4834930204920055
volatility,XGBoost,repr_svi,expanding,3,15,0.46272431517132984
volatility,XGBoost,repr_svi,expanding,3,16,0.5257513059875482
volatility,XGBoost,repr_svi,expanding,3,17,0.5891522873969494
volatility,XGBoost,repr_svi,expanding,3,18,0.5311068401849854
volatility,XGBoost,repr_svi,expanding,3,19,0.5250995694965058
volatility,XGBoost,repr_svi,expanding,3,20,0.5045202134500483
volatility,XGBoost,repr_svi,expanding,3,21,0.48793516032434486
volatility,XGBoost,repr_svi,expanding,3,22,0.47292469645070895
volatility,XGBoost,repr_svi,expanding,3,23,0.4595379971177003
volatility,XGBoost,repr_svi,expanding,3,24,0.4451758239772987
volatility,XGBoost,repr_svi,expanding,3,25,0.41718033917556685
volatility,XGBoost,repr_svi,expanding,3,26,0.4651267892710922
volatility,XGBoost,repr_svi,rolling_9m_3m,3,0,0.4347119208731117
volatility,XGBoost,repr_svi,rolling_9m_3m,3,1,0.46285671973712833
volatility,XGBoost,repr_svi,rolling_9m_3m,3,2,0.43643724522419586
volatility,XGBoost,repr_svi,rolling_9m_3m,3,3,0.4654887874131852
volatility,XGBoost,repr_svi,rolling_9m_3m,3,4,0.42514950082121955
volatility,XGBoost,repr_svi,rolling_9m_3m,3,5,0.36740796112578117
volatility,XGBoost,repr_svi,rolling_9m_3m,3,6,0.4532247343851164
volatility,XGBoost,repr_svi,rolling_9m_3m,3,7,0.43331824636205024
volatility,XGBoost,repr_svi,rolling_9m_3m,3,8,0.542369096243188
volatility,XGBoost,repr_svi,rolling_9m_3m,3,9,0.46519167497050545
volatility,XGBoost,repr_svi,rolling_9m_3m,3,10,0.4487023152901267
volatility,XGBoost,repr_svi,rolling_9m_3m,3,11,0.4123542316532235
volatility,XGBoost,repr_svi,rolling_9m_3m,3,12,0.42076406468593847
volatility,XGBoost,repr_svi,rolling_9m_3m,3,13,0.36325091590202474
volatility,XGBoost,repr_svi,rolling_9m_3m,3,14,0.5007084087097531
volatility,XGBoost,repr_svi,rolling_9m_3m,3,15,0.5297783651672464
volatility,XGBoost,repr_svi,rolling_9m_3m,3,16,0.474890347825535
volatility,XGBoost,repr_svi,rolling_9m_3m,3,17,0.499471962029144
volatility,XGBoost,repr_svi,rolling_9m_3m,3,18,0.44367671356175636
volatility,XGBoost,repr_svi,rolling_9m_3m,3,19,0.46928779931416836
volatility,XGBoost,repr_svi,rolling_9m_3m,3,20,0.45411599763418725
volatility,XGBoost,repr_svi,rolling_9m_3m,3,21,0.5029066257528267
volatility,XGBoost,repr_svi,rolling_9m_3m,3,22,0.5609128443374344
volatility,XGBoost,repr_svi,rolling_9m_3m,3,23,0.5178193246136386
volatility,XGBoost,repr_svi,rolling_9m_3m,3,24,0.5007252047138857
volatility,XGBoost,repr_svi,rolling_9m_3m,3,25,0.4836983829007042
volatility,XGBoost,repr_svi,rolling_9m_3m,3,26,0.4719188839316013
volatility,XGBoost,repr_svi,rolling_9m_3m,3,27,0.4497115154366114
volatility,XGBoost,repr_svi,rolling_9m_3m,3,28,0.44546693471035304
volatility,XGBoost,repr_svi,rolling_9m_3m,3,29,0.42800642543153405
volatility,XGBoost,repr_svi,rolling_9m_3m,3,30,0.4155754460878755
volatility,XGBoost,repr_svi,rolling_9m_3m,3,31,0.44512436779237635
volatility,ElasticNet,repr_grid,expanding,3,0,0.4347890905481551
volatility,ElasticNet,repr_grid,expanding,3,1,0.46747625361459777
volatility,ElasticNet,repr_grid,expanding,3,2,0.4635842184357603
volatility,ElasticNet,repr_grid,expanding,3,3,0.5578012440817466
volatility,ElasticNet,repr_grid,expanding,3,4,0.5141580407366146
volatility,ElasticNet,repr_grid,expanding,3,5,0.4870059161915889
volatility,ElasticNet,repr_grid,expanding,3,6,0.4620542883898527
volatility,ElasticNet,repr_grid,expanding,3,7,0.4485070002279156
volatility,ElasticNet,repr_grid,expanding,3,8,0.4714755119080794
volatility,ElasticNet,repr_grid,expanding,3,9,0.5784531478934786
volatility,ElasticNet,repr_grid,expanding,3,10,0.5732576128372018
volatility,ElasticNet,repr_grid,expanding,3,11,0.4957679851293927
volatility,ElasticNet,repr_grid,expanding,3,12,0.5184970371714263
volatility,ElasticNet,repr_grid,expanding,3,13,0.4977975469413004
volatility,ElasticNet,repr_grid,expanding,3,14,0.5076712822383252
volatility,ElasticNet,repr_grid,expanding,3,15,0.4783244395813222
volatility,ElasticNet,repr_grid,expanding,3,16,0.5278592553019855
volatility,ElasticNet,repr_grid,expanding,3,17,0.5916417564185434
volatility,ElasticNet,repr_grid,expanding,3,18,0.5405519552966633
volatility,ElasticNet,repr_grid,expanding,3,19,0.5307599311936573
volatility,ElasticNet,repr_grid,expanding,3,20,0.5169259111152126
volatility,ElasticNet,repr_grid,expanding,3,21,0.49434721687746125
volatility,ElasticNet,repr_grid,expanding,3,22,0.4703505898139911
volatility,ElasticNet,repr_grid,expanding,3,23,0.46124611994766634
volatility,ElasticNet,repr_grid,expanding,3,24,0.45953423747507144
volatility,ElasticNet,repr_grid,expanding,3,25,0.4194474420444811
volatility,ElasticNet,repr_grid,expanding,3,26,0.4811436867753141
volatility,ElasticNet,repr_grid,rolling_9m_3m,3,0,0.4385557272517555
volatility,ElasticNet,repr_grid,rolling_9m_3m,3,1,0.47924195822952137
volatility,ElasticNet,repr_grid,rolling_9m_3m,3,2,0.49149437944928337
volatility,ElasticNet,repr_grid,rolling_9m_3m,3,3,0.47203185723818086
volatility,ElasticNet,repr_grid,rolling_9m_3m,3,4,0.4444819955670431
volatility,ElasticNet,repr_grid,rolling_9m_3m,3,5,0.4434604887716773
volatility,ElasticNet,repr_grid,rolling_9m_3m,3,6,0.46801061525489474
volatility,ElasticNet,repr_grid,rolling_9m_3m,3,7,0.4548246723094787
volatility,ElasticNet,repr_grid,rolling_9m_3m,3,8,0.5720060170895763
volatility,ElasticNet,repr_grid,rolling_9m_3m,3,9,0.5009277714524173
volatility,ElasticNet,repr_grid,rolling_9m_3m,3,10,0.48254022549534936
volatility,ElasticNet,repr_grid,rolling_9m_3m,3,11,0.4537482448052268
volatility,ElasticNet,repr_grid,rolling_9m_3m,3,12,0.42674485395929573
volatility,ElasticNet,repr_grid,rolling_9m_3m,3,13,0.46770387749107517
volatility,ElasticNet,repr_grid,rolling_9m_3m,3,14,0.5720940779515766
volatility,ElasticNet,repr_grid,rolling_9m_3m,3,15,0.5568734348997396
volatility,ElasticNet,repr_grid,rolling_9m_3m,3,16,0.4961086513004004
volatility,ElasticNet,repr_grid,rolling_9m_3m,3,17,0.4914280601450748
volatility,ElasticNet,repr_grid,rolling_9m_3m,3,18,0.4888225371254247
volatility,ElasticNet,repr_grid,rolling_9m_3m,3,19,0.5030424785907883
volatility,ElasticNet,repr_grid,rolling_9m_3m,3,20,0.47803831612930636
volatility,ElasticNet,repr_grid,rolling_9m_3m,3,21,0.5168744200541988
volatility,ElasticNet,repr_grid,rolling_9m_3m,3,22,0.5960864891297342
volatility,ElasticNet,repr_grid,rolling_9m_3m,3,23,0.5388313049747467
volatility,ElasticNet,repr_grid,rolling_9m_3m,3,24,0.5224986780217639
volatility,ElasticNet,repr_grid,rolling_9m_3m,3,25,0.5156126240010702
volatility,ElasticNet,repr_grid,rolling_9m_3m,3,26,0.4925784445249385
volatility,ElasticNet,repr_grid,rolling_9m_3m,3,27,0.46320891148301585
volatility,ElasticNet,repr_grid,rolling_9m_3m,3,28,0.4599777602141783
volatility,ElasticNet,repr_grid,rolling_9m_3m,3,29,0.46104685191311756
volatility,ElasticNet,repr_grid,rolling_9m_3m,3,30,0.42044298006712805
volatility,ElasticNet,repr_grid,rolling_9m_3m,3,31,0.4601783012260551
volatility,OLS,repr_grid,expanding,3,0,0.41990960003026984
volatility,OLS,repr_grid,expanding,3,1,0.45984059635224367
volatility,OLS,repr_grid,expanding,3,2,0.45260117087752577
volatility,OLS,repr_grid,expanding,3,3,0.5462126760061837
volatility,OLS,repr_grid,expanding,3,4,0.5148881891434502
volatility,OLS,repr_grid,expanding,3,5,0.48370571202962187
volatility,OLS,repr_grid,expanding,3,6,0.46528913684141027
volatility,OLS,repr_grid,expanding,3,7,0.4456415240000445
volatility,OLS,repr_grid,expanding,3,8,0.465606086130842
volatility,OLS,repr_grid,expanding,3,9,0.567330548597934
volatility,OLS,repr_grid,expanding,3,10,0.5723090687621389
volatility,OLS,repr_grid,expanding,3,11,0.4960244499534718
volatility,OLS,repr_grid,expanding,3,12,0.5183778446422196
volatility,OLS,repr_grid,expanding,3,13,0.4989974483954173
volatility,OLS,repr_grid,expanding,3,14,0.5062381259988076
volatility,OLS,repr_grid,expanding,3,15,0.47785912277283904
volatility,OLS,repr_grid,expanding,3,16,0.5272748959314877
volatility,OLS,repr_grid,expanding,3,17,0.5907189210955639
volatility,OLS,repr_grid,expanding,3,18,0.5399754639723351
volatility,OLS,repr_grid,expanding,3,19,0.52870819167537
volatility,OLS,repr_grid,expanding,3,20,0.5131025498677534
volatility,OLS,repr_grid,expanding,3,21,0.4909449146787818
volatility,OLS,repr_grid,expanding,3,22,0.4697463545591317
volatility,OLS,repr_grid,expanding,3,23,0.4626093426491558
volatility,OLS,repr_grid,expanding,3,24,0.45791184007721847
volatility,OLS,repr_grid,expanding,3,25,0.41997679135636534
volatility,OLS,repr_grid,expanding,3,26,0.4808828935112646
volatility,OLS,repr_grid,rolling_9m_3m,3,0,0.42833899731397085
volatility,OLS,repr_grid,rolling_9m_3m,3,1,0.4838178012008815
volatility,OLS,repr_grid,rolling_9m_3m,3,2,0.45934497629982185
volatility,OLS,repr_grid,rolling_9m_3m,3,3,0.43029627146345584
volatility,OLS,repr_grid,rolling_9m_3m,3,4,0.4239764612495828
volatility,OLS,repr_grid,rolling_9m_3m,3,5,0.41133303592271003
volatility,OLS,repr_grid,rolling_9m_3m,3,6,0.4398988893924362
volatility,OLS,repr_grid,rolling_9m_3m,3,7,0.43282794250104406
volatility,OLS,repr_grid,rolling_9m_3m,3,8,0.5081651931789403
volatility,OLS,repr_grid,rolling_9m_3m,3,9,0.4795347559169738
volatility,OLS,repr_grid,rolling_9m_3m,3,10,0.4604582278992422
volatility,OLS,repr_grid,rolling_9m_3m,3,11,0.4385053577824371
volatility,OLS,repr_grid,rolling_9m_3m,3,12,0.42256344271170926
volatility,OLS,repr_grid,rolling_9m_3m,3,13,0.3539426637889339
volatility,OLS,repr_grid,rolling_9m_3m,3,14,0.5593560942060039
volatility,OLS,repr_grid,rolling_9m_3m,3,15,0.5545853803775787
volatility,OLS,repr_grid,rolling_9m_3m,3,16,0.4929799799378774
volatility,OLS,repr_grid,rolling_9m_3m,3,17,0.4834998422554396
volatility,OLS,repr_grid,rolling_9m_3m,3,18,0.4694662716461076
volatility,OLS,repr_grid,rolling_9m_3m,3,19,0.5095117005449529
volatility,OLS,repr_grid,rolling_9m_3m,3,20,0.4575670131885334
volatility,OLS,repr_grid,rolling_9m_3m,3,21,0.5136986834066323
volatility,OLS,repr_grid,rolling_9m_3m,3,22,0.5877549609511746
volatility,OLS,repr_grid,rolling_9m_3m,3,23,0.5074416336407521
volatility,OLS,repr_grid,rolling_9m_3m,3,24,0.5177974158071976
volatility,OLS,repr_grid,rolling_9m_3m,3,25,0.49566186067155027
volatility,OLS,repr_grid,rolling_9m_3m,3,26,0.4647234964202134
volatility,OLS,repr_grid,rolling_9m_3m,3,27,0.4567986022220674
volatility,OLS,repr_grid,rolling_9m_3m,3,28,0.4212329758464236
volatility,OLS,repr_grid,rolling_9m_3m,3,29,0.44716399135658863
volatility,OLS,repr_grid,rolling_9m_3m,3,30,0.39671989664958646
volatility,OLS,repr_grid,rolling_9m_3m,3,31,0.4464271327898104
volatility,XGBoost,repr_grid,expanding,3,0,0.4343329547584559
volatility,XGBoost,repr_grid,expanding,3,1,0.4641595550987675
volatility,XGBoost,repr_grid,expanding,3,2,0.4586007607817989
volatility,XGBoost,repr_grid,expanding,3,3,0.5467605440292858
volatility,XGBoost,repr_grid,expanding,3,4,0.5077993949443468
volatility,XGBoost,repr_grid,expanding,3,5,0.4856842389786658
volatility,XGBoost,repr_grid,expanding,3,6,0.461378912567155
volatility,XGBoost,repr_grid,expanding,3,7,0.44530401848360684
volatility,XGBoost,repr_grid,expanding,3,8,0.4145448258257751
volatility,XGBoost,repr_grid,expanding,3,9,0.5522018710263501
volatility,XGBoost,repr_grid,expanding,3,10,0.5475533372586057
volatility,XGBoost,repr_grid,expanding,3,11,0.47970721412064055
volatility,XGBoost,repr_grid,expanding,3,12,0.5081520165274521
volatility,XGBoost,repr_grid,expanding,3,13,0.4879928486948899
volatility,XGBoost,repr_grid,expanding,3,14,0.49236504469824477
volatility,XGBoost,repr_grid,expanding,3,15,0.4794620976755155
volatility,XGBoost,repr_grid,expanding,3,16,0.5234462300305603
volatility,XGBoost,repr_grid,expanding,3,17,0.586978913706018
volatility,XGBoost,repr_grid,expanding,3,18,0.5405589444653353
volatility,XGBoost,repr_grid,expanding,3,19,0.5235674418854462
volatility,XGBoost,repr_grid,expanding,3,20,0.5171092547265299
volatility,XGBoost,repr_grid,expanding,3,21,0.4976134430311954
volatility,XGBoost,repr_grid,expanding,3,22,0.47699084063167857
volatility,XGBoost,repr_grid,expanding,3,23,0.46453906467485134
volatility,XGBoost,repr_grid,expanding,3,24,0.45459855561365914
volatility,XGBoost,repr_grid,expanding,3,25,0.42335677285669165
volatility,XGBoost,repr_grid,expanding,3,26,0.48441659899278233
volatility,XGBoost,repr_grid,rolling_9m_3m,3,0,0.4448581218310644
volatility,XGBoost,repr_grid,rolling_9m_3m,3,1,0.46406320613773205
volatility,XGBoost,repr_grid,rolling_9m_3m,3,2,0.45713811129598103
volatility,XGBoost,repr_grid,rolling_9m_3m,3,3,0.47343652938528846
volatility,XGBoost,repr_grid,rolling_9m_3m,3,4,0.41941705443578187
volatility,XGBoost,repr_grid,rolling_9m_3m,3,5,0.38109258451028444
volatility,XGBoost,repr_grid,rolling_9m_3m,3,6,0.4643178198247669
volatility,XGBoost,repr_grid,rolling_9m_3m,3,7,0.44660238750777254
volatility,XGBoost,repr_grid,rolling_9m_3m,3,8,0.5448191374209662
volatility,XGBoost,repr_grid,rolling_9m_3m,3,9,0.48045259360177284
volatility,XGBoost,repr_grid,rolling_9m_3m,3,10,0.44986064368074785
volatility,XGBoost,repr_grid,rolling_9m_3m,3,11,0.4544326120012854
volatility,XGBoost,repr_grid,rolling_9m_3m,3,12,0.43242303380111213
volatility,XGBoost,repr_grid,rolling_9m_3m,3,13,0.39791037076260294
volatility,XGBoost,repr_grid,rolling_9m_3m,3,14,0.5107479248777194
volatility,XGBoost,repr_grid,rolling_9m_3m,3,15,0.5519558876545733
volatility,XGBoost,repr_grid,rolling_9m_3m,3,16,0.4595110902133573
volatility,XGBoost,repr_grid,rolling_9m_3m,3,17,0.48361327666477527
volatility,XGBoost,repr_grid,rolling_9m_3m,3,18,0.4623177052871247
volatility,XGBoost,repr_grid,rolling_9m_3m,3,19,0.4774719962001326
volatility,XGBoost,repr_grid,rolling_9m_3m,3,20,0.4732400356043039
volatility,XGBoost,repr_grid,rolling_9m_3m,3,21,0.5020754273594146
volatility,XGBoost,repr_grid,rolling_9m_3m,3,22,0.5809284033226414
volatility,XGBoost,repr_grid,rolling_9m_3m,3,23,0.5306360662134035
volatility,XGBoost,repr_grid,rolling_9m_3m,3,24,0.5177328897846332
volatility,XGBoost,repr_grid,rolling_9m_3m,3,25,0.5160363148115588
volatility,XGBoost,repr_grid,rolling_9m_3m,3,26,0.4401687123935468
volatility,XGBoost,repr_grid,rolling_9m_3m,3,27,0.45892193189271363
volatility,XGBoost,repr_grid,rolling_9m_3m,3,28,0.44247468466607787
volatility,XGBoost,repr_grid,rolling_9m_3m,3,29,0.4461594832032909
volatility,XGBoost,repr_grid,rolling_9m_3m,3,30,0.43153137986766477
volatility,XGBoost,repr_grid,rolling_9m_3m,3,31,0.4589575822331147
volatility,ElasticNet,repr_grid_raw,expanding,3,0,0.4313406764499428
volatility,ElasticNet,repr_grid_raw,expanding,3,1,0.46538418116508573
volatility,ElasticNet,repr_grid_raw,expanding,3,2,0.4616660421944014
volatility,ElasticNet,repr_grid_raw,expanding,3,3,0.5645938849934374
volatility,ElasticNet,repr_grid_raw,expanding,3,4,0.5177137477121804
volatility,ElasticNet,repr_grid_raw,expanding,3,5,0.48165233335897795
volatility,ElasticNet,repr_grid_raw,expanding,3,6,0.4607394689470862
volatility,ElasticNet,repr_grid_raw,expanding,3,7,0.4489118158253005
volatility,ElasticNet,repr_grid_raw,expanding,3,8,0.5008525505671322
volatility,ElasticNet,repr_grid_raw,expanding,3,9,0.5843620673707285
volatility,ElasticNet,repr_grid_raw,expanding,3,10,0.5718746061974093
volatility,ElasticNet,repr_grid_raw,expanding,3,11,0.49667162116417934
volatility,ElasticNet,repr_grid_raw,expanding,3,12,0.5126765314388082
volatility,ElasticNet,repr_grid_raw,expanding,3,13,0.49689324477317254
volatility,ElasticNet,repr_grid_raw,expanding,3,14,0.5033072648502223
volatility,ElasticNet,repr_grid_raw,expanding,3,15,0.47434073201706783
volatility,ElasticNet,repr_grid_raw,expanding,3,16,0.5282247253490381
volatility,ElasticNet,repr_grid_raw,expanding,3,17,0.5946868212300201
volatility,ElasticNet,repr_grid_raw,expanding,3,18,0.5386255081359296
volatility,ElasticNet,repr_grid_raw,expanding,3,19,0.5334420211838773
volatility,ElasticNet,repr_grid_raw,expanding,3,20,0.5144132491759302
volatility,ElasticNet,repr_grid_raw,expanding,3,21,0.49227454124164055
volatility,ElasticNet,repr_grid_raw,expanding,3,22,0.46793226072612426
volatility,ElasticNet,repr_grid_raw,expanding,3,23,0.4637201949796703
volatility,ElasticNet,repr_grid_raw,expanding,3,24,0.46018928719477575
volatility,ElasticNet,repr_grid_raw,expanding,3,25,0.43068410010861113
volatility,ElasticNet,repr_grid_raw,expanding,3,26,0.4825355154808976
volatility,ElasticNet,repr_grid_raw,rolling_9m_3m,3,0,0.4319028957006409
volatility,ElasticNet,repr_grid_raw,rolling_9m_3m,3,1,0.4846578595975674
volatility,ElasticNet,repr_grid_raw,rolling_9m_3m,3,2,0.49108989893192345
volatility,ElasticNet,repr_grid_raw,rolling_9m_3m,3,3,0.4598634183670916
volatility,ElasticNet,repr_grid_raw,rolling_9m_3m,3,4,0.4498420990608502
volatility,ElasticNet,repr_grid_raw,rolling_9m_3m,3,5,0.43862618758559657
volatility,ElasticNet,repr_grid_raw,rolling_9m_3m,3,6,0.4636506492003651
volatility,ElasticNet,repr_grid_raw,rolling_9m_3m,3,7,0.4518890452297998
volatility,ElasticNet,repr_grid_raw,rolling_9m_3m,3,8,0.5728649630068137
volatility,ElasticNet,repr_grid_raw,rolling_9m_3m,3,9,0.5076625692748115
volatility,ElasticNet,repr_grid_raw,rolling_9m_3m,3,10,0.47847011800455114
volatility,ElasticNet,repr_grid_raw,rolling_9m_3m,3,11,0.44954840566517323
volatility,ElasticNet,repr_grid_raw,rolling_9m_3m,3,12,0.42792064768528426
volatility,ElasticNet,repr_grid_raw,rolling_9m_3m,3,13,0.48859933100735753
volatility,ElasticNet,repr_grid_raw,rolling_9m_3m,3,14,0.5809987173271187
volatility,ElasticNet,repr_grid_raw,rolling_9m_3m,3,15,0.5572041845298041
volatility,ElasticNet,repr_grid_raw,rolling_9m_3m,3,16,0.4998837579881072
volatility,ElasticNet,repr_grid_raw,rolling_9m_3m,3,17,0.4893973997362948
volatility,ElasticNet,repr_grid_raw,rolling_9m_3m,3,18,0.4911393140110022
volatility,ElasticNet,repr_grid_raw,rolling_9m_3m,3,19,0.4990485662822554
volatility,ElasticNet,repr_grid_raw,rolling_9m_3m,3,20,0.47107843639880925
volatility,ElasticNet,repr_grid_raw,rolling_9m_3m,3,21,0.5252264173277256
volatility,ElasticNet,repr_grid_raw,rolling_9m_3m,3,22,0.5983432937230345
volatility,ElasticNet,repr_grid_raw,rolling_9m_3m,3,23,0.5393636361924264
volatility,ElasticNet,repr_grid_raw,rolling_9m_3m,3,24,0.5225720642928184
volatility,ElasticNet,repr_grid_raw,rolling_9m_3m,3,25,0.5122351466040905
volatility,ElasticNet,repr_grid_raw,rolling_9m_3m,3,26,0.4910867766672532
volatility,ElasticNet,repr_grid_raw,rolling_9m_3m,3,27,0.4689936971230502
volatility,ElasticNet,repr_grid_raw,rolling_9m_3m,3,28,0.46008039008768475
volatility,ElasticNet,repr_grid_raw,rolling_9m_3m,3,29,0.4585293177838978
volatility,ElasticNet,repr_grid_raw,rolling_9m_3m,3,30,0.42928342397280667
volatility,ElasticNet,repr_grid_raw,rolling_9m_3m,3,31,0.46981519457317356
volatility,OLS,repr_grid_raw,expanding,3,0,0.4256539357456466
volatility,OLS,repr_grid_raw,expanding,3,1,0.4595436384839759
volatility,OLS,repr_grid_raw,expanding,3,2,0.4578404492258678
volatility,OLS,repr_grid_raw,expanding,3,3,0.5556989313777545
volatility,OLS,repr_grid_raw,expanding,3,4,0.516454439663031
volatility,OLS,repr_grid_raw,expanding,3,5,0.4819760697341325
volatility,OLS,repr_grid_raw,expanding,3,6,0.464904804853083
volatility,OLS,repr_grid_raw,expanding,3,7,0.44792256659600355
volatility,OLS,repr_grid_raw,expanding,3,8,0.5028937320996395
volatility,OLS,repr_grid_raw,expanding,3,9,0.5822546646597567
volatility,OLS,repr_grid_raw,expanding,3,10,0.5748714411794527
volatility,OLS,repr_grid_raw,expanding,3,11,0.4982604503242744
volatility,OLS,repr_grid_raw,expanding,3,12,0.5141204818285451
volatility,OLS,repr_grid_raw,expanding,3,13,0.498855680572392
volatility,OLS,repr_grid_raw,expanding,3,14,0.5029271991590117
volatility,OLS,repr_grid_raw,expanding,3,15,0.47422569671792963
volatility,OLS,repr_grid_raw,expanding,3,16,0.5265672181901973
volatility,OLS,repr_grid_raw,expanding,3,17,0.5936180380259602
volatility,OLS,repr_grid_raw,expanding,3,18,0.5395204321231399
volatility,OLS,repr_grid_raw,expanding,3,19,0.5320019804039615
volatility,OLS,repr_grid_raw,expanding,3,20,0.5108896828082283
volatility,OLS,repr_grid_raw,expanding,3,21,0.4905950237816578
volatility,OLS,repr_grid_raw,expanding,3,22,0.46866645127192763
volatility,OLS,repr_grid_raw,expanding,3,23,0.4645139748148586
volatility,OLS,repr_grid_raw,expanding,3,24,0.46300108485569214
volatility,OLS,repr_grid_raw,expanding,3,25,0.4310725325740947
volatility,OLS,repr_grid_raw,expanding,3,26,0.4846818354708477
volatility,OLS,repr_grid_raw,rolling_9m_3m,3,0,0.42460218717948656
volatility,OLS,repr_grid_raw,rolling_9m_3m,3,1,0.48719129571496345
volatility,OLS,repr_grid_raw,rolling_9m_3m,3,2,0.462311171734981
volatility,OLS,repr_grid_raw,rolling_9m_3m,3,3,0.4305402816763428
volatility,OLS,repr_grid_raw,rolling_9m_3m,3,4,0.42978056658839564
volatility,OLS,repr_grid_raw,rolling_9m_3m,3,5,0.4113728266892446
volatility,OLS,repr_grid_raw,rolling_9m_3m,3,6,0.4327984577462743
volatility,OLS,repr_grid_raw,rolling_9m_3m,3,7,0.43403146765350387
volatility,OLS,repr_grid_raw,rolling_9m_3m,3,8,0.5258008703030521
volatility,OLS,repr_grid_raw,rolling_9m_3m,3,9,0.48751721423091554
volatility,OLS,repr_grid_raw,rolling_9m_3m,3,10,0.4537521531328678
volatility,OLS,repr_grid_raw,rolling_9m_3m,3,11,0.4435021866262885
volatility,OLS,repr_grid_raw,rolling_9m_3m,3,12,0.42758238979644336
volatility,OLS,repr_grid_raw,rolling_9m_3m,3,13,0.3611019535812754
volatility,OLS,repr_grid_raw,rolling_9m_3m,3,14,0.5725263128852464
volatility,OLS,repr_grid_raw,rolling_9m_3m,3,15,0.5562252741592089
volatility,OLS,repr_grid_raw,rolling_9m_3m,3,16,0.49864426170767706
volatility,OLS,repr_grid_raw,rolling_9m_3m,3,17,0.4852049343530824
volatility,OLS,repr_grid_raw,rolling_9m_3m,3,18,0.47505817855149685
volatility,OLS,repr_grid_raw,rolling_9m_3m,3,19,0.5041425402586927
volatility,OLS,repr_grid_raw,rolling_9m_3m,3,20,0.45759386777873956
volatility,OLS,repr_grid_raw,rolling_9m_3m,3,21,0.5161737419444077
volatility,OLS,repr_grid_raw,rolling_9m_3m,3,22,0.5940390362001082
volatility,OLS,repr_grid_raw,rolling_9m_3m,3,23,0.5085107567281734
volatility,OLS,repr_grid_raw,rolling_9m_3m,3,24,0.5216240484320093
volatility,OLS,repr_grid_raw,rolling_9m_3m,3,25,0.49780012079682945
volatility,OLS,repr_grid_raw,rolling_9m_3m,3,26,0.4590144616502152
volatility,OLS,repr_grid_raw,rolling_9m_3m,3,27,0.46245785834712855
volatility,OLS,repr_grid_raw,rolling_9m_3m,3,28,0.441270158642271
volatility,OLS,repr_grid_raw,rolling_9m_3m,3,29,0.4568809900122549
volatility,OLS,repr_grid_raw,rolling_9m_3m,3,30,0.4093700129369372
volatility,OLS,repr_grid_raw,rolling_9m_3m,3,31,0.4505462800688738
volatility,XGBoost,repr_grid_raw,expanding,3,0,0.4455786510738326
volatility,XGBoost,repr_grid_raw,expanding,3,1,0.46139918350251313
volatility,XGBoost,repr_grid_raw,expanding,3,2,0.4578347967445366
volatility,XGBoost,repr_grid_raw,expanding,3,3,0.5511100882975192
volatility,XGBoost,repr_grid_raw,expanding,3,4,0.5159964080120257
volatility,XGBoost,repr_grid_raw,expanding,3,5,0.4814606524243088
volatility,XGBoost,repr_grid_raw,expanding,3,6,0.45425289043056427
volatility,XGBoost,repr_grid_raw,expanding,3,7,0.44547614277344805
volatility,XGBoost,repr_grid_raw,expanding,3,8,0.4564509864615125
volatility,XGBoost,repr_grid_raw,expanding,3,9,0.5707978271643598
volatility,XGBoost,repr_grid_raw,expanding,3,10,0.5670944225590632
volatility,XGBoost,repr_grid_raw,expanding,3,11,0.48561089902960064
volatility,XGBoost,repr_grid_raw,expanding,3,12,0.5080690998599445
volatility,XGBoost,repr_grid_raw,expanding,3,13,0.4899091637684673
volatility,XGBoost,repr_grid_raw,expanding,3,14,0.4801074378914362
volatility,XGBoost,repr_grid_raw,expanding,3,15,0.47682746707016904
volatility,XGBoost,repr_grid_raw,expanding,3,16,0.5308652500137935
volatility,XGBoost,repr_grid_raw,expanding,3,17,0.5949659006627848
volatility,XGBoost,repr_grid_raw,expanding,3,18,0.5363385258950443
volatility,XGBoost,repr_grid_raw,expanding,3,19,0.5221137296777889
volatility,XGBoost,repr_grid_raw,expanding,3,20,0.5128444040160796
volatility,XGBoost,repr_grid_raw,expanding,3,21,0.48829372839295365
volatility,XGBoost,repr_grid_raw,expanding,3,22,0.470954008968317
volatility,XGBoost,repr_grid_raw,expanding,3,23,0.4580945559188947
volatility,XGBoost,repr_grid_raw,expanding,3,24,0.4563314265179243
volatility,XGBoost,repr_grid_raw,expanding,3,25,0.4285543392867518
volatility,XGBoost,repr_grid_raw,expanding,3,26,0.47927751406062913
volatility,XGBoost,repr_grid_raw,rolling_9m_3m,3,0,0.4387139706827002
volatility,XGBoost,repr_grid_raw,rolling_9m_3m,3,1,0.4682317463610318
volatility,XGBoost,repr_grid_raw,rolling_9m_3m,3,2,0.4502505687556272
volatility,XGBoost,repr_grid_raw,rolling_9m_3m,3,3,0.45832480016294375
volatility,XGBoost,repr_grid_raw,rolling_9m_3m,3,4,0.4118218381148499
volatility,XGBoost,repr_grid_raw,rolling_9m_3m,3,5,0.4026967288735598
volatility,XGBoost,repr_grid_raw,rolling_9m_3m,3,6,0.4664209335328982
volatility,XGBoost,repr_grid_raw,rolling_9m_3m,3,7,0.4454723853904677
volatility,XGBoost,repr_grid_raw,rolling_9m_3m,3,8,0.5500351640479136
volatility,XGBoost,repr_grid_raw,rolling_9m_3m,3,9,0.485239482573774
volatility,XGBoost,repr_grid_raw,rolling_9m_3m,3,10,0.44066532590220836
volatility,XGBoost,repr_grid_raw,rolling_9m_3m,3,11,0.4470170707496195
volatility,XGBoost,repr_grid_raw,rolling_9m_3m,3,12,0.4329683586324605
volatility,XGBoost,repr_grid_raw,rolling_9m_3m,3,13,0.40910815466981637
volatility,XGBoost,repr_grid_raw,rolling_9m_3m,3,14,0.5286293042197003
volatility,XGBoost,repr_grid_raw,rolling_9m_3m,3,15,0.5594581124796933
volatility,XGBoost,repr_grid_raw,rolling_9m_3m,3,16,0.4698539089367123
volatility,XGBoost,repr_grid_raw,rolling_9m_3m,3,17,0.4875505169066967
volatility,XGBoost,repr_grid_raw,rolling_9m_3m,3,18,0.47595105182454617
volatility,XGBoost,repr_grid_raw,rolling_9m_3m,3,19,0.48356079287976705
volatility,XGBoost,repr_grid_raw,rolling_9m_3m,3,20,0.47304814735064826
volatility,XGBoost,repr_grid_raw,rolling_9m_3m,3,21,0.5008106214996175
volatility,XGBoost,repr_grid_raw,rolling_9m_3m,3,22,0.5784572651745699
volatility,XGBoost,repr_grid_raw,rolling_9m_3m,3,23,0.5300698344899291
volatility,XGBoost,repr_grid_raw,rolling_9m_3m,3,24,0.5141146261328365
volatility,XGBoost,repr_grid_raw,rolling_9m_3m,3,25,0.5087382561253635
volatility,XGBoost,repr_grid_raw,rolling_9m_3m,3,26,0.45056650978703333
volatility,XGBoost,repr_grid_raw,rolling_9m_3m,3,27,0.4598160641926543
volatility,XGBoost,repr_grid_raw,rolling_9m_3m,3,28,0.45414375045905647
volatility,XGBoost,repr_grid_raw,rolling_9m_3m,3,29,0.45032165521370715
volatility,XGBoost,repr_grid_raw,rolling_9m_3m,3,30,0.4336050424968659
volatility,XGBoost,repr_grid_raw,rolling_9m_3m,3,31,0.46086757960986197
volatility,ElasticNet,repr_bkm,expanding,3,0,0.39846852108423625
volatility,ElasticNet,repr_bkm,expanding,3,1,0.41279421383326664
volatility,ElasticNet,repr_bkm,expanding,3,2,0.42066209453159437
volatility,ElasticNet,repr_bkm,expanding,3,3,0.522361589654237
volatility,ElasticNet,repr_bkm,expanding,3,4,0.4709744805644989
volatility,ElasticNet,repr_bkm,expanding,3,5,0.440382051421383
volatility,ElasticNet,repr_bkm,expanding,3,6,0.3953394556218829
volatility,ElasticNet,repr_bkm,expanding,3,7,0.4129374291197612
volatility,ElasticNet,repr_bkm,expanding,3,8,0.44479956942237975
volatility,ElasticNet,repr_bkm,expanding,3,9,0.5479048933305557
volatility,ElasticNet,repr_bkm,expanding,3,10,0.5364345347011684
volatility,ElasticNet,repr_bkm,expanding,3,11,0.45642242172741415
volatility,ElasticNet,repr_bkm,expanding,3,12,0.5009697820293129
volatility,ElasticNet,repr_bkm,expanding,3,13,0.48377932878730456
volatility,ElasticNet,repr_bkm,expanding,3,14,0.46986573193162134
volatility,ElasticNet,repr_bkm,expanding,3,15,0.46427245788345783
volatility,ElasticNet,repr_bkm,expanding,3,16,0.506285874855238
volatility,ElasticNet,repr_bkm,expanding,3,17,0.5698435757850076
volatility,ElasticNet,repr_bkm,expanding,3,18,0.5189749756373064
volatility,ElasticNet,repr_bkm,expanding,3,19,0.5091480893935599
volatility,ElasticNet,repr_bkm,expanding,3,20,0.48333404131798424
volatility,ElasticNet,repr_bkm,expanding,3,21,0.46845406285187796
volatility,ElasticNet,repr_bkm,expanding,3,22,0.44247744685249907
volatility,ElasticNet,repr_bkm,expanding,3,23,0.44051034114467097
volatility,ElasticNet,repr_bkm,expanding,3,24,0.42287855189447277
volatility,ElasticNet,repr_bkm,expanding,3,25,0.39533114813696457
volatility,ElasticNet,repr_bkm,expanding,3,26,0.4726866595190971
volatility,ElasticNet,repr_bkm,rolling_9m_3m,3,0,0.38442571943626197
volatility,ElasticNet,repr_bkm,rolling_9m_3m,3,1,0.42841616830125834
volatility,ElasticNet,repr_bkm,rolling_9m_3m,3,2,0.4225808180581352
volatility,ElasticNet,repr_bkm,rolling_9m_3m,3,3,0.42045069500571836
volatility,ElasticNet,repr_bkm,rolling_9m_3m,3,4,0.3934841786912788
volatility,ElasticNet,repr_bkm,rolling_9m_3m,3,5,0.40239238032486496
volatility,ElasticNet,repr_bkm,rolling_9m_3m,3,6,0.4156985003515415
volatility,ElasticNet,repr_bkm,rolling_9m_3m,3,7,0.4242615895830454
volatility,ElasticNet,repr_bkm,rolling_9m_3m,3,8,0.5221921991215184
volatility,ElasticNet,repr_bkm,rolling_9m_3m,3,9,0.46943015868668686
volatility,ElasticNet,repr_bkm,rolling_9m_3m,3,10,0.44715941328370046
volatility,ElasticNet,repr_bkm,rolling_9m_3m,3,11,0.41035930148110067
volatility,ElasticNet,repr_bkm,rolling_9m_3m,3,12,0.4046514616928085
volatility,ElasticNet,repr_bkm,rolling_9m_3m,3,13,0.4234150292835832
volatility,ElasticNet,repr_bkm,rolling_9m_3m,3,14,0.5345475929571323
volatility,ElasticNet,repr_bkm,rolling_9m_3m,3,15,0.5159819998532794
volatility,ElasticNet,repr_bkm,rolling_9m_3m,3,16,0.4764014346907875
volatility,ElasticNet,repr_bkm,rolling_9m_3m,3,17,0.47670920224498786
volatility,ElasticNet,repr_bkm,rolling_9m_3m,3,18,0.4387716180323063
volatility,ElasticNet,repr_bkm,rolling_9m_3m,3,19,0.46262924992199966
volatility,ElasticNet,repr_bkm,rolling_9m_3m,3,20,0.42549491789086985
volatility,ElasticNet,repr_bkm,rolling_9m_3m,3,21,0.48568171144512634
volatility,ElasticNet,repr_bkm,rolling_9m_3m,3,22,0.5576667223479316
volatility,ElasticNet,repr_bkm,rolling_9m_3m,3,23,0.5050691561499557
volatility,ElasticNet,repr_bkm,rolling_9m_3m,3,24,0.5116619231695057
volatility,ElasticNet,repr_bkm,rolling_9m_3m,3,25,0.46620340057234455
volatility,ElasticNet,repr_bkm,rolling_9m_3m,3,26,0.4430351120628098
volatility,ElasticNet,repr_bkm,rolling_9m_3m,3,27,0.4279265452323023
volatility,ElasticNet,repr_bkm,rolling_9m_3m,3,28,0.40709988979852707
volatility,ElasticNet,repr_bkm,rolling_9m_3m,3,29,0.37823144597180797
volatility,ElasticNet,repr_bkm,rolling_9m_3m,3,30,0.3801604146739339
volatility,ElasticNet,repr_bkm,rolling_9m_3m,3,31,0.4183973093057609
volatility,OLS,repr_bkm,expanding,3,0,0.4067814844024069
volatility,OLS,repr_bkm,expanding,3,1,0.41290157797762295
volatility,OLS,repr_bkm,expanding,3,2,0.44341660538643035
volatility,OLS,repr_bkm,expanding,3,3,0.5364102213802443
volatility,OLS,repr_bkm,expanding,3,4,0.5109043759292994
volatility,OLS,repr_bkm,expanding,3,5,0.46380723437234045
volatility,OLS,repr_bkm,expanding,3,6,0.4532353839580849
volatility,OLS,repr_bkm,expanding,3,7,0.4443760132556933
volatility,OLS,repr_bkm,expanding,3,8,0.46188463809026986
volatility,OLS,repr_bkm,expanding,3,9,0.5400242391370124
volatility,OLS,repr_bkm,expanding,3,10,0.5423858305315309
volatility,OLS,repr_bkm,expanding,3,11,0.45485570400912534
volatility,OLS,repr_bkm,expanding,3,12,0.5013147798108446
volatility,OLS,repr_bkm,expanding,3,13,0.4840108502309739
volatility,OLS,repr_bkm,expanding,3,14,0.46789738812255655
volatility,OLS,repr_bkm,expanding,3,15,0.46668082635968444
volatility,OLS,repr_bkm,expanding,3,16,0.5084524473913347
volatility,OLS,repr_bkm,expanding,3,17,0.5689596735937749
volatility,OLS,repr_bkm,expanding,3,18,0.5180448058723526
volatility,OLS,repr_bkm,expanding,3,19,0.5072383374176724
volatility,OLS,repr_bkm,expanding,3,20,0.4776826148753922
volatility,OLS,repr_bkm,expanding,3,21,0.4703101056473529
volatility,OLS,repr_bkm,expanding,3,22,0.4406066061315376
volatility,OLS,repr_bkm,expanding,3,23,0.4386419522129194
volatility,OLS,repr_bkm,expanding,3,24,0.4234536446875448
volatility,OLS,repr_bkm,expanding,3,25,0.38920987099403626
volatility,OLS,repr_bkm,expanding,3,26,0.4739352530693829
volatility,OLS,repr_bkm,rolling_9m_3m,3,0,0.408835862611056
volatility,OLS,repr_bkm,rolling_9m_3m,3,1,0.47996746479509983
volatility,OLS,repr_bkm,rolling_9m_3m,3,2,0.44448226893101567
volatility,OLS,repr_bkm,rolling_9m_3m,3,3,0.394218393517971
volatility,OLS,repr_bkm,rolling_9m_3m,3,4,0.39344952549003
volatility,OLS,repr_bkm,rolling_9m_3m,3,5,0.3976150023095265
volatility,OLS,repr_bkm,rolling_9m_3m,3,6,0.4006740216791939
volatility,OLS,repr_bkm,rolling_9m_3m,3,7,0.43835977934786685
volatility,OLS,repr_bkm,rolling_9m_3m,3,8,0.5143385401850823
volatility,OLS,repr_bkm,rolling_9m_3m,3,9,0.47101804421953125
volatility,OLS,repr_bkm,rolling_9m_3m,3,10,0.43948071208654127
volatility,OLS,repr_bkm,rolling_9m_3m,3,11,0.4460864653505813
volatility,OLS,repr_bkm,rolling_9m_3m,3,12,0.42497955980991436
volatility,OLS,repr_bkm,rolling_9m_3m,3,13,0.38638480706247147
volatility,OLS,repr_bkm,rolling_9m_3m,3,14,0.5080523244600884
volatility,OLS,repr_bkm,rolling_9m_3m,3,15,0.5191207989156249
volatility,OLS,repr_bkm,rolling_9m_3m,3,16,0.4771387571095785
volatility,OLS,repr_bkm,rolling_9m_3m,3,17,0.49568220738314295
volatility,OLS,repr_bkm,rolling_9m_3m,3,18,0.4719198709249816
volatility,OLS,repr_bkm,rolling_9m_3m,3,19,0.5009545097889864
volatility,OLS,repr_bkm,rolling_9m_3m,3,20,0.4470763407642426
volatility,OLS,repr_bkm,rolling_9m_3m,3,21,0.4995103257294386
volatility,OLS,repr_bkm,rolling_9m_3m,3,22,0.5728534965935157
volatility,OLS,repr_bkm,rolling_9m_3m,3,23,0.48499529068140834
volatility,OLS,repr_bkm,rolling_9m_3m,3,24,0.5138875827792743
volatility,OLS,repr_bkm,rolling_9m_3m,3,25,0.47795955894021047
volatility,OLS,repr_bkm,rolling_9m_3m,3,26,0.465952460121108
volatility,OLS,repr_bkm,rolling_9m_3m,3,27,0.4469670077060118
volatility,OLS,repr_bkm,rolling_9m_3m,3,28,0.4369200916906388
volatility,OLS,repr_bkm,rolling_9m_3m,3,29,0.44600328714134563
volatility,OLS,repr_bkm,rolling_9m_3m,3,30,0.38048950547028
volatility,OLS,repr_bkm,rolling_9m_3m,3,31,0.4535700042001593
volatility,XGBoost,repr_bkm,expanding,3,0,0.3597219141215192
volatility,XGBoost,repr_bkm,expanding,3,1,0.40462063122820807
volatility,XGBoost,repr_bkm,expanding,3,2,0.4171938664041776
volatility,XGBoost,repr_bkm,expanding,3,3,0.4886852571507664
volatility,XGBoost,repr_bkm,expanding,3,4,0.4897044618775157
volatility,XGBoost,repr_bkm,expanding,3,5,0.43756907317054894
volatility,XGBoost,repr_bkm,expanding,3,6,0.3946939226362947
volatility,XGBoost,repr_bkm,expanding,3,7,0.4158372190103892
volatility,XGBoost,repr_bkm,expanding,3,8,0.36936273493377664
volatility,XGBoost,repr_bkm,expanding,3,9,0.5106375254614949
volatility,XGBoost,repr_bkm,expanding,3,10,0.5008152048436109
volatility,XGBoost,repr_bkm,expanding,3,11,0.43983788303605664
volatility,XGBoost,repr_bkm,expanding,3,12,0.4675405275684662
volatility,XGBoost,repr_bkm,expanding,3,13,0.4424684139448841
volatility,XGBoost,repr_bkm,expanding,3,14,0.387039486501174
volatility,XGBoost,repr_bkm,expanding,3,15,0.44837825129744296
volatility,XGBoost,repr_bkm,expanding,3,16,0.5029752339993899
volatility,XGBoost,repr_bkm,expanding,3,17,0.5627455623201857
volatility,XGBoost,repr_bkm,expanding,3,18,0.5118395261762154
volatility,XGBoost,repr_bkm,expanding,3,19,0.5101401467823073
volatility,XGBoost,repr_bkm,expanding,3,20,0.48037432369155897
volatility,XGBoost,repr_bkm,expanding,3,21,0.4672761612360756
volatility,XGBoost,repr_bkm,expanding,3,22,0.4382674074069424
volatility,XGBoost,repr_bkm,expanding,3,23,0.42599187080165973
volatility,XGBoost,repr_bkm,expanding,3,24,0.39820377241273347
volatility,XGBoost,repr_bkm,expanding,3,25,0.4093245345140425
volatility,XGBoost,repr_bkm,expanding,3,26,0.43480409360846867
volatility,XGBoost,repr_bkm,rolling_9m_3m,3,0,0.38271480592115087
volatility,XGBoost,repr_bkm,rolling_9m_3m,3,1,0.44148605519485545
volatility,XGBoost,repr_bkm,rolling_9m_3m,3,2,0.38960354494472804
volatility,XGBoost,repr_bkm,rolling_9m_3m,3,3,0.42424745488049337
volatility,XGBoost,repr_bkm,rolling_9m_3m,3,4,0.39023999557864747
volatility,XGBoost,repr_bkm,rolling_9m_3m,3,5,0.31764161491098014
volatility,XGBoost,repr_bkm,rolling_9m_3m,3,6,0.3839984628697787
volatility,XGBoost,repr_bkm,rolling_9m_3m,3,7,0.374883335475586
volatility,XGBoost,repr_bkm,rolling_9m_3m,3,8,0.5029741510439164
volatility,XGBoost,repr_bkm,rolling_9m_3m,3,9,0.4419541368392472
volatility,XGBoost,repr_bkm,rolling_9m_3m,3,10,0.3423099458346805
volatility,XGBoost,repr_bkm,rolling_9m_3m,3,11,0.3870411564429737
volatility,XGBoost,repr_bkm,rolling_9m_3m,3,12,0.4143021838991722
volatility,XGBoost,repr_bkm,rolling_9m_3m,3,13,0.38501994975494774
volatility,XGBoost,repr_bkm,rolling_9m_3m,3,14,0.4203314936297413
volatility,XGBoost,repr_bkm,rolling_9m_3m,3,15,0.501225880337379
volatility,XGBoost,repr_bkm,rolling_9m_3m,3,16,0.4612826073142557
volatility,XGBoost,repr_bkm,rolling_9m_3m,3,17,0.47416690957864166
volatility,XGBoost,repr_bkm,rolling_9m_3m,3,18,0.39943818802244824
volatility,XGBoost,repr_bkm,rolling_9m_3m,3,19,0.4223115326636156
volatility,XGBoost,repr_bkm,rolling_9m_3m,3,20,0.42566415063569696
volatility,XGBoost,repr_bkm,rolling_9m_3m,3,21,0.4815402000311234
volatility,XGBoost,repr_bkm,rolling_9m_3m,3,22,0.5358426614353544
volatility,XGBoost,repr_bkm,rolling_9m_3m,3,23,0.4903722561578012
volatility,XGBoost,repr_bkm,rolling_9m_3m,3,24,0.4862481549675865
volatility,XGBoost,repr_bkm,rolling_9m_3m,3,25,0.46363156088155316
volatility,XGBoost,repr_bkm,rolling_9m_3m,3,26,0.4185290813239997
volatility,XGBoost,repr_bkm,rolling_9m_3m,3,27,0.43216469829495674
volatility,XGBoost,repr_bkm,rolling_9m_3m,3,28,0.39976596747776594
volatility,XGBoost,repr_bkm,rolling_9m_3m,3,29,0.383255838658738
volatility,XGBoost,repr_bkm,rolling_9m_3m,3,30,0.39987647934787846
volatility,XGBoost,repr_bkm,rolling_9m_3m,3,31,0.4186732774741371
volatility,ElasticNet,A,expanding,5,0,0.4527710081699527
volatility,ElasticNet,A,expanding,5,1,0.4523667343497456
volatility,ElasticNet,A,expanding,5,2,0.4828627991839027
volatility,ElasticNet,A,expanding,5,3,0.6097589355348013
volatility,ElasticNet,A,expanding,5,4,0.5472056560260707
volatility,ElasticNet,A,expanding,5,5,0.5248132998533807
volatility,ElasticNet,A,expanding,5,6,0.4640856146149187
volatility,ElasticNet,A,expanding,5,7,0.5006120270668257
volatility,ElasticNet,A,expanding,5,8,0.5296870508395936
volatility,ElasticNet,A,expanding,5,9,0.6279138157760781
volatility,ElasticNet,A,expanding,5,10,0.6125774494149405
volatility,ElasticNet,A,expanding,5,11,0.5405577761162808
volatility,ElasticNet,A,expanding,5,12,0.5812863090625734
volatility,ElasticNet,A,expanding,5,13,0.5626038496647957
volatility,ElasticNet,A,expanding,5,14,0.5422245463649384
volatility,ElasticNet,A,expanding,5,15,0.5491896993604212
volatility,ElasticNet,A,expanding,5,16,0.5707958668204841
volatility,ElasticNet,A,expanding,5,17,0.6366690722926138
volatility,ElasticNet,A,expanding,5,18,0.6017469120185732
volatility,ElasticNet,A,expanding,5,19,0.5797273722002257
volatility,ElasticNet,A,expanding,5,20,0.5514615000388172
volatility,ElasticNet,A,expanding,5,21,0.5450815225143653
volatility,ElasticNet,A,expanding,5,22,0.5049962965078779
volatility,ElasticNet,A,expanding,5,23,0.506627500118753
volatility,ElasticNet,A,expanding,5,24,0.4935829666286726
volatility,ElasticNet,A,expanding,5,25,0.46125928915969466
volatility,ElasticNet,A,expanding,5,26,0.5417293870364008
volatility,ElasticNet,A,rolling_9m_3m,5,0,0.466524243264087
volatility,ElasticNet,A,rolling_9m_3m,5,1,0.5315648935831468
volatility,ElasticNet,A,rolling_9m_3m,5,2,0.4962725908932991
volatility,ElasticNet,A,rolling_9m_3m,5,3,0.4706045410659092
volatility,ElasticNet,A,rolling_9m_3m,5,4,0.4494404205150241
volatility,ElasticNet,A,rolling_9m_3m,5,5,0.4680261005564328
volatility,ElasticNet,A,rolling_9m_3m,5,6,0.4597531854537607
volatility,ElasticNet,A,rolling_9m_3m,5,7,0.48008210443327
volatility,ElasticNet,A,rolling_9m_3m,5,8,0.5891109664507214
volatility,ElasticNet,A,rolling_9m_3m,5,9,0.5360911906100124
volatility,ElasticNet,A,rolling_9m_3m,5,10,0.4798879452362073
volatility,ElasticNet,A,rolling_9m_3m,5,11,0.4128709593060124
volatility,ElasticNet,A,rolling_9m_3m,5,12,0.5039464920271554
volatility,ElasticNet,A,rolling_9m_3m,5,13,0.4825991568691517
volatility,ElasticNet,A,rolling_9m_3m,5,14,0.6075953725235463
volatility,ElasticNet,A,rolling_9m_3m,5,15,0.5838887211348903
volatility,ElasticNet,A,rolling_9m_3m,5,16,0.5666924645113103
volatility,ElasticNet,A,rolling_9m_3m,5,17,0.5719178899630029
volatility,ElasticNet,A,rolling_9m_3m,5,18,0.5303922779032969
volatility,ElasticNet,A,rolling_9m_3m,5,19,0.556652589978746
volatility,ElasticNet,A,rolling_9m_3m,5,20,0.5169514962156999
volatility,ElasticNet,A,rolling_9m_3m,5,21,0.5451716458215757
volatility,ElasticNet,A,rolling_9m_3m,5,22,0.6338770741057141
volatility,ElasticNet,A,rolling_9m_3m,5,23,0.591893907070144
volatility,ElasticNet,A,rolling_9m_3m,5,24,0.5515369858505607
volatility,ElasticNet,A,rolling_9m_3m,5,25,0.5190305297629423
volatility,ElasticNet,A,rolling_9m_3m,5,26,0.48154280813070094
volatility,ElasticNet,A,rolling_9m_3m,5,27,0.4979375570093305
volatility,ElasticNet,A,rolling_9m_3m,5,28,0.47279215335380004
volatility,ElasticNet,A,rolling_9m_3m,5,29,0.48352303485607234
volatility,ElasticNet,A,rolling_9m_3m,5,30,0.49174856096016395
volatility,ElasticNet,A,rolling_9m_3m,5,31,0.4622214474244734
volatility,OLS,A,expanding,5,0,0.4706179248815794
volatility,OLS,A,expanding,5,1,0.47123225517955775
volatility,OLS,A,expanding,5,2,0.51340246290499
volatility,OLS,A,expanding,5,3,0.6099171813597417
volatility,OLS,A,expanding,5,4,0.5850128342712082
volatility,OLS,A,expanding,5,5,0.5474969874908164
volatility,OLS,A,expanding,5,6,0.5191108398892618
volatility,OLS,A,expanding,5,7,0.5106836409208354
volatility,OLS,A,expanding,5,8,0.5352878083060063
volatility,OLS,A,expanding,5,9,0.6171523209921367
volatility,OLS,A,expanding,5,10,0.6145953838551053
volatility,OLS,A,expanding,5,11,0.5383071068615292
volatility,OLS,A,expanding,5,12,0.5808984346145483
volatility,OLS,A,expanding,5,13,0.5639951301816367
volatility,OLS,A,expanding,5,14,0.5381022691152195
volatility,OLS,A,expanding,5,15,0.5484953373107423
volatility,OLS,A,expanding,5,16,0.5732079705260759
volatility,OLS,A,expanding,5,17,0.6352939470153164
volatility,OLS,A,expanding,5,18,0.600986679495488
volatility,OLS,A,expanding,5,19,0.574437017929589
volatility,OLS,A,expanding,5,20,0.5483145326788627
volatility,OLS,A,expanding,5,21,0.5457335484769646
volatility,OLS,A,expanding,5,22,0.503026822713459
volatility,OLS,A,expanding,5,23,0.5049409690768347
volatility,OLS,A,expanding,5,24,0.49476656351016424
volatility,OLS,A,expanding,5,25,0.4579599063060785
volatility,OLS,A,expanding,5,26,0.5425401562838228
volatility,OLS,A,rolling_9m_3m,5,0,0.4589238949497813
volatility,OLS,A,rolling_9m_3m,5,1,0.5585833383771625
volatility,OLS,A,rolling_9m_3m,5,2,0.49345792361836904
volatility,OLS,A,rolling_9m_3m,5,3,0.4333956023199824
volatility,OLS,A,rolling_9m_3m,5,4,0.45060568049894084
volatility,OLS,A,rolling_9m_3m,5,5,0.46190926377402214
volatility,OLS,A,rolling_9m_3m,5,6,0.44772248915431245
volatility,OLS,A,rolling_9m_3m,5,7,0.5050795338026473
volatility,OLS,A,rolling_9m_3m,5,8,0.5512542558774446
volatility,OLS,A,rolling_9m_3m,5,9,0.5377164679627441
volatility,OLS,A,rolling_9m_3m,5,10,0.5203452914883369
volatility,OLS,A,rolling_9m_3m,5,11,0.5098996586955965
volatility,OLS,A,rolling_9m_3m,5,12,0.4847266121092855
volatility,OLS,A,rolling_9m_3m,5,13,0.4341175493159207
volatility,OLS,A,rolling_9m_3m,5,14,0.5754695043173399
volatility,OLS,A,rolling_9m_3m,5,15,0.5846589348782146
volatility,OLS,A,rolling_9m_3m,5,16,0.5679299658793251
volatility,OLS,A,rolling_9m_3m,5,17,0.5736595112785443
volatility,OLS,A,rolling_9m_3m,5,18,0.5507519808399125
volatility,OLS,A,rolling_9m_3m,5,19,0.5870545250716895
volatility,OLS,A,rolling_9m_3m,5,20,0.5226953512751293
volatility,OLS,A,rolling_9m_3m,5,21,0.5552264089574637
volatility,OLS,A,rolling_9m_3m,5,22,0.636037720559809
volatility,OLS,A,rolling_9m_3m,5,23,0.5561803607289914
volatility,OLS,A,rolling_9m_3m,5,24,0.5946831817513782
volatility,OLS,A,rolling_9m_3m,5,25,0.5384920024589039
volatility,OLS,A,rolling_9m_3m,5,26,0.5282263715005417
volatility,OLS,A,rolling_9m_3m,5,27,0.5150905254285417
volatility,OLS,A,rolling_9m_3m,5,28,0.49960392269533044
volatility,OLS,A,rolling_9m_3m,5,29,0.527945144651727
volatility,OLS,A,rolling_9m_3m,5,30,0.44151272534401603
volatility,OLS,A,rolling_9m_3m,5,31,0.5099562781272902
volatility,XGBoost,A,expanding,5,0,0.41045845702373823
volatility,XGBoost,A,expanding,5,1,0.4464572667546141
volatility,XGBoost,A,expanding,5,2,0.4812162405737822
volatility,XGBoost,A,expanding,5,3,0.5831430961582692
volatility,XGBoost,A,expanding,5,4,0.5477987880369493
volatility,XGBoost,A,expanding,5,5,0.5145429878309793
volatility,XGBoost,A,expanding,5,6,0.4422450591719484
volatility,XGBoost,A,expanding,5,7,0.4758091082968319
volatility,XGBoost,A,expanding,5,8,0.47679638517733086
volatility,XGBoost,A,expanding,5,9,0.5962557474920107
volatility,XGBoost,A,expanding,5,10,0.5879496255085815
volatility,XGBoost,A,expanding,5,11,0.5246239018870893
volatility,XGBoost,A,expanding,5,12,0.542007883740538
volatility,XGBoost,A,expanding,5,13,0.49534202371426433
volatility,XGBoost,A,expanding,5,14,0.4289837003154949
volatility,XGBoost,A,expanding,5,15,0.5330456813834403
volatility,XGBoost,A,expanding,5,16,0.5512952343994829
volatility,XGBoost,A,expanding,5,17,0.6276693077194765
volatility,XGBoost,A,expanding,5,18,0.5906532075645685
volatility,XGBoost,A,expanding,5,19,0.5688059561453414
volatility,XGBoost,A,expanding,5,20,0.5318779121972084
volatility,XGBoost,A,expanding,5,21,0.5302120814978629
volatility,XGBoost,A,expanding,5,22,0.49187339979979133
volatility,XGBoost,A,expanding,5,23,0.49447215349888457
volatility,XGBoost,A,expanding,5,24,0.46926758952989056
volatility,XGBoost,A,expanding,5,25,0.4733274978657576
volatility,XGBoost,A,expanding,5,26,0.5079506857785729
volatility,XGBoost,A,rolling_9m_3m,5,0,0.42279543343713616
volatility,XGBoost,A,rolling_9m_3m,5,1,0.4987127628164181
volatility,XGBoost,A,rolling_9m_3m,5,2,0.4428432145775269
volatility,XGBoost,A,rolling_9m_3m,5,3,0.47658874996565503
volatility,XGBoost,A,rolling_9m_3m,5,4,0.44612524587116803
volatility,XGBoost,A,rolling_9m_3m,5,5,0.3479468486631579
volatility,XGBoost,A,rolling_9m_3m,5,6,0.4267166994528566
volatility,XGBoost,A,rolling_9m_3m,5,7,0.4177658303902162
volatility,XGBoost,A,rolling_9m_3m,5,8,0.5973412604687607
volatility,XGBoost,A,rolling_9m_3m,5,9,0.48194146541532035
volatility,XGBoost,A,rolling_9m_3m,5,10,0.36812760118089094
volatility,XGBoost,A,rolling_9m_3m,5,11,0.4409286170932349
volatility,XGBoost,A,rolling_9m_3m,5,12,0.4588565510093531
volatility,XGBoost,A,rolling_9m_3m,5,13,0.3848165587580793
volatility,XGBoost,A,rolling_9m_3m,5,14,0.3876231899196459
volatility,XGBoost,A,rolling_9m_3m,5,15,0.5694136172502177
volatility,XGBoost,A,rolling_9m_3m,5,16,0.5389849534517587
volatility,XGBoost,A,rolling_9m_3m,5,17,0.5530091785924802
volatility,XGBoost,A,rolling_9m_3m,5,18,0.471438037722659
volatility,XGBoost,A,rolling_9m_3m,5,19,0.48273107567014006
volatility,XGBoost,A,rolling_9m_3m,5,20,0.4802225650550896
volatility,XGBoost,A,rolling_9m_3m,5,21,0.5415841167026553
volatility,XGBoost,A,rolling_9m_3m,5,22,0.5942111606595291
volatility,XGBoost,A,rolling_9m_3m,5,23,0.5582610411655101
volatility,XGBoost,A,rolling_9m_3m,5,24,0.547998941191296
volatility,XGBoost,A,rolling_9m_3m,5,25,0.5226615570345828
volatility,XGBoost,A,rolling_9m_3m,5,26,0.4772659179359083
volatility,XGBoost,A,rolling_9m_3m,5,27,0.485240602131529
volatility,XGBoost,A,rolling_9m_3m,5,28,0.4598128536539158
volatility,XGBoost,A,rolling_9m_3m,5,29,0.4267327191109797
volatility,XGBoost,A,rolling_9m_3m,5,30,0.47717181091674393
volatility,XGBoost,A,rolling_9m_3m,5,31,0.4772243091136219
volatility,ElasticNet,B,expanding,5,0,0.5188944933499189
volatility,ElasticNet,B,expanding,5,1,0.5450137959987981
volatility,ElasticNet,B,expanding,5,2,0.545905121036102
volatility,ElasticNet,B,expanding,5,3,0.6358855336983006
volatility,ElasticNet,B,expanding,5,4,0.602552308022881
volatility,ElasticNet,B,expanding,5,5,0.5752092698351385
volatility,ElasticNet,B,expanding,5,6,0.53465882073828
volatility,ElasticNet,B,expanding,5,7,0.5036565243491824
volatility,ElasticNet,B,expanding,5,8,0.5652537024643457
volatility,ElasticNet,B,expanding,5,9,0.6030007655175192
volatility,ElasticNet,B,expanding,5,10,0.6164334347092527
volatility,ElasticNet,B,expanding,5,11,0.5717937729297222
volatility,ElasticNet,B,expanding,5,12,0.6009401792031217
volatility,ElasticNet,B,expanding,5,13,0.569948569623385
volatility,ElasticNet,B,expanding,5,14,0.5751513500290764
volatility,ElasticNet,B,expanding,5,15,0.5405127371321349
volatility,ElasticNet,B,expanding,5,16,0.5657086657809536
volatility,ElasticNet,B,expanding,5,17,0.6430940773872181
volatility,ElasticNet,B,expanding,5,18,0.6155282971002136
volatility,ElasticNet,B,expanding,5,19,0.5866965777975037
volatility,ElasticNet,B,expanding,5,20,0.5732670855006207
volatility,ElasticNet,B,expanding,5,21,0.572373518193357
volatility,ElasticNet,B,expanding,5,22,0.5276958643024304
volatility,ElasticNet,B,expanding,5,23,0.5208148324388663
volatility,ElasticNet,B,expanding,5,24,0.5230523534072441
volatility,ElasticNet,B,expanding,5,25,0.4715207942764708
volatility,ElasticNet,B,expanding,5,26,0.5612388511361542
volatility,ElasticNet,B,rolling_9m_3m,5,0,0.5181669521296143
volatility,ElasticNet,B,rolling_9m_3m,5,1,0.5745076945790997
volatility,ElasticNet,B,rolling_9m_3m,5,2,0.5655039784123592
volatility,ElasticNet,B,rolling_9m_3m,5,3,0.539310934437647
volatility,ElasticNet,B,rolling_9m_3m,5,4,0.5371260654463549
volatility,ElasticNet,B,rolling_9m_3m,5,5,0.5307425017085639
volatility,ElasticNet,B,rolling_9m_3m,5,6,0.544669966883376
volatility,ElasticNet,B,rolling_9m_3m,5,7,0.5431303104210451
volatility,ElasticNet,B,rolling_9m_3m,5,8,0.6555721462178138
volatility,ElasticNet,B,rolling_9m_3m,5,9,0.5464510628612437
volatility,ElasticNet,B,rolling_9m_3m,5,10,0.5655092915574477
volatility,ElasticNet,B,rolling_9m_3m,5,11,0.5304131877052344
volatility,ElasticNet,B,rolling_9m_3m,5,12,0.49309097130140095
volatility,ElasticNet,B,rolling_9m_3m,5,13,0.5375063427750979
volatility,ElasticNet,B,rolling_9m_3m,5,14,0.5898848679355616
volatility,ElasticNet,B,rolling_9m_3m,5,15,0.5340578486173332
volatility,ElasticNet,B,rolling_9m_3m,5,16,0.5769090980491778
volatility,ElasticNet,B,rolling_9m_3m,5,17,0.5976030778568975
volatility,ElasticNet,B,rolling_9m_3m,5,18,0.5839760962061159
volatility,ElasticNet,B,rolling_9m_3m,5,19,0.5921808710359574
volatility,ElasticNet,B,rolling_9m_3m,5,20,0.5656632815235049
volatility,ElasticNet,B,rolling_9m_3m,5,21,0.6033515888744991
volatility,ElasticNet,B,rolling_9m_3m,5,22,0.6624630552017694
volatility,ElasticNet,B,rolling_9m_3m,5,23,0.6132915678191052
volatility,ElasticNet,B,rolling_9m_3m,5,24,0.6149803204680316
volatility,ElasticNet,B,rolling_9m_3m,5,25,0.593115361948608
volatility,ElasticNet,B,rolling_9m_3m,5,26,0.5849376544531292
volatility,ElasticNet,B,rolling_9m_3m,5,27,0.5619457343366767
volatility,ElasticNet,B,rolling_9m_3m,5,28,0.5554609088193194
volatility,ElasticNet,B,rolling_9m_3m,5,29,0.5358801494287052
volatility,ElasticNet,B,rolling_9m_3m,5,30,0.5220965845913663
volatility,ElasticNet,B,rolling_9m_3m,5,31,0.5332111179981879
volatility,OLS,B,expanding,5,0,0.5108552350588622
volatility,OLS,B,expanding,5,1,0.5280955503313708
volatility,OLS,B,expanding,5,2,0.5429005416640142
volatility,OLS,B,expanding,5,3,0.6263953464525759
volatility,OLS,B,expanding,5,4,0.5972367203366239
volatility,OLS,B,expanding,5,5,0.5641742891784743
volatility,OLS,B,expanding,5,6,0.5471929226594969
volatility,OLS,B,expanding,5,7,0.5037013455515146
volatility,OLS,B,expanding,5,8,0.5558056712598494
volatility,OLS,B,expanding,5,9,0.5938866910927395
volatility,OLS,B,expanding,5,10,0.6165845712015344
volatility,OLS,B,expanding,5,11,0.5688228844912926
volatility,OLS,B,expanding,5,12,0.5996466703202858
volatility,OLS,B,expanding,5,13,0.5670508442490267
volatility,OLS,B,expanding,5,14,0.5711461587926567
volatility,OLS,B,expanding,5,15,0.535252215869891
volatility,OLS,B,expanding,5,16,0.5630554078553094
volatility,OLS,B,expanding,5,17,0.639770527621804
volatility,OLS,B,expanding,5,18,0.6119668483222752
volatility,OLS,B,expanding,5,19,0.5847083615916863
volatility,OLS,B,expanding,5,20,0.5684488837523382
volatility,OLS,B,expanding,5,21,0.5699249759477039
volatility,OLS,B,expanding,5,22,0.524232936994458
volatility,OLS,B,expanding,5,23,0.51433035917003
volatility,OLS,B,expanding,5,24,0.5180015385936383
volatility,OLS,B,expanding,5,25,0.46474281777472537
volatility,OLS,B,expanding,5,26,0.5587881792295515
volatility,OLS,B,rolling_9m_3m,5,0,0.49468142983744184
volatility,OLS,B,rolling_9m_3m,5,1,0.5694982409882869
volatility,OLS,B,rolling_9m_3m,5,2,0.5050588293461014
volatility,OLS,B,rolling_9m_3m,5,3,0.5115485568903528
volatility,OLS,B,rolling_9m_3m,5,4,0.5114022484768169
volatility,OLS,B,rolling_9m_3m,5,5,0.4883089980968371
volatility,OLS,B,rolling_9m_3m,5,6,0.4896514394038156
volatility,OLS,B,rolling_9m_3m,5,7,0.5341327580586411
volatility,OLS,B,rolling_9m_3m,5,8,0.5946732857133492
volatility,OLS,B,rolling_9m_3m,5,9,0.5393221457977151
volatility,OLS,B,rolling_9m_3m,5,10,0.5322314818984758
volatility,OLS,B,rolling_9m_3m,5,11,0.5230729011319443
volatility,OLS,B,rolling_9m_3m,5,12,0.48749869079909564
volatility,OLS,B,rolling_9m_3m,5,13,0.4498491392796199
volatility,OLS,B,rolling_9m_3m,5,14,0.5879623459203618
volatility,OLS,B,rolling_9m_3m,5,15,0.5260091649041082
volatility,OLS,B,rolling_9m_3m,5,16,0.5778278249686167
volatility,OLS,B,rolling_9m_3m,5,17,0.5561018581353611
volatility,OLS,B,rolling_9m_3m,5,18,0.5589529123245062
volatility,OLS,B,rolling_9m_3m,5,19,0.5802530385968817
volatility,OLS,B,rolling_9m_3m,5,20,0.5382704276764383
volatility,OLS,B,rolling_9m_3m,5,21,0.5645300840813732
volatility,OLS,B,rolling_9m_3m,5,22,0.6587063256776698
volatility,OLS,B,rolling_9m_3m,5,23,0.5787382304527007
volatility,OLS,B,rolling_9m_3m,5,24,0.6006282997577717
volatility,OLS,B,rolling_9m_3m,5,25,0.5608609972232353
volatility,OLS,B,rolling_9m_3m,5,26,0.5274138945928736
volatility,OLS,B,rolling_9m_3m,5,27,0.5279852730822353
volatility,OLS,B,rolling_9m_3m,5,28,0.523403869530217
volatility,OLS,B,rolling_9m_3m,5,29,0.5412098997319352
volatility,OLS,B,rolling_9m_3m,5,30,0.4869850449228468
volatility,OLS,B,rolling_9m_3m,5,31,0.5157307740522059
volatility,XGBoost,B,expanding,5,0,0.5014227957899334
volatility,XGBoost,B,expanding,5,1,0.5362977928399373
volatility,XGBoost,B,expanding,5,2,0.5463543197458139
volatility,XGBoost,B,expanding,5,3,0.6115381458786727
volatility,XGBoost,B,expanding,5,4,0.5951073277921962
volatility,XGBoost,B,expanding,5,5,0.5565061479625439
volatility,XGBoost,B,expanding,5,6,0.5318861882936448
volatility,XGBoost,B,expanding,5,7,0.5120528039718184
volatility,XGBoost,B,expanding,5,8,0.48534097826832523
volatility,XGBoost,B,expanding,5,9,0.646240780640046
volatility,XGBoost,B,expanding,5,10,0.6153738486474916
volatility,XGBoost,B,expanding,5,11,0.5749672035510403
volatility,XGBoost,B,expanding,5,12,0.5845796635806046
volatility,XGBoost,B,expanding,5,13,0.5746402061628265
volatility,XGBoost,B,expanding,5,14,0.5796242994003614
volatility,XGBoost,B,expanding,5,15,0.5410110118467805
volatility,XGBoost,B,expanding,5,16,0.5385294733312646
volatility,XGBoost,B,expanding,5,17,0.6079503134786729
volatility,XGBoost,B,expanding,5,18,0.6005811437948914
volatility,XGBoost,B,expanding,5,19,0.5841156563725699
volatility,XGBoost,B,expanding,5,20,0.5737962185807398
volatility,XGBoost,B,expanding,5,21,0.563610185325271
volatility,XGBoost,B,expanding,5,22,0.5344512131962201
volatility,XGBoost,B,expanding,5,23,0.5492812525873699
volatility,XGBoost,B,expanding,5,24,0.5247171984956686
volatility,XGBoost,B,expanding,5,25,0.46871820390362506
volatility,XGBoost,B,expanding,5,26,0.5546182438012391
volatility,XGBoost,B,rolling_9m_3m,5,0,0.48160047369499
volatility,XGBoost,B,rolling_9m_3m,5,1,0.5558311089001021
volatility,XGBoost,B,rolling_9m_3m,5,2,0.5065479974589596
volatility,XGBoost,B,rolling_9m_3m,5,3,0.5214976123075981
volatility,XGBoost,B,rolling_9m_3m,5,4,0.5335033855606182
volatility,XGBoost,B,rolling_9m_3m,5,5,0.48730857488498225
volatility,XGBoost,B,rolling_9m_3m,5,6,0.5260975872092354
volatility,XGBoost,B,rolling_9m_3m,5,7,0.5061056911672503
volatility,XGBoost,B,rolling_9m_3m,5,8,0.6263718160470559
volatility,XGBoost,B,rolling_9m_3m,5,9,0.5645506018971829
volatility,XGBoost,B,rolling_9m_3m,5,10,0.5085679551707786
volatility,XGBoost,B,rolling_9m_3m,5,11,0.5005430717855408
volatility,XGBoost,B,rolling_9m_3m,5,12,0.49995303765226823
volatility,XGBoost,B,rolling_9m_3m,5,13,0.3586521506689355
volatility,XGBoost,B,rolling_9m_3m,5,14,0.5517983069588718
volatility,XGBoost,B,rolling_9m_3m,5,15,0.5444562509524741
volatility,XGBoost,B,rolling_9m_3m,5,16,0.5498047496911547
volatility,XGBoost,B,rolling_9m_3m,5,17,0.5637625798932778
volatility,XGBoost,B,rolling_9m_3m,5,18,0.5080010077795307
volatility,XGBoost,B,rolling_9m_3m,5,19,0.4674940321776582
volatility,XGBoost,B,rolling_9m_3m,5,20,0.5660478880817864
volatility,XGBoost,B,rolling_9m_3m,5,21,0.5855584209752064
volatility,XGBoost,B,rolling_9m_3m,5,22,0.6728114978533544
volatility,XGBoost,B,rolling_9m_3m,5,23,0.593335667241355
volatility,XGBoost,B,rolling_9m_3m,5,24,0.5961322066123813
volatility,XGBoost,B,rolling_9m_3m,5,25,0.569618913834362
volatility,XGBoost,B,rolling_9m_3m,5,26,0.5375566333576672
volatility,XGBoost,B,rolling_9m_3m,5,27,0.5623428265355995
volatility,XGBoost,B,rolling_9m_3m,5,28,0.5235211543372361
volatility,XGBoost,B,rolling_9m_3m,5,29,0.5315628799532157
volatility,XGBoost,B,rolling_9m_3m,5,30,0.520780099339663
volatility,XGBoost,B,rolling_9m_3m,5,31,0.5418525408554542
volatility,ElasticNet,C,expanding,5,0,0.5117326255668164
volatility,ElasticNet,C,expanding,5,1,0.5438747504702867
volatility,ElasticNet,C,expanding,5,2,0.557904494289191
volatility,ElasticNet,C,expanding,5,3,0.6519759369682249
volatility,ElasticNet,C,expanding,5,4,0.6072485213772096
volatility,ElasticNet,C,expanding,5,5,0.5745924496075847
volatility,ElasticNet,C,expanding,5,6,0.5321890269049957
volatility,ElasticNet,C,expanding,5,7,0.5259015958362954
volatility,ElasticNet,C,expanding,5,8,0.5820184548851273
volatility,ElasticNet,C,expanding,5,9,0.6831287894973556
volatility,ElasticNet,C,expanding,5,10,0.6589191598775758
volatility,ElasticNet,C,expanding,5,11,0.6031838174378922
volatility,ElasticNet,C,expanding,5,12,0.6196387548426324
volatility,ElasticNet,C,expanding,5,13,0.5916943181755563
volatility,ElasticNet,C,expanding,5,14,0.5972259696582191
volatility,ElasticNet,C,expanding,5,15,0.5707282525425195
volatility,ElasticNet,C,expanding,5,16,0.6066035018804142
volatility,ElasticNet,C,expanding,5,17,0.6794471944876447
volatility,ElasticNet,C,expanding,5,18,0.6362387698114508
volatility,ElasticNet,C,expanding,5,19,0.6268511723493422
volatility,ElasticNet,C,expanding,5,20,0.606542217612998
volatility,ElasticNet,C,expanding,5,21,0.5791293274515504
volatility,ElasticNet,C,expanding,5,22,0.5598288881313802
volatility,ElasticNet,C,expanding,5,23,0.557007586735618
volatility,ElasticNet,C,expanding,5,24,0.5411811130062777
volatility,ElasticNet,C,expanding,5,25,0.5215845861348426
volatility,ElasticNet,C,expanding,5,26,0.5662032144608399
volatility,ElasticNet,C,rolling_9m_3m,5,0,0.5185965885788774
volatility,ElasticNet,C,rolling_9m_3m,5,1,0.5755024870360379
volatility,ElasticNet,C,rolling_9m_3m,5,2,0.562971735881396
volatility,ElasticNet,C,rolling_9m_3m,5,3,0.53853819592143
volatility,ElasticNet,C,rolling_9m_3m,5,4,0.538249289770773
volatility,ElasticNet,C,rolling_9m_3m,5,5,0.5316023882234119
volatility,ElasticNet,C,rolling_9m_3m,5,6,0.5435052807696866
volatility,ElasticNet,C,rolling_9m_3m,5,7,0.5391547197416058
volatility,ElasticNet,C,rolling_9m_3m,5,8,0.6656617551837044
volatility,ElasticNet,C,rolling_9m_3m,5,9,0.6042958877894697
volatility,ElasticNet,C,rolling_9m_3m,5,10,0.5772957722910624
volatility,ElasticNet,C,rolling_9m_3m,5,11,0.5294658744391346
volatility,ElasticNet,C,rolling_9m_3m,5,12,0.5010626624852869
volatility,ElasticNet,C,rolling_9m_3m,5,13,0.5380195113091751
volatility,ElasticNet,C,rolling_9m_3m,5,14,0.6647310772142137
volatility,ElasticNet,C,rolling_9m_3m,5,15,0.6244718302926359
volatility,ElasticNet,C,rolling_9m_3m,5,16,0.6026865018157539
volatility,ElasticNet,C,rolling_9m_3m,5,17,0.5907745972875191
volatility,ElasticNet,C,rolling_9m_3m,5,18,0.5795701821696821
volatility,ElasticNet,C,rolling_9m_3m,5,19,0.5957382741873191
volatility,ElasticNet,C,rolling_9m_3m,5,20,0.567114357098669
volatility,ElasticNet,C,rolling_9m_3m,5,21,0.6086115207308019
volatility,ElasticNet,C,rolling_9m_3m,5,22,0.6852267721761006
volatility,ElasticNet,C,rolling_9m_3m,5,23,0.6392844116637089
volatility,ElasticNet,C,rolling_9m_3m,5,24,0.6176432704594137
volatility,ElasticNet,C,rolling_9m_3m,5,25,0.5986942321711154
volatility,ElasticNet,C,rolling_9m_3m,5,26,0.5754608125613079
volatility,ElasticNet,C,rolling_9m_3m,5,27,0.5621722580364802
volatility,ElasticNet,C,rolling_9m_3m,5,28,0.5547425101676011
volatility,ElasticNet,C,rolling_9m_3m,5,29,0.5326013120804014
volatility,ElasticNet,C,rolling_9m_3m,5,30,0.5196916514101205
volatility,ElasticNet,C,rolling_9m_3m,5,31,0.5324171197118468
volatility,OLS,C,expanding,5,0,0.5011409389832069
volatility,OLS,C,expanding,5,1,0.5351552809450183
volatility,OLS,C,expanding,5,2,0.5413976363991085
volatility,OLS,C,expanding,5,3,0.6453871305339544
volatility,OLS,C,expanding,5,4,0.6030108626743403
volatility,OLS,C,expanding,5,5,0.5729638286008398
volatility,OLS,C,expanding,5,6,0.5368819569043243
volatility,OLS,C,expanding,5,7,0.5216099027951131
volatility,OLS,C,expanding,5,8,0.5719897586958299
volatility,OLS,C,expanding,5,9,0.6807384202547299
volatility,OLS,C,expanding,5,10,0.659965600823517
volatility,OLS,C,expanding,5,11,0.603166065507483
volatility,OLS,C,expanding,5,12,0.6184784133387377
volatility,OLS,C,expanding,5,13,0.5907006808998786
volatility,OLS,C,expanding,5,14,0.5921599732821241
volatility,OLS,C,expanding,5,15,0.5672013171444097
volatility,OLS,C,expanding,5,16,0.6042705006372212
volatility,OLS,C,expanding,5,17,0.6775850391816081
volatility,OLS,C,expanding,5,18,0.6328118206791364
volatility,OLS,C,expanding,5,19,0.6251018643433052
volatility,OLS,C,expanding,5,20,0.6032836328108407
volatility,OLS,C,expanding,5,21,0.5781640653636542
volatility,OLS,C,expanding,5,22,0.5590141373025671
volatility,OLS,C,expanding,5,23,0.5538259420782063
volatility,OLS,C,expanding,5,24,0.5442653940799509
volatility,OLS,C,expanding,5,25,0.5212632203926921
volatility,OLS,C,expanding,5,26,0.5685396202446426
volatility,OLS,C,rolling_9m_3m,5,0,0.48804795378015114
volatility,OLS,C,rolling_9m_3m,5,1,0.5641858853094488
volatility,OLS,C,rolling_9m_3m,5,2,0.48715707757902593
volatility,OLS,C,rolling_9m_3m,5,3,0.498988020863279
volatility,OLS,C,rolling_9m_3m,5,4,0.49506101280108183
volatility,OLS,C,rolling_9m_3m,5,5,0.4786593366127386
volatility,OLS,C,rolling_9m_3m,5,6,0.4992434522944754
volatility,OLS,C,rolling_9m_3m,5,7,0.5224883200083883
volatility,OLS,C,rolling_9m_3m,5,8,0.6002281318046624
volatility,OLS,C,rolling_9m_3m,5,9,0.5616312060698159
volatility,OLS,C,rolling_9m_3m,5,10,0.5411996385856994
volatility,OLS,C,rolling_9m_3m,5,11,0.5206025175756633
volatility,OLS,C,rolling_9m_3m,5,12,0.49175621886907706
volatility,OLS,C,rolling_9m_3m,5,13,0.3911136581173748
volatility,OLS,C,rolling_9m_3m,5,14,0.6528574384161628
volatility,OLS,C,rolling_9m_3m,5,15,0.6209144122396717
volatility,OLS,C,rolling_9m_3m,5,16,0.6008549315734579
volatility,OLS,C,rolling_9m_3m,5,17,0.5823760683331438
volatility,OLS,C,rolling_9m_3m,5,18,0.5661133260916619
volatility,OLS,C,rolling_9m_3m,5,19,0.5828666737953397
volatility,OLS,C,rolling_9m_3m,5,20,0.5440768295177844
volatility,OLS,C,rolling_9m_3m,5,21,0.5844561969896493
volatility,OLS,C,rolling_9m_3m,5,22,0.654361790708209
volatility,OLS,C,rolling_9m_3m,5,23,0.6060564180761664
volatility,OLS,C,rolling_9m_3m,5,24,0.6118279821900356
volatility,OLS,C,rolling_9m_3m,5,25,0.5837300732837355
volatility,OLS,C,rolling_9m_3m,5,26,0.5350665634613377
volatility,OLS,C,rolling_9m_3m,5,27,0.5496341498035534
volatility,OLS,C,rolling_9m_3m,5,28,0.5196353858122247
volatility,OLS,C,rolling_9m_3m,5,29,0.5343034745863854
volatility,OLS,C,rolling_9m_3m,5,30,0.4954065049071706
volatility,OLS,C,rolling_9m_3m,5,31,0.49213610979231925
volatility,XGBoost,C,expanding,5,0,0.4999001479930041
volatility,XGBoost,C,expanding,5,1,0.5395581639320736
volatility,XGBoost,C,expanding,5,2,0.5459297131010397
volatility,XGBoost,C,expanding,5,3,0.6220557825943294
volatility,XGBoost,C,expanding,5,4,0.6056708311826676
volatility,XGBoost,C,expanding,5,5,0.5493509492125827
volatility,XGBoost,C,expanding,5,6,0.5202646846114809
volatility,XGBoost,C,expanding,5,7,0.5194411997878144
volatility,XGBoost,C,expanding,5,8,0.5047956149812958
volatility,XGBoost,C,expanding,5,9,0.6662029297451136
volatility,XGBoost,C,expanding,5,10,0.657058381860085
volatility,XGBoost,C,expanding,5,11,0.5895338510313122
volatility,XGBoost,C,expanding,5,12,0.6165451500262322
volatility,XGBoost,C,expanding,5,13,0.5862720769624284
volatility,XGBoost,C,expanding,5,14,0.5867449648864026
volatility,XGBoost,C,expanding,5,15,0.572772179816383
volatility,XGBoost,C,expanding,5,16,0.6071012255528191
volatility,XGBoost,C,expanding,5,17,0.6793768652645096
volatility,XGBoost,C,expanding,5,18,0.6347804679101946
volatility,XGBoost,C,expanding,5,19,0.6189504054310723
volatility,XGBoost,C,expanding,5,20,0.6034175639761785
volatility,XGBoost,C,expanding,5,21,0.5825011270208864
volatility,XGBoost,C,expanding,5,22,0.5734625206527495
volatility,XGBoost,C,expanding,5,23,0.568442096864995
volatility,XGBoost,C,expanding,5,24,0.539136735830838
volatility,XGBoost,C,expanding,5,25,0.5278957810322752
volatility,XGBoost,C,expanding,5,26,0.5633381648133607
volatility,XGBoost,C,rolling_9m_3m,5,0,0.5069032879145772
volatility,XGBoost,C,rolling_9m_3m,5,1,0.5525207263326147
volatility,XGBoost,C,rolling_9m_3m,5,2,0.5055916996439779
volatility,XGBoost,C,rolling_9m_3m,5,3,0.5370726828786877
volatility,XGBoost,C,rolling_9m_3m,5,4,0.5282708833272854
volatility,XGBoost,C,rolling_9m_3m,5,5,0.47920665123329875
volatility,XGBoost,C,rolling_9m_3m,5,6,0.5300285415150309
volatility,XGBoost,C,rolling_9m_3m,5,7,0.5003783646981856
volatility,XGBoost,C,rolling_9m_3m,5,8,0.6369267622538878
volatility,XGBoost,C,rolling_9m_3m,5,9,0.5659146274181085
volatility,XGBoost,C,rolling_9m_3m,5,10,0.49399931829380994
volatility,XGBoost,C,rolling_9m_3m,5,11,0.5061416032459216
volatility,XGBoost,C,rolling_9m_3m,5,12,0.5042989127443396
volatility,XGBoost,C,rolling_9m_3m,5,13,0.4432232706760749
volatility,XGBoost,C,rolling_9m_3m,5,14,0.5430615837326023
volatility,XGBoost,C,rolling_9m_3m,5,15,0.6350739987269214
volatility,XGBoost,C,rolling_9m_3m,5,16,0.5795616131140798
volatility,XGBoost,C,rolling_9m_3m,5,17,0.588262210869357
volatility,XGBoost,C,rolling_9m_3m,5,18,0.5362723729253
volatility,XGBoost,C,rolling_9m_3m,5,19,0.5744550714352716
volatility,XGBoost,C,rolling_9m_3m,5,20,0.567633236607982
volatility,XGBoost,C,rolling_9m_3m,5,21,0.5858459534213063
volatility,XGBoost,C,rolling_9m_3m,5,22,0.6711386740664348
volatility,XGBoost,C,rolling_9m_3m,5,23,0.6267573347384212
volatility,XGBoost,C,rolling_9m_3m,5,24,0.6040061677669726
volatility,XGBoost,C,rolling_9m_3m,5,25,0.591867453554986
volatility,XGBoost,C,rolling_9m_3m,5,26,0.5519269493764467
volatility,XGBoost,C,rolling_9m_3m,5,27,0.5535104285441556
volatility,XGBoost,C,rolling_9m_3m,5,28,0.5341066513658279
volatility,XGBoost,C,rolling_9m_3m,5,29,0.5224752412884929
volatility,XGBoost,C,rolling_9m_3m,5,30,0.5296497345336567
volatility,XGBoost,C,rolling_9m_3m,5,31,0.5455673620001739
volatility,ElasticNet,candidate_6,expanding,5,0,0.5230228520387729
volatility,ElasticNet,candidate_6,expanding,5,1,0.5437733669414566
volatility,ElasticNet,candidate_6,expanding,5,2,0.5320307448949785
volatility,ElasticNet,candidate_6,expanding,5,3,0.6601878638627438
volatility,ElasticNet,candidate_6,expanding,5,4,0.6034095409956162
volatility,ElasticNet,candidate_6,expanding,5,5,0.5752902566054842
volatility,ElasticNet,candidate_6,expanding,5,6,0.5258875811432685
volatility,ElasticNet,candidate_6,expanding,5,7,0.5027498582514117
volatility,ElasticNet,candidate_6,expanding,5,8,0.553945053838989
volatility,ElasticNet,candidate_6,expanding,5,9,0.6528871699668358
volatility,ElasticNet,candidate_6,expanding,5,10,0.6443826085006769
volatility,ElasticNet,candidate_6,expanding,5,11,0.5897949592748396
volatility,ElasticNet,candidate_6,expanding,5,12,0.6035725044988414
volatility,ElasticNet,candidate_6,expanding,5,13,0.5803270805384506
volatility,ElasticNet,candidate_6,expanding,5,14,0.5866229962203386
volatility,ElasticNet,candidate_6,expanding,5,15,0.5553922796471014
volatility,ElasticNet,candidate_6,expanding,5,16,0.5992346058154207
volatility,ElasticNet,candidate_6,expanding,5,17,0.6665526329454562
volatility,ElasticNet,candidate_6,expanding,5,18,0.6278811923633357
volatility,ElasticNet,candidate_6,expanding,5,19,0.6079413417627451
volatility,ElasticNet,candidate_6,expanding,5,20,0.5972709877167104
volatility,ElasticNet,candidate_6,expanding,5,21,0.5717427492083303
volatility,ElasticNet,candidate_6,expanding,5,22,0.5519814049052107
volatility,ElasticNet,candidate_6,expanding,5,23,0.5472450573429203
volatility,ElasticNet,candidate_6,expanding,5,24,0.5247258373034531
volatility,ElasticNet,candidate_6,expanding,5,25,0.5004086257222752
volatility,ElasticNet,candidate_6,expanding,5,26,0.5517702761461633
volatility,ElasticNet,candidate_6,rolling_9m_3m,5,0,0.5180711517755622
volatility,ElasticNet,candidate_6,rolling_9m_3m,5,1,0.5739161909777126
volatility,ElasticNet,candidate_6,rolling_9m_3m,5,2,0.5568250927933431
volatility,ElasticNet,candidate_6,rolling_9m_3m,5,3,0.5342150880055913
volatility,ElasticNet,candidate_6,rolling_9m_3m,5,4,0.5378109867142941
volatility,ElasticNet,candidate_6,rolling_9m_3m,5,5,0.527455578179993
volatility,ElasticNet,candidate_6,rolling_9m_3m,5,6,0.5419495654130165
volatility,ElasticNet,candidate_6,rolling_9m_3m,5,7,0.5368868295245514
volatility,ElasticNet,candidate_6,rolling_9m_3m,5,8,0.6579742690554496
volatility,ElasticNet,candidate_6,rolling_9m_3m,5,9,0.5993482300772297
volatility,ElasticNet,candidate_6,rolling_9m_3m,5,10,0.5773275661260915
volatility,ElasticNet,candidate_6,rolling_9m_3m,5,11,0.5205047237477817
volatility,ElasticNet,candidate_6,rolling_9m_3m,5,12,0.4974464366139784
volatility,ElasticNet,candidate_6,rolling_9m_3m,5,13,0.5394481466281384
volatility,ElasticNet,candidate_6,rolling_9m_3m,5,14,0.5806200146569627
volatility,ElasticNet,candidate_6,rolling_9m_3m,5,15,0.5334742717394995
volatility,ElasticNet,candidate_6,rolling_9m_3m,5,16,0.57287298915793
volatility,ElasticNet,candidate_6,rolling_9m_3m,5,17,0.5916850097468211
volatility,ElasticNet,candidate_6,rolling_9m_3m,5,18,0.5809984034422981
volatility,ElasticNet,candidate_6,rolling_9m_3m,5,19,0.5943583876894653
volatility,ElasticNet,candidate_6,rolling_9m_3m,5,20,0.5627637181791415
volatility,ElasticNet,candidate_6,rolling_9m_3m,5,21,0.6064525546701909
volatility,ElasticNet,candidate_6,rolling_9m_3m,5,22,0.6842085684988529
volatility,ElasticNet,candidate_6,rolling_9m_3m,5,23,0.6251006018288047
volatility,ElasticNet,candidate_6,rolling_9m_3m,5,24,0.6163829601277693
volatility,ElasticNet,candidate_6,rolling_9m_3m,5,25,0.5984021518827264
volatility,ElasticNet,candidate_6,rolling_9m_3m,5,26,0.5804780905256376
volatility,ElasticNet,candidate_6,rolling_9m_3m,5,27,0.5632927047796775
volatility,ElasticNet,candidate_6,rolling_9m_3m,5,28,0.5525110750771337
volatility,ElasticNet,candidate_6,rolling_9m_3m,5,29,0.5316958820492055
volatility,ElasticNet,candidate_6,rolling_9m_3m,5,30,0.5189266966642901
volatility,ElasticNet,candidate_6,rolling_9m_3m,5,31,0.5496934515237138
volatility,OLS,candidate_6,expanding,5,0,0.5178430904873692
volatility,OLS,candidate_6,expanding,5,1,0.5266067841644715
volatility,OLS,candidate_6,expanding,5,2,0.5359339680249274
volatility,OLS,candidate_6,expanding,5,3,0.6351412346873677
volatility,OLS,candidate_6,expanding,5,4,0.6037848814696692
volatility,OLS,candidate_6,expanding,5,5,0.5735608757995869
volatility,OLS,candidate_6,expanding,5,6,0.5497472583571815
volatility,OLS,candidate_6,expanding,5,7,0.5031592826361747
volatility,OLS,candidate_6,expanding,5,8,0.5456780157136337
volatility,OLS,candidate_6,expanding,5,9,0.5802086334064291
volatility,OLS,candidate_6,expanding,5,10,0.621674723709545
volatility,OLS,candidate_6,expanding,5,11,0.5639293468984587
volatility,OLS,candidate_6,expanding,5,12,0.5960452395914226
volatility,OLS,candidate_6,expanding,5,13,0.5764713438155519
volatility,OLS,candidate_6,expanding,5,14,0.5670775418968226
volatility,OLS,candidate_6,expanding,5,15,0.5217441616900229
volatility,OLS,candidate_6,expanding,5,16,0.5660127957588441
volatility,OLS,candidate_6,expanding,5,17,0.6307974416979396
volatility,OLS,candidate_6,expanding,5,18,0.5920614971510768
volatility,OLS,candidate_6,expanding,5,19,0.5522113778504317
volatility,OLS,candidate_6,expanding,5,20,0.5657600068747751
volatility,OLS,candidate_6,expanding,5,21,0.566926280801779
volatility,OLS,candidate_6,expanding,5,22,0.522185860409561
volatility,OLS,candidate_6,expanding,5,23,0.5033919056358996
volatility,OLS,candidate_6,expanding,5,24,0.5163699094944508
volatility,OLS,candidate_6,expanding,5,25,0.46441458144261333
volatility,OLS,candidate_6,expanding,5,26,0.5616608553270049
volatility,OLS,candidate_6,rolling_9m_3m,5,0,0.4871305101907343
volatility,OLS,candidate_6,rolling_9m_3m,5,1,0.5806992458999836
volatility,OLS,candidate_6,rolling_9m_3m,5,2,0.5054450271731823
volatility,OLS,candidate_6,rolling_9m_3m,5,3,0.48612190145183415
volatility,OLS,candidate_6,rolling_9m_3m,5,4,0.5170150706445417
volatility,OLS,candidate_6,rolling_9m_3m,5,5,0.504344026095585
volatility,OLS,candidate_6,rolling_9m_3m,5,6,0.48881464054427154
volatility,OLS,candidate_6,rolling_9m_3m,5,7,0.5273014953283526
volatility,OLS,candidate_6,rolling_9m_3m,5,8,0.5904212187812774
volatility,OLS,candidate_6,rolling_9m_3m,5,9,0.5634950758351751
volatility,OLS,candidate_6,rolling_9m_3m,5,10,0.547295728199627
volatility,OLS,candidate_6,rolling_9m_3m,5,11,0.5281924370638266
volatility,OLS,candidate_6,rolling_9m_3m,5,12,0.4913756713593829
volatility,OLS,candidate_6,rolling_9m_3m,5,13,0.4784373927947736
volatility,OLS,candidate_6,rolling_9m_3m,5,14,0.582552224933236
volatility,OLS,candidate_6,rolling_9m_3m,5,15,0.5328416308595425
volatility,OLS,candidate_6,rolling_9m_3m,5,16,0.5744256831999568
volatility,OLS,candidate_6,rolling_9m_3m,5,17,0.5656035701678007
volatility,OLS,candidate_6,rolling_9m_3m,5,18,0.5707723673102492
volatility,OLS,candidate_6,rolling_9m_3m,5,19,0.5867494081004185
volatility,OLS,candidate_6,rolling_9m_3m,5,20,0.515678490986867
volatility,OLS,candidate_6,rolling_9m_3m,5,21,0.5736352619323487
volatility,OLS,candidate_6,rolling_9m_3m,5,22,0.6575622107507781
volatility,OLS,candidate_6,rolling_9m_3m,5,23,0.5762114436964918
volatility,OLS,candidate_6,rolling_9m_3m,5,24,0.6083899598987729
volatility,OLS,candidate_6,rolling_9m_3m,5,25,0.5629383706685378
volatility,OLS,candidate_6,rolling_9m_3m,5,26,0.5330532155442181
volatility,OLS,candidate_6,rolling_9m_3m,5,27,0.5271982313078626
volatility,OLS,candidate_6,rolling_9m_3m,5,28,0.5197030663547628
volatility,OLS,candidate_6,rolling_9m_3m,5,29,0.5440267055995447
volatility,OLS,candidate_6,rolling_9m_3m,5,30,0.48987965586226295
volatility,OLS,candidate_6,rolling_9m_3m,5,31,0.5349830574168449
volatility,XGBoost,candidate_6,expanding,5,0,0.5225607734150494
volatility,XGBoost,candidate_6,expanding,5,1,0.5388216242184567
volatility,XGBoost,candidate_6,expanding,5,2,0.5293736518739462
volatility,XGBoost,candidate_6,expanding,5,3,0.6216626033166947
volatility,XGBoost,candidate_6,expanding,5,4,0.600502555631538
volatility,XGBoost,candidate_6,expanding,5,5,0.5665567562306587
volatility,XGBoost,candidate_6,expanding,5,6,0.5330393976611714
volatility,XGBoost,candidate_6,expanding,5,7,0.49794787247572464
volatility,XGBoost,candidate_6,expanding,5,8,0.4852453796741543
volatility,XGBoost,candidate_6,expanding,5,9,0.6243307339559094
volatility,XGBoost,candidate_6,expanding,5,10,0.6412687522270036
volatility,XGBoost,candidate_6,expanding,5,11,0.5799416284284818
volatility,XGBoost,candidate_6,expanding,5,12,0.6050319098344015
volatility,XGBoost,candidate_6,expanding,5,13,0.5747247748707894
volatility,XGBoost,candidate_6,expanding,5,14,0.5734920817893541
volatility,XGBoost,candidate_6,expanding,5,15,0.5523279163207152
volatility,XGBoost,candidate_6,expanding,5,16,0.5827629341483952
volatility,XGBoost,candidate_6,expanding,5,17,0.6178520893791845
volatility,XGBoost,candidate_6,expanding,5,18,0.5940562794711685
volatility,XGBoost,candidate_6,expanding,5,19,0.5704348010889214
volatility,XGBoost,candidate_6,expanding,5,20,0.5737140854717475
volatility,XGBoost,candidate_6,expanding,5,21,0.5791906550684586
volatility,XGBoost,candidate_6,expanding,5,22,0.5457219966990061
volatility,XGBoost,candidate_6,expanding,5,23,0.5454948351629195
volatility,XGBoost,candidate_6,expanding,5,24,0.5251042242935717
volatility,XGBoost,candidate_6,expanding,5,25,0.487630451881433
volatility,XGBoost,candidate_6,expanding,5,26,0.5551647070468383
volatility,XGBoost,candidate_6,rolling_9m_3m,5,0,0.4911228790812301
volatility,XGBoost,candidate_6,rolling_9m_3m,5,1,0.5583023034387296
volatility,XGBoost,candidate_6,rolling_9m_3m,5,2,0.4978732536414433
volatility,XGBoost,candidate_6,rolling_9m_3m,5,3,0.5009700549169971
volatility,XGBoost,candidate_6,rolling_9m_3m,5,4,0.5301305416201898
volatility,XGBoost,candidate_6,rolling_9m_3m,5,5,0.5209277218662112
volatility,XGBoost,candidate_6,rolling_9m_3m,5,6,0.5257902411756215
volatility,XGBoost,candidate_6,rolling_9m_3m,5,7,0.5046009272461393
volatility,XGBoost,candidate_6,rolling_9m_3m,5,8,0.6333403396745516
volatility,XGBoost,candidate_6,rolling_9m_3m,5,9,0.5669848556013568
volatility,XGBoost,candidate_6,rolling_9m_3m,5,10,0.4883551765934121
volatility,XGBoost,candidate_6,rolling_9m_3m,5,11,0.48838369435475476
volatility,XGBoost,candidate_6,rolling_9m_3m,5,12,0.48356458329957197
volatility,XGBoost,candidate_6,rolling_9m_3m,5,13,0.3371731716483888
volatility,XGBoost,candidate_6,rolling_9m_3m,5,14,0.5719424496689509
volatility,XGBoost,candidate_6,rolling_9m_3m,5,15,0.3328151435228525
volatility,XGBoost,candidate_6,rolling_9m_3m,5,16,0.532269201938745
volatility,XGBoost,candidate_6,rolling_9m_3m,5,17,0.5661970249793963
volatility,XGBoost,candidate_6,rolling_9m_3m,5,18,0.5223066264264598
volatility,XGBoost,candidate_6,rolling_9m_3m,5,19,0.5417399404284099
volatility,XGBoost,candidate_6,rolling_9m_3m,5,20,0.5524336673724343
volatility,XGBoost,candidate_6,rolling_9m_3m,5,21,0.5632999345933788
volatility,XGBoost,candidate_6,rolling_9m_3m,5,22,0.6719916043408612
volatility,XGBoost,candidate_6,rolling_9m_3m,5,23,0.5846908944013156
volatility,XGBoost,candidate_6,rolling_9m_3m,5,24,0.5948125624556907
volatility,XGBoost,candidate_6,rolling_9m_3m,5,25,0.560314771537036
volatility,XGBoost,candidate_6,rolling_9m_3m,5,26,0.5341023062817232
volatility,XGBoost,candidate_6,rolling_9m_3m,5,27,0.5446502087359308
volatility,XGBoost,candidate_6,rolling_9m_3m,5,28,0.5325859520042184
volatility,XGBoost,candidate_6,rolling_9m_3m,5,29,0.5321294163308682
volatility,XGBoost,candidate_6,rolling_9m_3m,5,30,0.5219296153048565
volatility,XGBoost,candidate_6,rolling_9m_3m,5,31,0.5395513326569782
volatility,ElasticNet,D,expanding,5,0,0.5138158277581207
volatility,ElasticNet,D,expanding,5,1,0.5421741976544383
volatility,ElasticNet,D,expanding,5,2,0.5491492428908347
volatility,ElasticNet,D,expanding,5,3,0.6446019690036364
volatility,ElasticNet,D,expanding,5,4,0.602642508057492
volatility,ElasticNet,D,expanding,5,5,0.5770142080428191
volatility,ElasticNet,D,expanding,5,6,0.5320728086722559
volatility,ElasticNet,D,expanding,5,7,0.5226260058395921
volatility,ElasticNet,D,expanding,5,8,0.5479038219560218
volatility,ElasticNet,D,expanding,5,9,0.6777049774250552
volatility,ElasticNet,D,expanding,5,10,0.6590297960333951
volatility,ElasticNet,D,expanding,5,11,0.5929075457841118
volatility,ElasticNet,D,expanding,5,12,0.6170913632917562
volatility,ElasticNet,D,expanding,5,13,0.5879167806242946
volatility,ElasticNet,D,expanding,5,14,0.5982888743385836
volatility,ElasticNet,D,expanding,5,15,0.571708249778938
volatility,ElasticNet,D,expanding,5,16,0.599655204499797
volatility,ElasticNet,D,expanding,5,17,0.6745996391186955
volatility,ElasticNet,D,expanding,5,18,0.6355256793008098
volatility,ElasticNet,D,expanding,5,19,0.6230581323755522
volatility,ElasticNet,D,expanding,5,20,0.5982420985250969
volatility,ElasticNet,D,expanding,5,21,0.5826550142855956
volatility,ElasticNet,D,expanding,5,22,0.5612683569434009
volatility,ElasticNet,D,expanding,5,23,0.5513542107195294
volatility,ElasticNet,D,expanding,5,24,0.5469570924332903
volatility,ElasticNet,D,expanding,5,25,0.5086002348276971
volatility,ElasticNet,D,expanding,5,26,0.5587248486867493
volatility,ElasticNet,D,rolling_9m_3m,5,0,0.49784250550208314
volatility,ElasticNet,D,rolling_9m_3m,5,1,0.5574913356584517
volatility,ElasticNet,D,rolling_9m_3m,5,2,0.5647865047881461
volatility,ElasticNet,D,rolling_9m_3m,5,3,0.539482148337417
volatility,ElasticNet,D,rolling_9m_3m,5,4,0.5268370519359623
volatility,ElasticNet,D,rolling_9m_3m,5,5,0.5294692222268321
volatility,ElasticNet,D,rolling_9m_3m,5,6,0.540659898384133
volatility,ElasticNet,D,rolling_9m_3m,5,7,0.5358193460572929
volatility,ElasticNet,D,rolling_9m_3m,5,8,0.6653721737496341
volatility,ElasticNet,D,rolling_9m_3m,5,9,0.5875885913572912
volatility,ElasticNet,D,rolling_9m_3m,5,10,0.5782201538339454
volatility,ElasticNet,D,rolling_9m_3m,5,11,0.5273714570480741
volatility,ElasticNet,D,rolling_9m_3m,5,12,0.5029062068169919
volatility,ElasticNet,D,rolling_9m_3m,5,13,0.5413989775121734
volatility,ElasticNet,D,rolling_9m_3m,5,14,0.6667324255365809
volatility,ElasticNet,D,rolling_9m_3m,5,15,0.6422379993415268
volatility,ElasticNet,D,rolling_9m_3m,5,16,0.5942629632163958
volatility,ElasticNet,D,rolling_9m_3m,5,17,0.580329759022253
volatility,ElasticNet,D,rolling_9m_3m,5,18,0.5777465288000833
volatility,ElasticNet,D,rolling_9m_3m,5,19,0.5942533618284949
volatility,ElasticNet,D,rolling_9m_3m,5,20,0.5713053820993163
volatility,ElasticNet,D,rolling_9m_3m,5,21,0.5922766617079843
volatility,ElasticNet,D,rolling_9m_3m,5,22,0.6759201978978479
volatility,ElasticNet,D,rolling_9m_3m,5,23,0.6330520960216912
volatility,ElasticNet,D,rolling_9m_3m,5,24,0.6171970936497684
volatility,ElasticNet,D,rolling_9m_3m,5,25,0.5938891159322424
volatility,ElasticNet,D,rolling_9m_3m,5,26,0.5832922632483633
volatility,ElasticNet,D,rolling_9m_3m,5,27,0.5623320602862533
volatility,ElasticNet,D,rolling_9m_3m,5,28,0.5524043751637869
volatility,ElasticNet,D,rolling_9m_3m,5,29,0.5443138823095145
volatility,ElasticNet,D,rolling_9m_3m,5,30,0.5149110286500812
volatility,ElasticNet,D,rolling_9m_3m,5,31,0.5433134717798744
volatility,OLS,D,expanding,5,0,0.5015463434228787
volatility,OLS,D,expanding,5,1,0.5363245903601761
volatility,OLS,D,expanding,5,2,0.5346533640114665
volatility,OLS,D,expanding,5,3,0.6336842684699471
volatility,OLS,D,expanding,5,4,0.5993543265236525
volatility,OLS,D,expanding,5,5,0.5751540068912973
volatility,OLS,D,expanding,5,6,0.5354284564896571
volatility,OLS,D,expanding,5,7,0.517027967646917
volatility,OLS,D,expanding,5,8,0.5381028997130881
volatility,OLS,D,expanding,5,9,0.6650242484901459
volatility,OLS,D,expanding,5,10,0.6569007387574114
volatility,OLS,D,expanding,5,11,0.593998006064115
volatility,OLS,D,expanding,5,12,0.6166597821262684
volatility,OLS,D,expanding,5,13,0.5877619517051235
volatility,OLS,D,expanding,5,14,0.595839491579133
volatility,OLS,D,expanding,5,15,0.5706727367805841
volatility,OLS,D,expanding,5,16,0.5987843380402805
volatility,OLS,D,expanding,5,17,0.6755438677530582
volatility,OLS,D,expanding,5,18,0.6355108918381507
volatility,OLS,D,expanding,5,19,0.6206491779809936
volatility,OLS,D,expanding,5,20,0.596662609182219
volatility,OLS,D,expanding,5,21,0.5797339463434128
volatility,OLS,D,expanding,5,22,0.5596286819299788
volatility,OLS,D,expanding,5,23,0.5494210882749442
volatility,OLS,D,expanding,5,24,0.5455269878517508
volatility,OLS,D,expanding,5,25,0.5090987187988897
volatility,OLS,D,expanding,5,26,0.5572629272813399
volatility,OLS,D,rolling_9m_3m,5,0,0.4851102760558036
volatility,OLS,D,rolling_9m_3m,5,1,0.5619421069744992
volatility,OLS,D,rolling_9m_3m,5,2,0.5086666414442014
volatility,OLS,D,rolling_9m_3m,5,3,0.48522800705662533
volatility,OLS,D,rolling_9m_3m,5,4,0.5067665162534128
volatility,OLS,D,rolling_9m_3m,5,5,0.4886247313502623
volatility,OLS,D,rolling_9m_3m,5,6,0.49804916589103837
volatility,OLS,D,rolling_9m_3m,5,7,0.5026714722314936
volatility,OLS,D,rolling_9m_3m,5,8,0.5707347775068948
volatility,OLS,D,rolling_9m_3m,5,9,0.5513365292458702
volatility,OLS,D,rolling_9m_3m,5,10,0.5396841571189295
volatility,OLS,D,rolling_9m_3m,5,11,0.502860406371522
volatility,OLS,D,rolling_9m_3m,5,12,0.48368168883696455
volatility,OLS,D,rolling_9m_3m,5,13,0.39738889008914724
volatility,OLS,D,rolling_9m_3m,5,14,0.6586557242740366
volatility,OLS,D,rolling_9m_3m,5,15,0.6402426918752069
volatility,OLS,D,rolling_9m_3m,5,16,0.5913356106025827
volatility,OLS,D,rolling_9m_3m,5,17,0.5701670229956903
volatility,OLS,D,rolling_9m_3m,5,18,0.5506189773786
volatility,OLS,D,rolling_9m_3m,5,19,0.5989083853213786
volatility,OLS,D,rolling_9m_3m,5,20,0.5266876034817218
volatility,OLS,D,rolling_9m_3m,5,21,0.5737256258845885
volatility,OLS,D,rolling_9m_3m,5,22,0.6652805557377038
volatility,OLS,D,rolling_9m_3m,5,23,0.5927173908721876
volatility,OLS,D,rolling_9m_3m,5,24,0.6047517488441541
volatility,OLS,D,rolling_9m_3m,5,25,0.5654501537303224
volatility,OLS,D,rolling_9m_3m,5,26,0.5437033275069336
volatility,OLS,D,rolling_9m_3m,5,27,0.546506978112951
volatility,OLS,D,rolling_9m_3m,5,28,0.5054617702587716
volatility,OLS,D,rolling_9m_3m,5,29,0.5325028394369633
volatility,OLS,D,rolling_9m_3m,5,30,0.46846965943985225
volatility,OLS,D,rolling_9m_3m,5,31,0.5034348840771677
volatility,XGBoost,D,expanding,5,0,0.5270030112956634
volatility,XGBoost,D,expanding,5,1,0.5390562183503039
volatility,XGBoost,D,expanding,5,2,0.5389058034171726
volatility,XGBoost,D,expanding,5,3,0.6283180456665016
volatility,XGBoost,D,expanding,5,4,0.5835593024328306
volatility,XGBoost,D,expanding,5,5,0.5735065053327254
volatility,XGBoost,D,expanding,5,6,0.5332084511760342
volatility,XGBoost,D,expanding,5,7,0.5137087652038823
volatility,XGBoost,D,expanding,5,8,0.5019606045544283
volatility,XGBoost,D,expanding,5,9,0.6439031205851822
volatility,XGBoost,D,expanding,5,10,0.6370468595539944
volatility,XGBoost,D,expanding,5,11,0.5679419579244777
volatility,XGBoost,D,expanding,5,12,0.6119591410208183
volatility,XGBoost,D,expanding,5,13,0.5803127743658496
volatility,XGBoost,D,expanding,5,14,0.5719726454261506
volatility,XGBoost,D,expanding,5,15,0.5726576327825214
volatility,XGBoost,D,expanding,5,16,0.6007611462766737
volatility,XGBoost,D,expanding,5,17,0.6706111040693112
volatility,XGBoost,D,expanding,5,18,0.6340842818409469
volatility,XGBoost,D,expanding,5,19,0.6145339483522754
volatility,XGBoost,D,expanding,5,20,0.6004797694606671
volatility,XGBoost,D,expanding,5,21,0.584295372870405
volatility,XGBoost,D,expanding,5,22,0.5686787171931944
volatility,XGBoost,D,expanding,5,23,0.553405162038156
volatility,XGBoost,D,expanding,5,24,0.544378441441892
volatility,XGBoost,D,expanding,5,25,0.5139051847424914
volatility,XGBoost,D,expanding,5,26,0.5583978593334245
volatility,XGBoost,D,rolling_9m_3m,5,0,0.5017249375335935
volatility,XGBoost,D,rolling_9m_3m,5,1,0.5380203753519118
volatility,XGBoost,D,rolling_9m_3m,5,2,0.5164166271365457
volatility,XGBoost,D,rolling_9m_3m,5,3,0.541191015069177
volatility,XGBoost,D,rolling_9m_3m,5,4,0.5036560576436714
volatility,XGBoost,D,rolling_9m_3m,5,5,0.48000575728172046
volatility,XGBoost,D,rolling_9m_3m,5,6,0.5233054447621401
volatility,XGBoost,D,rolling_9m_3m,5,7,0.5204829956078056
volatility,XGBoost,D,rolling_9m_3m,5,8,0.6290919879810283
volatility,XGBoost,D,rolling_9m_3m,5,9,0.5482713138391638
volatility,XGBoost,D,rolling_9m_3m,5,10,0.5494226181183063
volatility,XGBoost,D,rolling_9m_3m,5,11,0.5171913446798899
volatility,XGBoost,D,rolling_9m_3m,5,12,0.5094898458123149
volatility,XGBoost,D,rolling_9m_3m,5,13,0.43265387059052757
volatility,XGBoost,D,rolling_9m_3m,5,14,0.5779116048698517
volatility,XGBoost,D,rolling_9m_3m,5,15,0.6441354983954175
volatility,XGBoost,D,rolling_9m_3m,5,16,0.5768908718039288
volatility,XGBoost,D,rolling_9m_3m,5,17,0.586229004808274
volatility,XGBoost,D,rolling_9m_3m,5,18,0.5384085474603266
volatility,XGBoost,D,rolling_9m_3m,5,19,0.5772674709839447
volatility,XGBoost,D,rolling_9m_3m,5,20,0.5637827278111508
volatility,XGBoost,D,rolling_9m_3m,5,21,0.5633364986873686
volatility,XGBoost,D,rolling_9m_3m,5,22,0.6641621343442378
volatility,XGBoost,D,rolling_9m_3m,5,23,0.627599965514521
volatility,XGBoost,D,rolling_9m_3m,5,24,0.6048595522097674
volatility,XGBoost,D,rolling_9m_3m,5,25,0.5908416570356341
volatility,XGBoost,D,rolling_9m_3m,5,26,0.5592422524332208
volatility,XGBoost,D,rolling_9m_3m,5,27,0.5559285448878659
volatility,XGBoost,D,rolling_9m_3m,5,28,0.53622434506014
volatility,XGBoost,D,rolling_9m_3m,5,29,0.5319941332834466
volatility,XGBoost,D,rolling_9m_3m,5,30,0.5160358349046756
volatility,XGBoost,D,rolling_9m_3m,5,31,0.5293514935422889
volatility,ElasticNet,repr_svi,expanding,5,0,0.5143354054233679
volatility,ElasticNet,repr_svi,expanding,5,1,0.5175463418756485
volatility,ElasticNet,repr_svi,expanding,5,2,0.5369063570239383
volatility,ElasticNet,repr_svi,expanding,5,3,0.6495710129463564
volatility,ElasticNet,repr_svi,expanding,5,4,0.5964815933210036
volatility,ElasticNet,repr_svi,expanding,5,5,0.568522670911
volatility,ElasticNet,repr_svi,expanding,5,6,0.530557487532479
volatility,ElasticNet,repr_svi,expanding,5,7,0.5185782428030362
volatility,ElasticNet,repr_svi,expanding,5,8,0.5222110047757081
volatility,ElasticNet,repr_svi,expanding,5,9,0.6610853735069886
volatility,ElasticNet,repr_svi,expanding,5,10,0.6449813339672412
volatility,ElasticNet,repr_svi,expanding,5,11,0.5842514324831308
volatility,ElasticNet,repr_svi,expanding,5,12,0.6153235570069591
volatility,ElasticNet,repr_svi,expanding,5,13,0.5792179615496674
volatility,ElasticNet,repr_svi,expanding,5,14,0.5784188700857931
volatility,ElasticNet,repr_svi,expanding,5,15,0.5555346089751947
volatility,ElasticNet,repr_svi,expanding,5,16,0.5978235121911819
volatility,ElasticNet,repr_svi,expanding,5,17,0.6686095854882083
volatility,ElasticNet,repr_svi,expanding,5,18,0.6285528570528768
volatility,ElasticNet,repr_svi,expanding,5,19,0.6104636225279739
volatility,ElasticNet,repr_svi,expanding,5,20,0.5817026982027445
volatility,ElasticNet,repr_svi,expanding,5,21,0.5732583316017353
volatility,ElasticNet,repr_svi,expanding,5,22,0.5420676806820426
volatility,ElasticNet,repr_svi,expanding,5,23,0.5340670495642965
volatility,ElasticNet,repr_svi,expanding,5,24,0.5242860707193661
volatility,ElasticNet,repr_svi,expanding,5,25,0.4786465377213873
volatility,ElasticNet,repr_svi,expanding,5,26,0.5471651422675973
volatility,ElasticNet,repr_svi,rolling_9m_3m,5,0,0.4992462538023589
volatility,ElasticNet,repr_svi,rolling_9m_3m,5,1,0.5482208714960406
volatility,ElasticNet,repr_svi,rolling_9m_3m,5,2,0.5341427796462442
volatility,ElasticNet,repr_svi,rolling_9m_3m,5,3,0.5142049225469638
volatility,ElasticNet,repr_svi,rolling_9m_3m,5,4,0.4928594519362057
volatility,ElasticNet,repr_svi,rolling_9m_3m,5,5,0.5124060280368643
volatility,ElasticNet,repr_svi,rolling_9m_3m,5,6,0.5094366643177302
volatility,ElasticNet,repr_svi,rolling_9m_3m,5,7,0.5214939525224777
volatility,ElasticNet,repr_svi,rolling_9m_3m,5,8,0.6410150887913822
volatility,ElasticNet,repr_svi,rolling_9m_3m,5,9,0.5669949803955184
volatility,ElasticNet,repr_svi,rolling_9m_3m,5,10,0.5616312408275929
volatility,ElasticNet,repr_svi,rolling_9m_3m,5,11,0.5058948625101733
volatility,ElasticNet,repr_svi,rolling_9m_3m,5,12,0.5131508424389224
volatility,ElasticNet,repr_svi,rolling_9m_3m,5,13,0.4672285172409494
volatility,ElasticNet,repr_svi,rolling_9m_3m,5,14,0.649341863429171
volatility,ElasticNet,repr_svi,rolling_9m_3m,5,15,0.6113366360864856
volatility,ElasticNet,repr_svi,rolling_9m_3m,5,16,0.5877177602099932
volatility,ElasticNet,repr_svi,rolling_9m_3m,5,17,0.6036452106861181
volatility,ElasticNet,repr_svi,rolling_9m_3m,5,18,0.5599803480201434
volatility,ElasticNet,repr_svi,rolling_9m_3m,5,19,0.5834128473336078
volatility,ElasticNet,repr_svi,rolling_9m_3m,5,20,0.5467508143044149
volatility,ElasticNet,repr_svi,rolling_9m_3m,5,21,0.5875070144538381
volatility,ElasticNet,repr_svi,rolling_9m_3m,5,22,0.6692389340651579
volatility,ElasticNet,repr_svi,rolling_9m_3m,5,23,0.6195170756481251
volatility,ElasticNet,repr_svi,rolling_9m_3m,5,24,0.6137938358461905
volatility,ElasticNet,repr_svi,rolling_9m_3m,5,25,0.5648562766745423
volatility,ElasticNet,repr_svi,rolling_9m_3m,5,26,0.5762131735506142
volatility,ElasticNet,repr_svi,rolling_9m_3m,5,27,0.5546677602413816
volatility,ElasticNet,repr_svi,rolling_9m_3m,5,28,0.5370787639550575
volatility,ElasticNet,repr_svi,rolling_9m_3m,5,29,0.5269987609919848
volatility,ElasticNet,repr_svi,rolling_9m_3m,5,30,0.5187413302396846
volatility,ElasticNet,repr_svi,rolling_9m_3m,5,31,0.5225510511308291
volatility,OLS,repr_svi,expanding,5,0,0.49991789819376026
volatility,OLS,repr_svi,expanding,5,1,0.5146421301824421
volatility,OLS,repr_svi,expanding,5,2,0.5306627652758269
volatility,OLS,repr_svi,expanding,5,3,0.6324203119662691
volatility,OLS,repr_svi,expanding,5,4,0.5943073931371675
volatility,OLS,repr_svi,expanding,5,5,0.5695969185956768
volatility,OLS,repr_svi,expanding,5,6,0.5330573879929443
volatility,OLS,repr_svi,expanding,5,7,0.5199572579270363
volatility,OLS,repr_svi,expanding,5,8,0.5303408827940496
volatility,OLS,repr_svi,expanding,5,9,0.6565004385922111
volatility,OLS,repr_svi,expanding,5,10,0.6459848072517972
volatility,OLS,repr_svi,expanding,5,11,0.5809045449057225
volatility,OLS,repr_svi,expanding,5,12,0.614044978578756
volatility,OLS,repr_svi,expanding,5,13,0.5809305938582228
volatility,OLS,repr_svi,expanding,5,14,0.5755678403099116
volatility,OLS,repr_svi,expanding,5,15,0.55498213681486
volatility,OLS,repr_svi,expanding,5,16,0.5978962253536766
volatility,OLS,repr_svi,expanding,5,17,0.6681839865235233
volatility,OLS,repr_svi,expanding,5,18,0.6268308570262315
volatility,OLS,repr_svi,expanding,5,19,0.607141074974598
volatility,OLS,repr_svi,expanding,5,20,0.5778475508857861
volatility,OLS,repr_svi,expanding,5,21,0.5717253599892694
volatility,OLS,repr_svi,expanding,5,22,0.5392784548273357
volatility,OLS,repr_svi,expanding,5,23,0.5315740682032654
volatility,OLS,repr_svi,expanding,5,24,0.5247670538680062
volatility,OLS,repr_svi,expanding,5,25,0.47377862010513183
volatility,OLS,repr_svi,expanding,5,26,0.54794817773026
volatility,OLS,repr_svi,rolling_9m_3m,5,0,0.47174160997458175
volatility,OLS,repr_svi,rolling_9m_3m,5,1,0.5618228806671611
volatility,OLS,repr_svi,rolling_9m_3m,5,2,0.5026061814132157
volatility,OLS,repr_svi,rolling_9m_3m,5,3,0.464766255582743
volatility,OLS,repr_svi,rolling_9m_3m,5,4,0.47589218947267786
volatility,OLS,repr_svi,rolling_9m_3m,5,5,0.4809956894482938
volatility,OLS,repr_svi,rolling_9m_3m,5,6,0.4861718930042867
volatility,OLS,repr_svi,rolling_9m_3m,5,7,0.5097137532768545
volatility,OLS,repr_svi,rolling_9m_3m,5,8,0.5760290028827386
volatility,OLS,repr_svi,rolling_9m_3m,5,9,0.5483667127716613
volatility,OLS,repr_svi,rolling_9m_3m,5,10,0.5337249624075993
volatility,OLS,repr_svi,rolling_9m_3m,5,11,0.5109519077789402
volatility,OLS,repr_svi,rolling_9m_3m,5,12,0.4838134904118097
volatility,OLS,repr_svi,rolling_9m_3m,5,13,0.4443244890807098
volatility,OLS,repr_svi,rolling_9m_3m,5,14,0.6298719564261412
volatility,OLS,repr_svi,rolling_9m_3m,5,15,0.6096229425935926
volatility,OLS,repr_svi,rolling_9m_3m,5,16,0.5876446041211402
volatility,OLS,repr_svi,rolling_9m_3m,5,17,0.5768075807229798
volatility,OLS,repr_svi,rolling_9m_3m,5,18,0.5565262931897667
volatility,OLS,repr_svi,rolling_9m_3m,5,19,0.5956980899550649
volatility,OLS,repr_svi,rolling_9m_3m,5,20,0.520007743887285
volatility,OLS,repr_svi,rolling_9m_3m,5,21,0.56078326539122
volatility,OLS,repr_svi,rolling_9m_3m,5,22,0.6658879767649645
volatility,OLS,repr_svi,rolling_9m_3m,5,23,0.5807540754979487
volatility,OLS,repr_svi,rolling_9m_3m,5,24,0.6144145674921767
volatility,OLS,repr_svi,rolling_9m_3m,5,25,0.5595902380146742
volatility,OLS,repr_svi,rolling_9m_3m,5,26,0.5397147721660054
volatility,OLS,repr_svi,rolling_9m_3m,5,27,0.5409625689561355
volatility,OLS,repr_svi,rolling_9m_3m,5,28,0.5173298146147421
volatility,OLS,repr_svi,rolling_9m_3m,5,29,0.5368747074331901
volatility,OLS,repr_svi,rolling_9m_3m,5,30,0.4594207960133001
volatility,OLS,repr_svi,rolling_9m_3m,5,31,0.5113024581512429
volatility,XGBoost,repr_svi,expanding,5,0,0.4956234294005318
volatility,XGBoost,repr_svi,expanding,5,1,0.5421847749387816
volatility,XGBoost,repr_svi,expanding,5,2,0.5293939092917964
volatility,XGBoost,repr_svi,expanding,5,3,0.62026856304419
volatility,XGBoost,repr_svi,expanding,5,4,0.5735396918956345
volatility,XGBoost,repr_svi,expanding,5,5,0.5638117274139015
volatility,XGBoost,repr_svi,expanding,5,6,0.49788896827321355
volatility,XGBoost,repr_svi,expanding,5,7,0.500808624253578
volatility,XGBoost,repr_svi,expanding,5,8,0.45949260577634704
volatility,XGBoost,repr_svi,expanding,5,9,0.6036469833682426
volatility,XGBoost,repr_svi,expanding,5,10,0.6257727036525821
volatility,XGBoost,repr_svi,expanding,5,11,0.550723249916001
volatility,XGBoost,repr_svi,expanding,5,12,0.5952937951621422
volatility,XGBoost,repr_svi,expanding,5,13,0.5586414374418137
volatility,XGBoost,repr_svi,expanding,5,14,0.5747403771458648
volatility,XGBoost,repr_svi,expanding,5,15,0.5618604762441853
volatility,XGBoost,repr_svi,expanding,5,16,0.5958508297963746
volatility,XGBoost,repr_svi,expanding,5,17,0.6626174507062438
volatility,XGBoost,repr_svi,expanding,5,18,0.6278025816538229
volatility,XGBoost,repr_svi,expanding,5,19,0.6146030378888969
volatility,XGBoost,repr_svi,expanding,5,20,0.5862404403762181
volatility,XGBoost,repr_svi,expanding,5,21,0.5740695529701211
volatility,XGBoost,repr_svi,expanding,5,22,0.5615463159024722
volatility,XGBoost,repr_svi,expanding,5,23,0.5455498561047354
volatility,XGBoost,repr_svi,expanding,5,24,0.5266975152668345
volatility,XGBoost,repr_svi,expanding,5,25,0.5112727373804526
volatility,XGBoost,repr_svi,expanding,5,26,0.5398980206607105
volatility,XGBoost,repr_svi,rolling_9m_3m,5,0,0.4969522184732931
volatility,XGBoost,repr_svi,rolling_9m_3m,5,1,0.5318504623252341
volatility,XGBoost,repr_svi,rolling_9m_3m,5,2,0.505651379042821
volatility,XGBoost,repr_svi,rolling_9m_3m,5,3,0.5276002375591785
volatility,XGBoost,repr_svi,rolling_9m_3m,5,4,0.4859372904342238
volatility,XGBoost,repr_svi,rolling_9m_3m,5,5,0.4648354274301814
volatility,XGBoost,repr_svi,rolling_9m_3m,5,6,0.5132318668308093
volatility,XGBoost,repr_svi,rolling_9m_3m,5,7,0.5084004574708656
volatility,XGBoost,repr_svi,rolling_9m_3m,5,8,0.6309807931651847
volatility,XGBoost,repr_svi,rolling_9m_3m,5,9,0.53142871201797
volatility,XGBoost,repr_svi,rolling_9m_3m,5,10,0.5326515950872678
volatility,XGBoost,repr_svi,rolling_9m_3m,5,11,0.47852073966051195
volatility,XGBoost,repr_svi,rolling_9m_3m,5,12,0.49518185697741823
volatility,XGBoost,repr_svi,rolling_9m_3m,5,13,0.4072435135860119
volatility,XGBoost,repr_svi,rolling_9m_3m,5,14,0.5728954241987672
volatility,XGBoost,repr_svi,rolling_9m_3m,5,15,0.6164928879818822
volatility,XGBoost,repr_svi,rolling_9m_3m,5,16,0.5707063050183416
volatility,XGBoost,repr_svi,rolling_9m_3m,5,17,0.5842705585315324
volatility,XGBoost,repr_svi,rolling_9m_3m,5,18,0.5231578500954454
volatility,XGBoost,repr_svi,rolling_9m_3m,5,19,0.5518410775755326
volatility,XGBoost,repr_svi,rolling_9m_3m,5,20,0.5438852265158609
volatility,XGBoost,repr_svi,rolling_9m_3m,5,21,0.5689141761475577
volatility,XGBoost,repr_svi,rolling_9m_3m,5,22,0.6414895657171422
volatility,XGBoost,repr_svi,rolling_9m_3m,5,23,0.6042573663012838
volatility,XGBoost,repr_svi,rolling_9m_3m,5,24,0.5982421961781524
volatility,XGBoost,repr_svi,rolling_9m_3m,5,25,0.5603616483249817
volatility,XGBoost,repr_svi,rolling_9m_3m,5,26,0.5540692177527525
volatility,XGBoost,repr_svi,rolling_9m_3m,5,27,0.5255336268644669
volatility,XGBoost,repr_svi,rolling_9m_3m,5,28,0.5222840191681787
volatility,XGBoost,repr_svi,rolling_9m_3m,5,29,0.49827760238591523
volatility,XGBoost,repr_svi,rolling_9m_3m,5,30,0.5098369584588786
volatility,XGBoost,repr_svi,rolling_9m_3m,5,31,0.5164166006541525
volatility,ElasticNet,repr_grid,expanding,5,0,0.5138057790050865
volatility,ElasticNet,repr_grid,expanding,5,1,0.5410507097160902
volatility,ElasticNet,repr_grid,expanding,5,2,0.548203900993524
volatility,ElasticNet,repr_grid,expanding,5,3,0.643570655051432
volatility,ElasticNet,repr_grid,expanding,5,4,0.6010151213705835
volatility,ElasticNet,repr_grid,expanding,5,5,0.5773526107887437
volatility,ElasticNet,repr_grid,expanding,5,6,0.5311856515905504
volatility,ElasticNet,repr_grid,expanding,5,7,0.5217116422362149
volatility,ElasticNet,repr_grid,expanding,5,8,0.5484956661080067
volatility,ElasticNet,repr_grid,expanding,5,9,0.6722134340813565
volatility,ElasticNet,repr_grid,expanding,5,10,0.6599418321332693
volatility,ElasticNet,repr_grid,expanding,5,11,0.5920436022286938
volatility,ElasticNet,repr_grid,expanding,5,12,0.6151679817394367
volatility,ElasticNet,repr_grid,expanding,5,13,0.587034865419093
volatility,ElasticNet,repr_grid,expanding,5,14,0.597925507319829
volatility,ElasticNet,repr_grid,expanding,5,15,0.5726703276797098
volatility,ElasticNet,repr_grid,expanding,5,16,0.5993090104683381
volatility,ElasticNet,repr_grid,expanding,5,17,0.6731731416761497
volatility,ElasticNet,repr_grid,expanding,5,18,0.6333799522044095
volatility,ElasticNet,repr_grid,expanding,5,19,0.6212310437109724
volatility,ElasticNet,repr_grid,expanding,5,20,0.5981824325083114
volatility,ElasticNet,repr_grid,expanding,5,21,0.5818225568652923
volatility,ElasticNet,repr_grid,expanding,5,22,0.5621943555278498
volatility,ElasticNet,repr_grid,expanding,5,23,0.5504263776526842
volatility,ElasticNet,repr_grid,expanding,5,24,0.546628053951081
volatility,ElasticNet,repr_grid,expanding,5,25,0.5102555238671391
volatility,ElasticNet,repr_grid,expanding,5,26,0.5595709486827551
volatility,ElasticNet,repr_grid,rolling_9m_3m,5,0,0.49693501291197084
volatility,ElasticNet,repr_grid,rolling_9m_3m,5,1,0.5600768183545882
volatility,ElasticNet,repr_grid,rolling_9m_3m,5,2,0.5634044316608108
volatility,ElasticNet,repr_grid,rolling_9m_3m,5,3,0.5392320345859551
volatility,ElasticNet,repr_grid,rolling_9m_3m,5,4,0.527073973642909
volatility,ElasticNet,repr_grid,rolling_9m_3m,5,5,0.5295046379462562
volatility,ElasticNet,repr_grid,rolling_9m_3m,5,6,0.5403547471708816
volatility,ElasticNet,repr_grid,rolling_9m_3m,5,7,0.53586133687107
volatility,ElasticNet,repr_grid,rolling_9m_3m,5,8,0.6654815261130141
volatility,ElasticNet,repr_grid,rolling_9m_3m,5,9,0.5875422232417878
volatility,ElasticNet,repr_grid,rolling_9m_3m,5,10,0.5751820914682498
volatility,ElasticNet,repr_grid,rolling_9m_3m,5,11,0.5272313914953536
volatility,ElasticNet,repr_grid,rolling_9m_3m,5,12,0.5034557742921287
volatility,ElasticNet,repr_grid,rolling_9m_3m,5,13,0.5433791096470193
volatility,ElasticNet,repr_grid,rolling_9m_3m,5,14,0.6668347878153514
volatility,ElasticNet,repr_grid,rolling_9m_3m,5,15,0.6398875086897745
volatility,ElasticNet,repr_grid,rolling_9m_3m,5,16,0.5933904261921116
volatility,ElasticNet,repr_grid,rolling_9m_3m,5,17,0.5810361219349058
volatility,ElasticNet,repr_grid,rolling_9m_3m,5,18,0.5787578273283329
volatility,ElasticNet,repr_grid,rolling_9m_3m,5,19,0.5949153518903434
volatility,ElasticNet,repr_grid,rolling_9m_3m,5,20,0.572406371471246
volatility,ElasticNet,repr_grid,rolling_9m_3m,5,21,0.5922320551873689
volatility,ElasticNet,repr_grid,rolling_9m_3m,5,22,0.6743635108604371
volatility,ElasticNet,repr_grid,rolling_9m_3m,5,23,0.6326465498582668
volatility,ElasticNet,repr_grid,rolling_9m_3m,5,24,0.617477553224577
volatility,ElasticNet,repr_grid,rolling_9m_3m,5,25,0.5954292510938362
volatility,ElasticNet,repr_grid,rolling_9m_3m,5,26,0.5815537598553729
volatility,ElasticNet,repr_grid,rolling_9m_3m,5,27,0.5616229282119606
volatility,ElasticNet,repr_grid,rolling_9m_3m,5,28,0.55048971960948
volatility,ElasticNet,repr_grid,rolling_9m_3m,5,29,0.5443049575177822
volatility,ElasticNet,repr_grid,rolling_9m_3m,5,30,0.5134130656579385
volatility,ElasticNet,repr_grid,rolling_9m_3m,5,31,0.5428905703223145
volatility,OLS,repr_grid,expanding,5,0,0.5023724578333632
volatility,OLS,repr_grid,expanding,5,1,0.5364656768312018
volatility,OLS,repr_grid,expanding,5,2,0.5361997124392908
volatility,OLS,repr_grid,expanding,5,3,0.6343324672571226
volatility,OLS,repr_grid,expanding,5,4,0.599567790888729
volatility,OLS,repr_grid,expanding,5,5,0.5746787942947073
volatility,OLS,repr_grid,expanding,5,6,0.5352535246744762
volatility,OLS,repr_grid,expanding,5,7,0.5170657125255778
volatility,OLS,repr_grid,expanding,5,8,0.5385247179046609
volatility,OLS,repr_grid,expanding,5,9,0.6605694194676146
volatility,OLS,repr_grid,expanding,5,10,0.6575429667577778
volatility,OLS,repr_grid,expanding,5,11,0.5927730670641427
volatility,OLS,repr_grid,expanding,5,12,0.6150599111957066
volatility,OLS,repr_grid,expanding,5,13,0.5881522709671397
volatility,OLS,repr_grid,expanding,5,14,0.5956844185273236
volatility,OLS,repr_grid,expanding,5,15,0.5725020226389078
volatility,OLS,repr_grid,expanding,5,16,0.6010543635256351
volatility,OLS,repr_grid,expanding,5,17,0.6721772358692685
volatility,OLS,repr_grid,expanding,5,18,0.6330999006798675
volatility,OLS,repr_grid,expanding,5,19,0.6185705350459728
volatility,OLS,repr_grid,expanding,5,20,0.5963981158819512
volatility,OLS,repr_grid,expanding,5,21,0.5791737805173647
volatility,OLS,repr_grid,expanding,5,22,0.5617056543002326
volatility,OLS,repr_grid,expanding,5,23,0.5503822105708176
volatility,OLS,repr_grid,expanding,5,24,0.543730987734846
volatility,OLS,repr_grid,expanding,5,25,0.510989648148369
volatility,OLS,repr_grid,expanding,5,26,0.5588423208734946
volatility,OLS,repr_grid,rolling_9m_3m,5,0,0.48597698446431326
volatility,OLS,repr_grid,rolling_9m_3m,5,1,0.5596406383610242
volatility,OLS,repr_grid,rolling_9m_3m,5,2,0.51042421655358
volatility,OLS,repr_grid,rolling_9m_3m,5,3,0.4863642267163462
volatility,OLS,repr_grid,rolling_9m_3m,5,4,0.495997273587289
volatility,OLS,repr_grid,rolling_9m_3m,5,5,0.4877148582021519
volatility,OLS,repr_grid,rolling_9m_3m,5,6,0.4966445550980383
volatility,OLS,repr_grid,rolling_9m_3m,5,7,0.5041480859920087
volatility,OLS,repr_grid,rolling_9m_3m,5,8,0.5728449512113816
volatility,OLS,repr_grid,rolling_9m_3m,5,9,0.551870604268109
volatility,OLS,repr_grid,rolling_9m_3m,5,10,0.5429663475936916
volatility,OLS,repr_grid,rolling_9m_3m,5,11,0.5019022450557894
volatility,OLS,repr_grid,rolling_9m_3m,5,12,0.4850729201749945
volatility,OLS,repr_grid,rolling_9m_3m,5,13,0.4250065311140103
volatility,OLS,repr_grid,rolling_9m_3m,5,14,0.6557446407226468
volatility,OLS,repr_grid,rolling_9m_3m,5,15,0.6367283283568005
volatility,OLS,repr_grid,rolling_9m_3m,5,16,0.5931822821923585
volatility,OLS,repr_grid,rolling_9m_3m,5,17,0.5731457515794164
volatility,OLS,repr_grid,rolling_9m_3m,5,18,0.5529020918609736
volatility,OLS,repr_grid,rolling_9m_3m,5,19,0.6006089156262954
volatility,OLS,repr_grid,rolling_9m_3m,5,20,0.5417763676676592
volatility,OLS,repr_grid,rolling_9m_3m,5,21,0.5801037654390351
volatility,OLS,repr_grid,rolling_9m_3m,5,22,0.6664957782586746
volatility,OLS,repr_grid,rolling_9m_3m,5,23,0.5914063358278807
volatility,OLS,repr_grid,rolling_9m_3m,5,24,0.605545765836762
volatility,OLS,repr_grid,rolling_9m_3m,5,25,0.566479075147444
volatility,OLS,repr_grid,rolling_9m_3m,5,26,0.5433106575963719
volatility,OLS,repr_grid,rolling_9m_3m,5,27,0.5489360455492912
volatility,OLS,repr_grid,rolling_9m_3m,5,28,0.505283992871606
volatility,OLS,repr_grid,rolling_9m_3m,5,29,0.5310172504819701
volatility,OLS,repr_grid,rolling_9m_3m,5,30,0.4739162585989619
volatility,OLS,repr_grid,rolling_9m_3m,5,31,0.5038304861158313
volatility,XGBoost,repr_grid,expanding,5,0,0.5242535018401482
volatility,XGBoost,repr_grid,expanding,5,1,0.5351601287216918
volatility,XGBoost,repr_grid,expanding,5,2,0.5413108859224409
volatility,XGBoost,repr_grid,expanding,5,3,0.6210662139845852
volatility,XGBoost,repr_grid,expanding,5,4,0.5859291552687813
volatility,XGBoost,repr_grid,expanding,5,5,0.5718239522390227
volatility,XGBoost,repr_grid,expanding,5,6,0.5327987724601339
volatility,XGBoost,repr_grid,expanding,5,7,0.514842898769621
volatility,XGBoost,repr_grid,expanding,5,8,0.5071832028583599
volatility,XGBoost,repr_grid,expanding,5,9,0.6421784355492107
volatility,XGBoost,repr_grid,expanding,5,10,0.6358743490321103
volatility,XGBoost,repr_grid,expanding,5,11,0.5719588309193898
volatility,XGBoost,repr_grid,expanding,5,12,0.6128925266417888
volatility,XGBoost,repr_grid,expanding,5,13,0.5775266512691943
volatility,XGBoost,repr_grid,expanding,5,14,0.5774819866732874
volatility,XGBoost,repr_grid,expanding,5,15,0.5755125198540869
volatility,XGBoost,repr_grid,expanding,5,16,0.5990392160022109
volatility,XGBoost,repr_grid,expanding,5,17,0.6681219635170849
volatility,XGBoost,repr_grid,expanding,5,18,0.6325311030212529
volatility,XGBoost,repr_grid,expanding,5,19,0.6144989885584798
volatility,XGBoost,repr_grid,expanding,5,20,0.6004760098180382
volatility,XGBoost,repr_grid,expanding,5,21,0.585779218020839
volatility,XGBoost,repr_grid,expanding,5,22,0.567135481547095
volatility,XGBoost,repr_grid,expanding,5,23,0.5516632458241498
volatility,XGBoost,repr_grid,expanding,5,24,0.5415213118376637
volatility,XGBoost,repr_grid,expanding,5,25,0.5144266869338607
volatility,XGBoost,repr_grid,expanding,5,26,0.5596322155121258
volatility,XGBoost,repr_grid,rolling_9m_3m,5,0,0.49952413992571715
volatility,XGBoost,repr_grid,rolling_9m_3m,5,1,0.5330378423630422
volatility,XGBoost,repr_grid,rolling_9m_3m,5,2,0.5105572428684594
volatility,XGBoost,repr_grid,rolling_9m_3m,5,3,0.5383114324978016
volatility,XGBoost,repr_grid,rolling_9m_3m,5,4,0.5046534821524508
volatility,XGBoost,repr_grid,rolling_9m_3m,5,5,0.4824144776894125
volatility,XGBoost,repr_grid,rolling_9m_3m,5,6,0.5233414806418766
volatility,XGBoost,repr_grid,rolling_9m_3m,5,7,0.5199242538178538
volatility,XGBoost,repr_grid,rolling_9m_3m,5,8,0.6239578283984302
volatility,XGBoost,repr_grid,rolling_9m_3m,5,9,0.5538822308916012
volatility,XGBoost,repr_grid,rolling_9m_3m,5,10,0.5533452950854175
volatility,XGBoost,repr_grid,rolling_9m_3m,5,11,0.5186329946376615
volatility,XGBoost,repr_grid,rolling_9m_3m,5,12,0.5018497049303198
volatility,XGBoost,repr_grid,rolling_9m_3m,5,13,0.4359277883389987
volatility,XGBoost,repr_grid,rolling_9m_3m,5,14,0.5670956515041304
volatility,XGBoost,repr_grid,rolling_9m_3m,5,15,0.6410302300562929
volatility,XGBoost,repr_grid,rolling_9m_3m,5,16,0.5727889098773205
volatility,XGBoost,repr_grid,rolling_9m_3m,5,17,0.5885475356588851
volatility,XGBoost,repr_grid,rolling_9m_3m,5,18,0.5352250927337827
volatility,XGBoost,repr_grid,rolling_9m_3m,5,19,0.5767891403569042
volatility,XGBoost,repr_grid,rolling_9m_3m,5,20,0.5644204510887583
volatility,XGBoost,repr_grid,rolling_9m_3m,5,21,0.5599230954288673
volatility,XGBoost,repr_grid,rolling_9m_3m,5,22,0.6613433372047138
volatility,XGBoost,repr_grid,rolling_9m_3m,5,23,0.6227982462069288
volatility,XGBoost,repr_grid,rolling_9m_3m,5,24,0.6031403269521945
volatility,XGBoost,repr_grid,rolling_9m_3m,5,25,0.594633573999288
volatility,XGBoost,repr_grid,rolling_9m_3m,5,26,0.5558709977214863
volatility,XGBoost,repr_grid,rolling_9m_3m,5,27,0.5533652324013675
volatility,XGBoost,repr_grid,rolling_9m_3m,5,28,0.535100619964372
volatility,XGBoost,repr_grid,rolling_9m_3m,5,29,0.5297054874530124
volatility,XGBoost,repr_grid,rolling_9m_3m,5,30,0.5229789845742352
volatility,XGBoost,repr_grid,rolling_9m_3m,5,31,0.5328506989603039
volatility,ElasticNet,repr_grid_raw,expanding,5,0,0.5074853977452378
volatility,ElasticNet,repr_grid_raw,expanding,5,1,0.5397605064525873
volatility,ElasticNet,repr_grid_raw,expanding,5,2,0.5430291754047467
volatility,ElasticNet,repr_grid_raw,expanding,5,3,0.6489360871187736
volatility,ElasticNet,repr_grid_raw,expanding,5,4,0.6050261957808439
volatility,ElasticNet,repr_grid_raw,expanding,5,5,0.5708551060009736
volatility,ElasticNet,repr_grid_raw,expanding,5,6,0.5320794551040681
volatility,ElasticNet,repr_grid_raw,expanding,5,7,0.5204852300208311
volatility,ElasticNet,repr_grid_raw,expanding,5,8,0.5824619388152843
volatility,ElasticNet,repr_grid_raw,expanding,5,9,0.6788648138597382
volatility,ElasticNet,repr_grid_raw,expanding,5,10,0.6590928313976437
volatility,ElasticNet,repr_grid_raw,expanding,5,11,0.5937244135916591
volatility,ElasticNet,repr_grid_raw,expanding,5,12,0.6108156827179692
volatility,ElasticNet,repr_grid_raw,expanding,5,13,0.5847517997632471
volatility,ElasticNet,repr_grid_raw,expanding,5,14,0.593295971274377
volatility,ElasticNet,repr_grid_raw,expanding,5,15,0.5682849730990246
volatility,ElasticNet,repr_grid_raw,expanding,5,16,0.6003547595994524
volatility,ElasticNet,repr_grid_raw,expanding,5,17,0.6751762604357271
volatility,ElasticNet,repr_grid_raw,expanding,5,18,0.6331725475777891
volatility,ElasticNet,repr_grid_raw,expanding,5,19,0.6244436827506132
volatility,ElasticNet,repr_grid_raw,expanding,5,20,0.5982769606658376
volatility,ElasticNet,repr_grid_raw,expanding,5,21,0.5817046791647232
volatility,ElasticNet,repr_grid_raw,expanding,5,22,0.5607898639476707
volatility,ElasticNet,repr_grid_raw,expanding,5,23,0.5520006530199312
volatility,ElasticNet,repr_grid_raw,expanding,5,24,0.5429398968462876
volatility,ElasticNet,repr_grid_raw,expanding,5,25,0.5225360582162873
volatility,ElasticNet,repr_grid_raw,expanding,5,26,0.563140133611827
volatility,ElasticNet,repr_grid_raw,rolling_9m_3m,5,0,0.5077843188765752
volatility,ElasticNet,repr_grid_raw,rolling_9m_3m,5,1,0.5647829586875315
volatility,ElasticNet,repr_grid_raw,rolling_9m_3m,5,2,0.563442865949827
volatility,ElasticNet,repr_grid_raw,rolling_9m_3m,5,3,0.5307168150845527
volatility,ElasticNet,repr_grid_raw,rolling_9m_3m,5,4,0.5320832162615172
volatility,ElasticNet,repr_grid_raw,rolling_9m_3m,5,5,0.5250878828354077
volatility,ElasticNet,repr_grid_raw,rolling_9m_3m,5,6,0.5367428272990691
volatility,ElasticNet,repr_grid_raw,rolling_9m_3m,5,7,0.5361503002469553
volatility,ElasticNet,repr_grid_raw,rolling_9m_3m,5,8,0.6624523519407572
volatility,ElasticNet,repr_grid_raw,rolling_9m_3m,5,9,0.5967909781394399
volatility,ElasticNet,repr_grid_raw,rolling_9m_3m,5,10,0.5714729141358514
volatility,ElasticNet,repr_grid_raw,rolling_9m_3m,5,11,0.522408058839948
volatility,ElasticNet,repr_grid_raw,rolling_9m_3m,5,12,0.5060403378730611
volatility,ElasticNet,repr_grid_raw,rolling_9m_3m,5,13,0.5692352786663781
volatility,ElasticNet,repr_grid_raw,rolling_9m_3m,5,14,0.6737200491976093
volatility,ElasticNet,repr_grid_raw,rolling_9m_3m,5,15,0.6390015865387523
volatility,ElasticNet,repr_grid_raw,rolling_9m_3m,5,16,0.5973658995112393
volatility,ElasticNet,repr_grid_raw,rolling_9m_3m,5,17,0.5786098655115147
volatility,ElasticNet,repr_grid_raw,rolling_9m_3m,5,18,0.5770650743917488
volatility,ElasticNet,repr_grid_raw,rolling_9m_3m,5,19,0.5921166641521005
volatility,ElasticNet,repr_grid_raw,rolling_9m_3m,5,20,0.5658653256949112
volatility,ElasticNet,repr_grid_raw,rolling_9m_3m,5,21,0.6005446076017742
volatility,ElasticNet,repr_grid_raw,rolling_9m_3m,5,22,0.6767063595265015
volatility,ElasticNet,repr_grid_raw,rolling_9m_3m,5,23,0.6349859508641912
volatility,ElasticNet,repr_grid_raw,rolling_9m_3m,5,24,0.618044673343206
volatility,ElasticNet,repr_grid_raw,rolling_9m_3m,5,25,0.593087677307432
volatility,ElasticNet,repr_grid_raw,rolling_9m_3m,5,26,0.5830224792450638
volatility,ElasticNet,repr_grid_raw,rolling_9m_3m,5,27,0.5622489784618514
volatility,ElasticNet,repr_grid_raw,rolling_9m_3m,5,28,0.5532809543270383
volatility,ElasticNet,repr_grid_raw,rolling_9m_3m,5,29,0.5381377660008195
volatility,ElasticNet,repr_grid_raw,rolling_9m_3m,5,30,0.5207087254190693
volatility,ElasticNet,repr_grid_raw,rolling_9m_3m,5,31,0.5477055866152513
volatility,OLS,repr_grid_raw,expanding,5,0,0.502008324808824
volatility,OLS,repr_grid_raw,expanding,5,1,0.53436959806998
volatility,OLS,repr_grid_raw,expanding,5,2,0.5398227475750058
volatility,OLS,repr_grid_raw,expanding,5,3,0.6398599244494665
volatility,OLS,repr_grid_raw,expanding,5,4,0.6016165634732801
volatility,OLS,repr_grid_raw,expanding,5,5,0.5714196357413011
volatility,OLS,repr_grid_raw,expanding,5,6,0.5356549256559363
volatility,OLS,repr_grid_raw,expanding,5,7,0.517991045117599
volatility,OLS,repr_grid_raw,expanding,5,8,0.5828318832468498
volatility,OLS,repr_grid_raw,expanding,5,9,0.6765283953937208
volatility,OLS,repr_grid_raw,expanding,5,10,0.6601792232230836
volatility,OLS,repr_grid_raw,expanding,5,11,0.5947964871963941
volatility,OLS,repr_grid_raw,expanding,5,12,0.6113098594919013
volatility,OLS,repr_grid_raw,expanding,5,13,0.585946515142606
volatility,OLS,repr_grid_raw,expanding,5,14,0.592087954153844
volatility,OLS,repr_grid_raw,expanding,5,15,0.5673976974386091
volatility,OLS,repr_grid_raw,expanding,5,16,0.5985405192868621
volatility,OLS,repr_grid_raw,expanding,5,17,0.6742171672942493
volatility,OLS,repr_grid_raw,expanding,5,18,0.6328247631965725
volatility,OLS,repr_grid_raw,expanding,5,19,0.6210116172957233
volatility,OLS,repr_grid_raw,expanding,5,20,0.597151265070918
volatility,OLS,repr_grid_raw,expanding,5,21,0.579778402896836
volatility,OLS,repr_grid_raw,expanding,5,22,0.5594088091007625
volatility,OLS,repr_grid_raw,expanding,5,23,0.5519478087665798
volatility,OLS,repr_grid_raw,expanding,5,24,0.5447996469702546
volatility,OLS,repr_grid_raw,expanding,5,25,0.5222444940940477
volatility,OLS,repr_grid_raw,expanding,5,26,0.5634682234643564
volatility,OLS,repr_grid_raw,rolling_9m_3m,5,0,0.48403905646326484
volatility,OLS,repr_grid_raw,rolling_9m_3m,5,1,0.565238170071007
volatility,OLS,repr_grid_raw,rolling_9m_3m,5,2,0.5151669530044714
volatility,OLS,repr_grid_raw,rolling_9m_3m,5,3,0.48400610808834643
volatility,OLS,repr_grid_raw,rolling_9m_3m,5,4,0.49890943801567816
volatility,OLS,repr_grid_raw,rolling_9m_3m,5,5,0.4893528616996404
volatility,OLS,repr_grid_raw,rolling_9m_3m,5,6,0.49010645761962973
volatility,OLS,repr_grid_raw,rolling_9m_3m,5,7,0.5090846701975457
volatility,OLS,repr_grid_raw,rolling_9m_3m,5,8,0.5884214814524953
volatility,OLS,repr_grid_raw,rolling_9m_3m,5,9,0.5674972561376179
volatility,OLS,repr_grid_raw,rolling_9m_3m,5,10,0.5385718213408228
volatility,OLS,repr_grid_raw,rolling_9m_3m,5,11,0.5092018071344675
volatility,OLS,repr_grid_raw,rolling_9m_3m,5,12,0.490354931661881
volatility,OLS,repr_grid_raw,rolling_9m_3m,5,13,0.41540409614384816
volatility,OLS,repr_grid_raw,rolling_9m_3m,5,14,0.6649225818308665
volatility,OLS,repr_grid_raw,rolling_9m_3m,5,15,0.6368833652642972
volatility,OLS,repr_grid_raw,rolling_9m_3m,5,16,0.5953892517048655
volatility,OLS,repr_grid_raw,rolling_9m_3m,5,17,0.5756472601447401
volatility,OLS,repr_grid_raw,rolling_9m_3m,5,18,0.5594534051585506
volatility,OLS,repr_grid_raw,rolling_9m_3m,5,19,0.5980779437391451
volatility,OLS,repr_grid_raw,rolling_9m_3m,5,20,0.5432034205912208
volatility,OLS,repr_grid_raw,rolling_9m_3m,5,21,0.5828097664773662
volatility,OLS,repr_grid_raw,rolling_9m_3m,5,22,0.6706986430581655
volatility,OLS,repr_grid_raw,rolling_9m_3m,5,23,0.5931785957895211
volatility,OLS,repr_grid_raw,rolling_9m_3m,5,24,0.6118019088242719
volatility,OLS,repr_grid_raw,rolling_9m_3m,5,25,0.5711550940472162
volatility,OLS,repr_grid_raw,rolling_9m_3m,5,26,0.5435324799990848
volatility,OLS,repr_grid_raw,rolling_9m_3m,5,27,0.5525776779484544
volatility,OLS,repr_grid_raw,rolling_9m_3m,5,28,0.5200915441591649
volatility,OLS,repr_grid_raw,rolling_9m_3m,5,29,0.534727376036596
volatility,OLS,repr_grid_raw,rolling_9m_3m,5,30,0.48515296897722865
volatility,OLS,repr_grid_raw,rolling_9m_3m,5,31,0.5168629214069378
volatility,XGBoost,repr_grid_raw,expanding,5,0,0.5236681611339519
volatility,XGBoost,repr_grid_raw,expanding,5,1,0.5374791779431375
volatility,XGBoost,repr_grid_raw,expanding,5,2,0.539797705821372
volatility,XGBoost,repr_grid_raw,expanding,5,3,0.6361608899850325
volatility,XGBoost,repr_grid_raw,expanding,5,4,0.5949586610908238
volatility,XGBoost,repr_grid_raw,expanding,5,5,0.5718535474751605
volatility,XGBoost,repr_grid_raw,expanding,5,6,0.522899220100215
volatility,XGBoost,repr_grid_raw,expanding,5,7,0.5212585403030833
volatility,XGBoost,repr_grid_raw,expanding,5,8,0.5081507836057191
volatility,XGBoost,repr_grid_raw,expanding,5,9,0.6605980250789659
volatility,XGBoost,repr_grid_raw,expanding,5,10,0.6541253342823363
volatility,XGBoost,repr_grid_raw,expanding,5,11,0.5794435056768219
volatility,XGBoost,repr_grid_raw,expanding,5,12,0.6079858401674778
volatility,XGBoost,repr_grid_raw,expanding,5,13,0.5784643954608867
volatility,XGBoost,repr_grid_raw,expanding,5,14,0.5806943327537624
volatility,XGBoost,repr_grid_raw,expanding,5,15,0.5669647037914288
volatility,XGBoost,repr_grid_raw,expanding,5,16,0.6011499449411147
volatility,XGBoost,repr_grid_raw,expanding,5,17,0.6774804052010803
volatility,XGBoost,repr_grid_raw,expanding,5,18,0.6343214287981233
volatility,XGBoost,repr_grid_raw,expanding,5,19,0.6174435211348067
volatility,XGBoost,repr_grid_raw,expanding,5,20,0.5974735201533934
volatility,XGBoost,repr_grid_raw,expanding,5,21,0.5809703002880275
volatility,XGBoost,repr_grid_raw,expanding,5,22,0.5647355286716694
volatility,XGBoost,repr_grid_raw,expanding,5,23,0.5481549675865096
volatility,XGBoost,repr_grid_raw,expanding,5,24,0.5409202258938376
volatility,XGBoost,repr_grid_raw,expanding,5,25,0.5181318879844122
volatility,XGBoost,repr_grid_raw,expanding,5,26,0.5559647088579736
volatility,XGBoost,repr_grid_raw,rolling_9m_3m,5,0,0.5081905195660258
volatility,XGBoost,repr_grid_raw,rolling_9m_3m,5,1,0.5351397730505879
volatility,XGBoost,repr_grid_raw,rolling_9m_3m,5,2,0.5056603444906332
volatility,XGBoost,repr_grid_raw,rolling_9m_3m,5,3,0.5255240686924254
volatility,XGBoost,repr_grid_raw,rolling_9m_3m,5,4,0.5056804954884462
volatility,XGBoost,repr_grid_raw,rolling_9m_3m,5,5,0.49109835362719173
volatility,XGBoost,repr_grid_raw,rolling_9m_3m,5,6,0.5343128527673028
volatility,XGBoost,repr_grid_raw,rolling_9m_3m,5,7,0.510986675609295
volatility,XGBoost,repr_grid_raw,rolling_9m_3m,5,8,0.637966925961386
volatility,XGBoost,repr_grid_raw,rolling_9m_3m,5,9,0.5718251327358842
volatility,XGBoost,repr_grid_raw,rolling_9m_3m,5,10,0.5407253324464363
volatility,XGBoost,repr_grid_raw,rolling_9m_3m,5,11,0.5185233876435873
volatility,XGBoost,repr_grid_raw,rolling_9m_3m,5,12,0.5096982029085081
volatility,XGBoost,repr_grid_raw,rolling_9m_3m,5,13,0.4215852363457909
volatility,XGBoost,repr_grid_raw,rolling_9m_3m,5,14,0.6019764400594991
volatility,XGBoost,repr_grid_raw,rolling_9m_3m,5,15,0.6415373044278008
volatility,XGBoost,repr_grid_raw,rolling_9m_3m,5,16,0.5807127192178027
volatility,XGBoost,repr_grid_raw,rolling_9m_3m,5,17,0.5854771701455918
volatility,XGBoost,repr_grid_raw,rolling_9m_3m,5,18,0.5490634130342694
volatility,XGBoost,repr_grid_raw,rolling_9m_3m,5,19,0.5726088308822103
volatility,XGBoost,repr_grid_raw,rolling_9m_3m,5,20,0.5590978224833464
volatility,XGBoost,repr_grid_raw,rolling_9m_3m,5,21,0.579256907680685
volatility,XGBoost,repr_grid_raw,rolling_9m_3m,5,22,0.6556589609465078
volatility,XGBoost,repr_grid_raw,rolling_9m_3m,5,23,0.6175889404845782
volatility,XGBoost,repr_grid_raw,rolling_9m_3m,5,24,0.6049122634147944
volatility,XGBoost,repr_grid_raw,rolling_9m_3m,5,25,0.5864103078659046
volatility,XGBoost,repr_grid_raw,rolling_9m_3m,5,26,0.5517305463984514
volatility,XGBoost,repr_grid_raw,rolling_9m_3m,5,27,0.5524074337969831
volatility,XGBoost,repr_grid_raw,rolling_9m_3m,5,28,0.5398956465500676
volatility,XGBoost,repr_grid_raw,rolling_9m_3m,5,29,0.5223954761803621
volatility,XGBoost,repr_grid_raw,rolling_9m_3m,5,30,0.5228812268906662
volatility,XGBoost,repr_grid_raw,rolling_9m_3m,5,31,0.5367378733088448
volatility,ElasticNet,repr_bkm,expanding,5,0,0.4544034701736086
volatility,ElasticNet,repr_bkm,expanding,5,1,0.4725142806337905
volatility,ElasticNet,repr_bkm,expanding,5,2,0.49101727320578176
volatility,ElasticNet,repr_bkm,expanding,5,3,0.5952352656950213
volatility,ElasticNet,repr_bkm,expanding,5,4,0.5444032225251785
volatility,ElasticNet,repr_bkm,expanding,5,5,0.5145830478446601
volatility,ElasticNet,repr_bkm,expanding,5,6,0.45926488181358255
volatility,ElasticNet,repr_bkm,expanding,5,7,0.4876551344460597
volatility,ElasticNet,repr_bkm,expanding,5,8,0.5217349623082972
volatility,ElasticNet,repr_bkm,expanding,5,9,0.6323317807702352
volatility,ElasticNet,repr_bkm,expanding,5,10,0.6178452635849048
volatility,ElasticNet,repr_bkm,expanding,5,11,0.5445635253701592
volatility,ElasticNet,repr_bkm,expanding,5,12,0.5876106173702882
volatility,ElasticNet,repr_bkm,expanding,5,13,0.5667953524678916
volatility,ElasticNet,repr_bkm,expanding,5,14,0.5501765323107105
volatility,ElasticNet,repr_bkm,expanding,5,15,0.5520205637803841
volatility,ElasticNet,repr_bkm,expanding,5,16,0.5760824300600098
volatility,ElasticNet,repr_bkm,expanding,5,17,0.6446235816821105
volatility,ElasticNet,repr_bkm,expanding,5,18,0.6069679151819043
volatility,ElasticNet,repr_bkm,expanding,5,19,0.5845838051196568
volatility,ElasticNet,repr_bkm,expanding,5,20,0.5577692038395227
volatility,ElasticNet,repr_bkm,expanding,5,21,0.5518110631006841
volatility,ElasticNet,repr_bkm,expanding,5,22,0.520329399100992
volatility,ElasticNet,repr_bkm,expanding,5,23,0.515688625978963
volatility,ElasticNet,repr_bkm,expanding,5,24,0.5003457790059742
volatility,ElasticNet,repr_bkm,expanding,5,25,0.46510127423984243
volatility,ElasticNet,repr_bkm,expanding,5,26,0.5481256326721099
volatility,ElasticNet,repr_bkm,rolling_9m_3m,5,0,0.4580179244168444
volatility,ElasticNet,repr_bkm,rolling_9m_3m,5,1,0.5075167891713974
volatility,ElasticNet,repr_bkm,rolling_9m_3m,5,2,0.4981169255569184
volatility,ElasticNet,repr_bkm,rolling_9m_3m,5,3,0.45994781779729255
volatility,ElasticNet,repr_bkm,rolling_9m_3m,5,4,0.45806413456141215
volatility,ElasticNet,repr_bkm,rolling_9m_3m,5,5,0.46929188960494583
volatility,ElasticNet,repr_bkm,rolling_9m_3m,5,6,0.47760079080966034
volatility,ElasticNet,repr_bkm,rolling_9m_3m,5,7,0.5023274481134282
volatility,ElasticNet,repr_bkm,rolling_9m_3m,5,8,0.5910641157684834
volatility,ElasticNet,repr_bkm,rolling_9m_3m,5,9,0.5400889229426088
volatility,ElasticNet,repr_bkm,rolling_9m_3m,5,10,0.5255822681958832
volatility,ElasticNet,repr_bkm,rolling_9m_3m,5,11,0.4807493126921153
volatility,ElasticNet,repr_bkm,rolling_9m_3m,5,12,0.48922571192601905
volatility,ElasticNet,repr_bkm,rolling_9m_3m,5,13,0.47630492303468736
volatility,ElasticNet,repr_bkm,rolling_9m_3m,5,14,0.6111328265507548
volatility,ElasticNet,repr_bkm,rolling_9m_3m,5,15,0.5890260556043219
volatility,ElasticNet,repr_bkm,rolling_9m_3m,5,16,0.5705394508229329
volatility,ElasticNet,repr_bkm,rolling_9m_3m,5,17,0.5604653244812233
volatility,ElasticNet,repr_bkm,rolling_9m_3m,5,18,0.5250398999921111
volatility,ElasticNet,repr_bkm,rolling_9m_3m,5,19,0.5607599751375321
volatility,ElasticNet,repr_bkm,rolling_9m_3m,5,20,0.5216012464435978
volatility,ElasticNet,repr_bkm,rolling_9m_3m,5,21,0.5538307480035705
volatility,ElasticNet,repr_bkm,rolling_9m_3m,5,22,0.635461231137813
volatility,ElasticNet,repr_bkm,rolling_9m_3m,5,23,0.5907240722942311
volatility,ElasticNet,repr_bkm,rolling_9m_3m,5,24,0.5515128655459026
volatility,ElasticNet,repr_bkm,rolling_9m_3m,5,25,0.5235907809656618
volatility,ElasticNet,repr_bkm,rolling_9m_3m,5,26,0.5388807871729084
volatility,ElasticNet,repr_bkm,rolling_9m_3m,5,27,0.5146753778772165
volatility,ElasticNet,repr_bkm,rolling_9m_3m,5,28,0.48734012189472875
volatility,ElasticNet,repr_bkm,rolling_9m_3m,5,29,0.4699496647326479
volatility,ElasticNet,repr_bkm,rolling_9m_3m,5,30,0.47352894216839586
volatility,ElasticNet,repr_bkm,rolling_9m_3m,5,31,0.49693279457762257
volatility,OLS,repr_bkm,expanding,5,0,0.47447413623637347
volatility,OLS,repr_bkm,expanding,5,1,0.4773413412262874
volatility,OLS,repr_bkm,expanding,5,2,0.5201666845164313
volatility,OLS,repr_bkm,expanding,5,3,0.613296220747637
volatility,OLS,repr_bkm,expanding,5,4,0.5856224730303556
volatility,OLS,repr_bkm,expanding,5,5,0.5454689538279853
volatility,OLS,repr_bkm,expanding,5,6,0.5202459434683039
volatility,OLS,repr_bkm,expanding,5,7,0.512545159544452
volatility,OLS,repr_bkm,expanding,5,8,0.5374167299559832
volatility,OLS,repr_bkm,expanding,5,9,0.6219615808276971
volatility,OLS,repr_bkm,expanding,5,10,0.6207195439825526
volatility,OLS,repr_bkm,expanding,5,11,0.542464228813943
volatility,OLS,repr_bkm,expanding,5,12,0.5872367003339526
volatility,OLS,repr_bkm,expanding,5,13,0.5672862508892533
volatility,OLS,repr_bkm,expanding,5,14,0.5477818840887528
volatility,OLS,repr_bkm,expanding,5,15,0.5519403417954588
volatility,OLS,repr_bkm,expanding,5,16,0.5783501014092101
volatility,OLS,repr_bkm,expanding,5,17,0.6434991901359457
volatility,OLS,repr_bkm,expanding,5,18,0.6058980038948223
volatility,OLS,repr_bkm,expanding,5,19,0.5832176877025993
volatility,OLS,repr_bkm,expanding,5,20,0.5536362824067768
volatility,OLS,repr_bkm,expanding,5,21,0.5520325472053128
volatility,OLS,repr_bkm,expanding,5,22,0.5192561362215481
volatility,OLS,repr_bkm,expanding,5,23,0.5133710434556793
volatility,OLS,repr_bkm,expanding,5,24,0.49963715612261295
volatility,OLS,repr_bkm,expanding,5,25,0.45924606679650337
volatility,OLS,repr_bkm,expanding,5,26,0.5477885064243566
volatility,OLS,repr_bkm,rolling_9m_3m,5,0,0.46023689370571647
volatility,OLS,repr_bkm,rolling_9m_3m,5,1,0.5596084233786981
volatility,OLS,repr_bkm,rolling_9m_3m,5,2,0.4948592297169066
volatility,OLS,repr_bkm,rolling_9m_3m,5,3,0.4379381499375874
volatility,OLS,repr_bkm,rolling_9m_3m,5,4,0.45197961104113105
volatility,OLS,repr_bkm,rolling_9m_3m,5,5,0.4622007720945157
volatility,OLS,repr_bkm,rolling_9m_3m,5,6,0.4512209485410314
volatility,OLS,repr_bkm,rolling_9m_3m,5,7,0.5082816019851101
volatility,OLS,repr_bkm,rolling_9m_3m,5,8,0.5662688800812457
volatility,OLS,repr_bkm,rolling_9m_3m,5,9,0.5375072153964884
volatility,OLS,repr_bkm,rolling_9m_3m,5,10,0.5172096489807761
volatility,OLS,repr_bkm,rolling_9m_3m,5,11,0.5089619271599647
volatility,OLS,repr_bkm,rolling_9m_3m,5,12,0.485551652723674
volatility,OLS,repr_bkm,rolling_9m_3m,5,13,0.4367061660855911
volatility,OLS,repr_bkm,rolling_9m_3m,5,14,0.5787325272606272
volatility,OLS,repr_bkm,rolling_9m_3m,5,15,0.5913179461794571
volatility,OLS,repr_bkm,rolling_9m_3m,5,16,0.5725610015966973
volatility,OLS,repr_bkm,rolling_9m_3m,5,17,0.5780200480327478
volatility,OLS,repr_bkm,rolling_9m_3m,5,18,0.5497165899078775
volatility,OLS,repr_bkm,rolling_9m_3m,5,19,0.5925852523379362
volatility,OLS,repr_bkm,rolling_9m_3m,5,20,0.5225353955705551
volatility,OLS,repr_bkm,rolling_9m_3m,5,21,0.5625561077835832
volatility,OLS,repr_bkm,rolling_9m_3m,5,22,0.6422547801313242
volatility,OLS,repr_bkm,rolling_9m_3m,5,23,0.5566104143216856
volatility,OLS,repr_bkm,rolling_9m_3m,5,24,0.6006689234287746
volatility,OLS,repr_bkm,rolling_9m_3m,5,25,0.5443139799625695
volatility,OLS,repr_bkm,rolling_9m_3m,5,26,0.5395616661257386
volatility,OLS,repr_bkm,rolling_9m_3m,5,27,0.527608970521263
volatility,OLS,repr_bkm,rolling_9m_3m,5,28,0.5105784590333924
volatility,OLS,repr_bkm,rolling_9m_3m,5,29,0.5239033230567443
volatility,OLS,repr_bkm,rolling_9m_3m,5,30,0.44456713853320506
volatility,OLS,repr_bkm,rolling_9m_3m,5,31,0.5173588337419891
volatility,XGBoost,repr_bkm,expanding,5,0,0.39847599824502483
volatility,XGBoost,repr_bkm,expanding,5,1,0.46516944653526615
volatility,XGBoost,repr_bkm,expanding,5,2,0.48457491912660894
volatility,XGBoost,repr_bkm,expanding,5,3,0.5497925824797943
volatility,XGBoost,repr_bkm,expanding,5,4,0.5532147752178396
volatility,XGBoost,repr_bkm,expanding,5,5,0.5038445844330437
volatility,XGBoost,repr_bkm,expanding,5,6,0.43805355053790274
volatility,XGBoost,repr_bkm,expanding,5,7,0.47464793734903826
volatility,XGBoost,repr_bkm,expanding,5,8,0.4258381224714814
volatility,XGBoost,repr_bkm,expanding,5,9,0.6017652106226258
volatility,XGBoost,repr_bkm,expanding,5,10,0.5781622788659289
volatility,XGBoost,repr_bkm,expanding,5,11,0.5272520226870779
volatility,XGBoost,repr_bkm,expanding,5,12,0.5430389988061657
volatility,XGBoost,repr_bkm,expanding,5,13,0.4976931174614893
volatility,XGBoost,repr_bkm,expanding,5,14,0.4851693328392089
volatility,XGBoost,repr_bkm,expanding,5,15,0.5393505192945347
volatility,XGBoost,repr_bkm,expanding,5,16,0.560212786705011
volatility,XGBoost,repr_bkm,expanding,5,17,0.6359355627817549
volatility,XGBoost,repr_bkm,expanding,5,18,0.6035999833710796
volatility,XGBoost,repr_bkm,expanding,5,19,0.5928599015559549
volatility,XGBoost,repr_bkm,expanding,5,20,0.5516596869145395
volatility,XGBoost,repr_bkm,expanding,5,21,0.5460576485046633
volatility,XGBoost,repr_bkm,expanding,5,22,0.516195919650787
volatility,XGBoost,repr_bkm,expanding,5,23,0.5039719578091368
volatility,XGBoost,repr_bkm,expanding,5,24,0.47844431568191575
volatility,XGBoost,repr_bkm,expanding,5,25,0.48711002339557957
volatility,XGBoost,repr_bkm,expanding,5,26,0.5065739634164642
volatility,XGBoost,repr_bkm,rolling_9m_3m,5,0,0.4391574004787191
volatility,XGBoost,repr_bkm,rolling_9m_3m,5,1,0.5073119317574797
volatility,XGBoost,repr_bkm,rolling_9m_3m,5,2,0.4673704193881926
volatility,XGBoost,repr_bkm,rolling_9m_3m,5,3,0.47683881342526757
volatility,XGBoost,repr_bkm,rolling_9m_3m,5,4,0.46069080051306854
volatility,XGBoost,repr_bkm,rolling_9m_3m,5,5,0.3949008136332087
volatility,XGBoost,repr_bkm,rolling_9m_3m,5,6,0.4355932597682028
volatility,XGBoost,repr_bkm,rolling_9m_3m,5,7,0.43563574066694083
volatility,XGBoost,repr_bkm,rolling_9m_3m,5,8,0.5984840495053052
volatility,XGBoost,repr_bkm,rolling_9m_3m,5,9,0.5004131067861091
volatility,XGBoost,repr_bkm,rolling_9m_3m,5,10,0.3699049363995567
volatility,XGBoost,repr_bkm,rolling_9m_3m,5,11,0.44590839208416044
volatility,XGBoost,repr_bkm,rolling_9m_3m,5,12,0.46110400430625437
volatility,XGBoost,repr_bkm,rolling_9m_3m,5,13,0.41554351097854525
volatility,XGBoost,repr_bkm,rolling_9m_3m,5,14,0.46416056751038215
volatility,XGBoost,repr_bkm,rolling_9m_3m,5,15,0.5860301508627467
volatility,XGBoost,repr_bkm,rolling_9m_3m,5,16,0.5394085496226442
volatility,XGBoost,repr_bkm,rolling_9m_3m,5,17,0.5518603220918625
volatility,XGBoost,repr_bkm,rolling_9m_3m,5,18,0.47269831225527015
volatility,XGBoost,repr_bkm,rolling_9m_3m,5,19,0.49596726515106776
volatility,XGBoost,repr_bkm,rolling_9m_3m,5,20,0.4917157297735863
volatility,XGBoost,repr_bkm,rolling_9m_3m,5,21,0.569196452766717
volatility,XGBoost,repr_bkm,rolling_9m_3m,5,22,0.5927680431898522
volatility,XGBoost,repr_bkm,rolling_9m_3m,5,23,0.5714242770312254
volatility,XGBoost,repr_bkm,rolling_9m_3m,5,24,0.5747985580247829
volatility,XGBoost,repr_bkm,rolling_9m_3m,5,25,0.5444478623013799
volatility,XGBoost,repr_bkm,rolling_9m_3m,5,26,0.4964350056560886
volatility,XGBoost,repr_bkm,rolling_9m_3m,5,27,0.5126264423966598
volatility,XGBoost,repr_bkm,rolling_9m_3m,5,28,0.47834055582305524
volatility,XGBoost,repr_bkm,rolling_9m_3m,5,29,0.45034535003005277
volatility,XGBoost,repr_bkm,rolling_9m_3m,5,30,0.48392336006864733
volatility,XGBoost,repr_bkm,rolling_9m_3m,5,31,0.4869139617420314
