t_stat,p_value,test,dm_stat,chi2
0.7291362808181779,0.23295915176258242,Clark-West (A vs C),,
,0.8789174604638375,Diebold-Mariano (A vs C),-0.15234167010185654,
,1.0,McNemar (A vs C),,0.0
