symbol,announce_ts,announce_date,fetched_at_utc,source
AAPL,2002-04-17T16:00:00-04:00,2002-04-17,2026-10-02T01:21:47+00:00,yfinance 1.2.0 get_earnings_dates
AAPL,2002-07-16T16:00:00-04:00,2002-07-16,2026-10-02T01:21:47+00:00,yfinance 1.2.0 get_earnings_dates
AAPL,2002-07-16T16:00:00-04:00,2002-07-16,2026-10-02T01:21:47+00:00,yfinance 1.2.0 get_earnings_dates
AAPL,2002-10-16T16:00:00-04:00,2002-10-16,2026-10-02T01:21:47+00:00,yfinance 1.2.0 get_earnings_dates
AAPL,2003-01-15T16:00:00-05:00,2003-01-15,2026-10-02T01:21:47+00:00,yfinance 1.2.0 get_earnings_dates
AAPL,2003-04-16T16:00:00-04:00,2003-04-16,2026-10-02T01:21:47+00:00,yfinance 1.2.0 get_earnings_dates
AAPL,2003-07-16T16:00:00-04:00,2003-07-16,2026-10-02T01:21:47+00:00,yfinance 1.2.0 get_earnings_dates
AAPL,2003-10-15T16:00:00-04:00,2003-10-15,2026-10-02T01:21:47+00:00,yfinance 1.2.0 get_earnings_dates
AAPL,2004-01-14T16:00:00-05:00,2004-01-14,2026-10-02T01:21:47+00:00,yfinance 1.2.0 get_earnings_dates
AAPL,2004-04-14T16:00:00-04:00,2004-04-14,2026-10-02T01:21:47+00:00,yfinance 1.2.0 get_earnings_dates
AAPL,2004-07-14T06:00:00-04:00,2004-07-14,2026-10-02T01:21:47+00:00,yfinance 1.2.0 get_earnings_dates
AAPL,2004-10-13T16:00:00-04:00,2004-10-13,2026-10-02T01:21:47+00:00,yfinance 1.2.0 get_earnings_dates
AAPL,2005-01-12T16:00:00-05:00,2005-01-12,2026-10-02T01:21:47+00:00,yfinance 1.2.0 get_earnings_dates
AAPL,2005-04-13T16:00:00-04:00,2005-04-13,2026-10-02T01:21:47+00:00,yfinance 1.2.0 get_earnings_dates
AAPL,2005-07-13T16:00:00-04:00,2005-07-13,2026-10-02T01:21:47+00:00,yfinance 1.2.0 get_earnings_dates
AAPL,2005-10-11T16:00:00-04:00,2005-10-11,2026-10-02T01:21:47+00:00,yfinance 1.2.0 get_earnings_dates
AAPL,2006-01-18T16:00:00-05:00,2006-01-18,2026-10-02T01:21:47+00:00,yfinance 1.2.0 get_earnings_dates
AAPL,2006-04-19T16:00:00-04:00,2006-04-19,2026-10-02T01:21:47+00:00,yfinance 1.2.0 get_earnings_dates
AAPL,2006-07-19T16:00:00-04:00,2006-07-19,2026-10-02T01:21:47+00:00,yfinance 1.2.0 get_earnings_dates
AAPL,2006-10-18T16:00:00-04:00,2006-10-18,2026-10-02T01:21:47+00:00,yfinance 1.2.0 get_earnings_dates
AAPL,2007-01-17T16:00:00-05:00,2007-01-17,2026-10-02T01:21:47+00:00,yfinance 1.2.0 get_earnings_dates
AAPL,2007-04-25T16:00:00-04:00,2007-04-25,2026-10-02T01:21:47+00:00,yfinance 1.2.0 get_earnings_dates
AAPL,2007-07-25T16:00:00-04:00,2007-07-25,2026-10-02T01:21:47+00:00,yfinance 1.2.0 get_earnings_dates
AAPL,2007-10-22T16:00:00-04:00,2007-10-22,2026-10-02T01:21:47+00:00,yfinance 1.2.0 get_earnings_dates
AAPL,2008-01-22T16:00:00-05:00,2008-01-22,2026-10-02T01:21:47+00:00,yfinance 1.2.0 get_earnings_dates
AAPL,2008-04-23T16:00:00-04:00,2008-04-23,2026-10-02T01:21:47+00:00,yfinance 1.2.0 get_earnings_dates
AAPL,2008-07-21T16:00:00-04:00,2008-07-21,2026-10-02T01:21:47+00:00,yfinance 1.2.0 get_earnings_dates
AAPL,2008-10-21T16:00:00-04:00,2008-10-21,2026-10-02T01:21:47+00:00,yfinance 1.2.0 get_earnings_dates
AAPL,2009-01-21T16:00:00-05:00,2009-01-21,2026-10-02T01:21:47+00:00,yfinance 1.2.0 get_earnings_dates
AAPL,2009-04-22T16:00:00-04:00,2009-04-22,2026-10-02T01:21:47+00:00,yfinance 1.2.0 get_earnings_dates
AAPL,2009-07-21T16:00:00-04:00,2009-07-21,2026-10-02T01:21:47+00:00,yfinance 1.2.0 get_earnings_dates
AAPL,2009-10-19T16:00:00-04:00,2009-10-19,2026-10-02T01:21:47+00:00,yfinance 1.2.0 get_earnings_dates
AAPL,2010-01-25T16:00:00-05:00,2010-01-25,2026-10-02T01:21:47+00:00,yfinance 1.2.0 get_earnings_dates
AAPL,2010-04-20T20:00:00-04:00,2010-04-20,2026-10-02T01:21:47+00:00,yfinance 1.2.0 get_earnings_dates
AAPL,2010-07-20T16:00:00-04:00,2010-07-20,2026-10-02T01:21:47+00:00,yfinance 1.2.0 get_earnings_dates
AAPL,2010-10-18T16:00:00-04:00,2010-10-18,2026-10-02T01:21:47+00:00,yfinance 1.2.0 get_earnings_dates
AAPL,2011-01-18T16:00:00-05:00,2011-01-18,2026-10-02T01:21:47+00:00,yfinance 1.2.0 get_earnings_dates
AAPL,2011-04-20T16:00:00-04:00,2011-04-20,2026-10-02T01:21:47+00:00,yfinance 1.2.0 get_earnings_dates
AAPL,2011-07-19T16:00:00-04:00,2011-07-19,2026-10-02T01:21:47+00:00,yfinance 1.2.0 get_earnings_dates
AAPL,2011-10-18T16:00:00-04:00,2011-10-18,2026-10-02T01:21:47+00:00,yfinance 1.2.0 get_earnings_dates
AAPL,2012-01-24T16:00:00-05:00,2012-01-24,2026-10-02T01:21:47+00:00,yfinance 1.2.0 get_earnings_dates
AAPL,2012-04-24T16:00:00-04:00,2012-04-24,2026-10-02T01:21:47+00:00,yfinance 1.2.0 get_earnings_dates
AAPL,2012-07-24T16:00:00-04:00,2012-07-24,2026-10-02T01:21:47+00:00,yfinance 1.2.0 get_earnings_dates
AAPL,2012-10-25T16:00:00-04:00,2012-10-25,2026-10-02T01:21:47+00:00,yfinance 1.2.0 get_earnings_dates
AAPL,2013-01-23T16:00:00-05:00,2013-01-23,2026-10-02T01:21:47+00:00,yfinance 1.2.0 get_earnings_dates
AAPL,2013-04-23T16:00:00-04:00,2013-04-23,2026-10-02T01:21:47+00:00,yfinance 1.2.0 get_earnings_dates
AAPL,2013-07-23T16:00:00-04:00,2013-07-23,2026-10-02T01:21:47+00:00,yfinance 1.2.0 get_earnings_dates
AAPL,2013-10-28T16:00:00-04:00,2013-10-28,2026-10-02T01:21:47+00:00,yfinance 1.2.0 get_earnings_dates
AAPL,2014-01-27T16:00:00-05:00,2014-01-27,2026-10-02T01:21:47+00:00,yfinance 1.2.0 get_earnings_dates
AAPL,2014-04-23T16:00:00-04:00,2014-04-23,2026-10-02T01:21:47+00:00,yfinance 1.2.0 get_earnings_dates
AAPL,2014-07-22T16:00:00-04:00,2014-07-22,2026-10-02T01:21:47+00:00,yfinance 1.2.0 get_earnings_dates
AAPL,2014-10-20T16:00:00-04:00,2014-10-20,2026-10-02T01:21:47+00:00,yfinance 1.2.0 get_earnings_dates
AAPL,2015-01-27T16:00:00-05:00,2015-01-27,2026-10-02T01:21:47+00:00,yfinance 1.2.0 get_earnings_dates
AAPL,2015-04-27T16:00:00-04:00,2015-04-27,2026-10-02T01:21:47+00:00,yfinance 1.2.0 get_earnings_dates
AAPL,2015-07-21T16:00:00-04:00,2015-07-21,2026-10-02T01:21:47+00:00,yfinance 1.2.0 get_earnings_dates
AAPL,2015-10-27T16:00:00-04:00,2015-10-27,2026-10-02T01:21:47+00:00,yfinance 1.2.0 get_earnings_dates
AAPL,2016-01-26T16:00:00-05:00,2016-01-26,2026-10-02T01:21:47+00:00,yfinance 1.2.0 get_earnings_dates
AAPL,2016-04-26T16:00:00-04:00,2016-04-26,2026-10-02T01:21:47+00:00,yfinance 1.2.0 get_earnings_dates
AAPL,2016-07-26T16:00:00-04:00,2016-07-26,2026-10-02T01:21:47+00:00,yfinance 1.2.0 get_earnings_dates
AAPL,2016-10-25T16:00:00-04:00,2016-10-25,2026-10-02T01:21:47+00:00,yfinance 1.2.0 get_earnings_dates
AAPL,2017-01-31T16:00:00-05:00,2017-01-31,2026-10-02T01:21:47+00:00,yfinance 1.2.0 get_earnings_dates
AAPL,2017-05-02T16:00:00-04:00,2017-05-02,2026-10-02T01:21:47+00:00,yfinance 1.2.0 get_earnings_dates
AAPL,2017-08-01T16:00:00-04:00,2017-08-01,2026-10-02T01:21:47+00:00,yfinance 1.2.0 get_earnings_dates
AAPL,2017-11-02T16:00:00-04:00,2017-11-02,2026-10-02T01:21:47+00:00,yfinance 1.2.0 get_earnings_dates
AAPL,2018-02-01T16:00:00-05:00,2018-02-01,2026-10-02T01:21:47+00:00,yfinance 1.2.0 get_earnings_dates
AAPL,2018-05-01T16:00:00-04:00,2018-05-01,2026-10-02T01:21:47+00:00,yfinance 1.2.0 get_earnings_dates
AAPL,2018-07-31T16:00:00-04:00,2018-07-31,2026-10-02T01:21:47+00:00,yfinance 1.2.0 get_earnings_dates
AAPL,2018-11-01T16:00:00-04:00,2018-11-01,2026-10-02T01:21:47+00:00,yfinance 1.2.0 get_earnings_dates
AAPL,2019-01-29T16:00:00-05:00,2019-01-29,2026-10-02T01:21:47+00:00,yfinance 1.2.0 get_earnings_dates
AAPL,2019-04-30T16:00:00-04:00,2019-04-30,2026-10-02T01:21:47+00:00,yfinance 1.2.0 get_earnings_dates
AAPL,2019-07-30T16:00:00-04:00,2019-07-30,2026-10-02T01:21:47+00:00,yfinance 1.2.0 get_earnings_dates
AAPL,2019-10-30T16:00:00-04:00,2019-10-30,2026-10-02T01:21:47+00:00,yfinance 1.2.0 get_earnings_dates
AAPL,2020-01-28T16:00:00-05:00,2020-01-28,2026-10-02T01:21:47+00:00,yfinance 1.2.0 get_earnings_dates
AAPL,2020-04-30T17:00:00-04:00,2020-04-30,2026-10-02T01:21:47+00:00,yfinance 1.2.0 get_earnings_dates
AAPL,2020-07-30T16:00:00-04:00,2020-07-30,2026-10-02T01:21:47+00:00,yfinance 1.2.0 get_earnings_dates
AAPL,2020-10-29T16:00:00-04:00,2020-10-29,2026-10-02T01:21:47+00:00,yfinance 1.2.0 get_earnings_dates
AAPL,2021-01-27T16:00:00-05:00,2021-01-27,2026-10-02T01:21:47+00:00,yfinance 1.2.0 get_earnings_dates
AAPL,2021-04-28T16:00:00-04:00,2021-04-28,2026-10-02T01:21:47+00:00,yfinance 1.2.0 get_earnings_dates
AAPL,2021-07-27T16:00:00-04:00,2021-07-27,2026-10-02T01:21:47+00:00,yfinance 1.2.0 get_earnings_dates
AAPL,2021-10-28T16:00:00-04:00,2021-10-28,2026-10-02T01:21:47+00:00,yfinance 1.2.0 get_earnings_dates
AAPL,2022-01-27T16:00:00-05:00,2022-01-27,2026-10-02T01:21:47+00:00,yfinance 1.2.0 get_earnings_dates
AAPL,2022-04-28T16:00:00-04:00,2022-04-28,2026-10-02T01:21:47+00:00,yfinance 1.2.0 get_earnings_dates
AAPL,2022-07-28T16:00:00-04:00,2022-07-28,2026-10-02T01:21:47+00:00,yfinance 1.2.0 get_earnings_dates
AAPL,2022-10-27T16:00:00-04:00,2022-10-27,2026-10-02T01:21:47+00:00,yfinance 1.2.0 get_earnings_dates
AAPL,2023-02-02T16:00:00-05:00,2023-02-02,2026-10-02T01:21:47+00:00,yfinance 1.2.0 get_earnings_dates
AAPL,2023-05-04T16:00:00-04:00,2023-05-04,2026-10-02T01:21:47+00:00,yfinance 1.2.0 get_earnings_dates
AAPL,2023-08-03T16:00:00-04:00,2023-08-03,2026-10-02T01:21:47+00:00,yfinance 1.2.0 get_earnings_dates
AAPL,2023-11-02T16:00:00-04:00,2023-11-02,2026-10-02T01:21:47+00:00,yfinance 1.2.0 get_earnings_dates
AAPL,2024-02-01T16:00:00-05:00,2024-02-01,2026-10-02T01:21:47+00:00,yfinance 1.2.0 get_earnings_dates
AAPL,2024-05-02T16:00:00-04:00,2024-05-02,2026-10-02T01:21:47+00:00,yfinance 1.2.0 get_earnings_dates
AAPL,2024-08-01T16:00:00-04:00,2024-08-01,2026-10-02T01:21:47+00:00,yfinance 1.2.0 get_earnings_dates
AAPL,2024-10-31T16:00:00-04:00,2024-10-31,2026-10-02T01:21:47+00:00,yfinance 1.2.0 get_earnings_dates
AAPL,2025-01-30T16:00:00-05:00,2025-01-30,2026-10-02T01:21:47+00:00,yfinance 1.2.0 get_earnings_dates
AAPL,2025-05-01T16:00:00-04:00,2025-05-01,2026-10-02T01:21:47+00:00,yfinance 1.2.0 get_earnings_dates
AAPL,2025-07-31T16:00:00-04:00,2025-07-31,2026-10-02T01:21:47+00:00,yfinance 1.2.0 get_earnings_dates
AAPL,2025-10-30T16:00:00-04:00,2025-10-30,2026-10-02T01:21:47+00:00,yfinance 1.2.0 get_earnings_dates
AAPL,2026-01-29T16:00:00-05:00,2026-01-29,2026-10-02T01:21:47+00:00,yfinance 1.2.0 get_earnings_dates
AAPL,2026-04-30T16:00:00-04:00,2026-04-30,2026-10-02T01:21:47+00:00,yfinance 1.2.0 get_earnings_dates
AAPL,2026-07-30T16:00:00-04:00,2026-07-30,2026-10-02T01:21:47+00:00,yfinance 1.2.0 get_earnings_dates
AAPL,2026-10-29T16:00:00-04:00,2026-10-29,2026-10-02T01:21:47+00:00,yfinance 1.2.0 get_earnings_dates
AMZN,2002-04-23T16:00:00-04:00,2002-04-23,2026-10-02T01:21:47+00:00,yfinance 1.2.0 get_earnings_dates
AMZN,2002-07-23T17:00:00-04:00,2002-07-23,2026-10-02T01:21:47+00:00,yfinance 1.2.0 get_earnings_dates
AMZN,2002-07-23T17:00:00-04:00,2002-07-23,2026-10-02T01:21:47+00:00,yfinance 1.2.0 get_earnings_dates
AMZN,2002-10-24T16:00:00-04:00,2002-10-24,2026-10-02T01:21:47+00:00,yfinance 1.2.0 get_earnings_dates
AMZN,2003-01-23T16:00:00-05:00,2003-01-23,2026-10-02T01:21:47+00:00,yfinance 1.2.0 get_earnings_dates
AMZN,2003-04-24T16:00:00-04:00,2003-04-24,2026-10-02T01:21:47+00:00,yfinance 1.2.0 get_earnings_dates
AMZN,2003-07-22T16:00:00-04:00,2003-07-22,2026-10-02T01:21:47+00:00,yfinance 1.2.0 get_earnings_dates
AMZN,2003-10-21T16:00:00-04:00,2003-10-21,2026-10-02T01:21:47+00:00,yfinance 1.2.0 get_earnings_dates
AMZN,2004-01-27T16:00:00-05:00,2004-01-27,2026-10-02T01:21:47+00:00,yfinance 1.2.0 get_earnings_dates
AMZN,2004-04-22T16:00:00-04:00,2004-04-22,2026-10-02T01:21:47+00:00,yfinance 1.2.0 get_earnings_dates
AMZN,2004-07-22T16:00:00-04:00,2004-07-22,2026-10-02T01:21:47+00:00,yfinance 1.2.0 get_earnings_dates
AMZN,2004-10-21T16:00:00-04:00,2004-10-21,2026-10-02T01:21:47+00:00,yfinance 1.2.0 get_earnings_dates
AMZN,2005-02-02T16:00:00-05:00,2005-02-02,2026-10-02T01:21:47+00:00,yfinance 1.2.0 get_earnings_dates
AMZN,2005-04-26T16:00:00-04:00,2005-04-26,2026-10-02T01:21:47+00:00,yfinance 1.2.0 get_earnings_dates
AMZN,2005-07-26T16:00:00-04:00,2005-07-26,2026-10-02T01:21:47+00:00,yfinance 1.2.0 get_earnings_dates
AMZN,2005-10-25T16:00:00-04:00,2005-10-25,2026-10-02T01:21:47+00:00,yfinance 1.2.0 get_earnings_dates
AMZN,2006-02-02T16:00:00-05:00,2006-02-02,2026-10-02T01:21:47+00:00,yfinance 1.2.0 get_earnings_dates
AMZN,2006-04-25T16:00:00-04:00,2006-04-25,2026-10-02T01:21:47+00:00,yfinance 1.2.0 get_earnings_dates
AMZN,2006-07-25T16:00:00-04:00,2006-07-25,2026-10-02T01:21:47+00:00,yfinance 1.2.0 get_earnings_dates
AMZN,2006-10-24T16:00:00-04:00,2006-10-24,2026-10-02T01:21:47+00:00,yfinance 1.2.0 get_earnings_dates
AMZN,2007-02-01T16:00:00-05:00,2007-02-01,2026-10-02T01:21:47+00:00,yfinance 1.2.0 get_earnings_dates
AMZN,2007-04-24T16:00:00-04:00,2007-04-24,2026-10-02T01:21:47+00:00,yfinance 1.2.0 get_earnings_dates
AMZN,2007-07-24T16:00:00-04:00,2007-07-24,2026-10-02T01:21:47+00:00,yfinance 1.2.0 get_earnings_dates
AMZN,2007-10-23T16:00:00-04:00,2007-10-23,2026-10-02T01:21:47+00:00,yfinance 1.2.0 get_earnings_dates
AMZN,2008-01-30T16:00:00-05:00,2008-01-30,2026-10-02T01:21:47+00:00,yfinance 1.2.0 get_earnings_dates
AMZN,2008-04-23T16:00:00-04:00,2008-04-23,2026-10-02T01:21:47+00:00,yfinance 1.2.0 get_earnings_dates
AMZN,2008-07-23T16:00:00-04:00,2008-07-23,2026-10-02T01:21:47+00:00,yfinance 1.2.0 get_earnings_dates
AMZN,2008-10-22T16:00:00-04:00,2008-10-22,2026-10-02T01:21:47+00:00,yfinance 1.2.0 get_earnings_dates
AMZN,2009-01-29T16:00:00-05:00,2009-01-29,2026-10-02T01:21:47+00:00,yfinance 1.2.0 get_earnings_dates
AMZN,2009-04-23T16:00:00-04:00,2009-04-23,2026-10-02T01:21:47+00:00,yfinance 1.2.0 get_earnings_dates
AMZN,2009-07-23T16:00:00-04:00,2009-07-23,2026-10-02T01:21:47+00:00,yfinance 1.2.0 get_earnings_dates
AMZN,2009-10-22T16:00:00-04:00,2009-10-22,2026-10-02T01:21:47+00:00,yfinance 1.2.0 get_earnings_dates
AMZN,2010-01-28T16:00:00-05:00,2010-01-28,2026-10-02T01:21:47+00:00,yfinance 1.2.0 get_earnings_dates
AMZN,2010-04-22T16:00:00-04:00,2010-04-22,2026-10-02T01:21:47+00:00,yfinance 1.2.0 get_earnings_dates
AMZN,2010-07-22T16:00:00-04:00,2010-07-22,2026-10-02T01:21:47+00:00,yfinance 1.2.0 get_earnings_dates
AMZN,2010-10-21T16:00:00-04:00,2010-10-21,2026-10-02T01:21:47+00:00,yfinance 1.2.0 get_earnings_dates
AMZN,2011-01-27T16:00:00-05:00,2011-01-27,2026-10-02T01:21:47+00:00,yfinance 1.2.0 get_earnings_dates
AMZN,2011-04-26T16:00:00-04:00,2011-04-26,2026-10-02T01:21:47+00:00,yfinance 1.2.0 get_earnings_dates
AMZN,2011-07-26T16:00:00-04:00,2011-07-26,2026-10-02T01:21:47+00:00,yfinance 1.2.0 get_earnings_dates
AMZN,2011-10-25T16:00:00-04:00,2011-10-25,2026-10-02T01:21:47+00:00,yfinance 1.2.0 get_earnings_dates
AMZN,2012-01-31T16:00:00-05:00,2012-01-31,2026-10-02T01:21:47+00:00,yfinance 1.2.0 get_earnings_dates
AMZN,2012-04-26T16:00:00-04:00,2012-04-26,2026-10-02T01:21:47+00:00,yfinance 1.2.0 get_earnings_dates
AMZN,2012-07-26T16:00:00-04:00,2012-07-26,2026-10-02T01:21:47+00:00,yfinance 1.2.0 get_earnings_dates
AMZN,2012-10-25T16:00:00-04:00,2012-10-25,2026-10-02T01:21:47+00:00,yfinance 1.2.0 get_earnings_dates
AMZN,2013-01-29T16:00:00-05:00,2013-01-29,2026-10-02T01:21:47+00:00,yfinance 1.2.0 get_earnings_dates
AMZN,2013-04-25T16:00:00-04:00,2013-04-25,2026-10-02T01:21:47+00:00,yfinance 1.2.0 get_earnings_dates
AMZN,2013-07-25T16:00:00-04:00,2013-07-25,2026-10-02T01:21:47+00:00,yfinance 1.2.0 get_earnings_dates
AMZN,2013-10-24T16:00:00-04:00,2013-10-24,2026-10-02T01:21:47+00:00,yfinance 1.2.0 get_earnings_dates
AMZN,2014-01-30T16:00:00-05:00,2014-01-30,2026-10-02T01:21:47+00:00,yfinance 1.2.0 get_earnings_dates
AMZN,2014-04-24T16:00:00-04:00,2014-04-24,2026-10-02T01:21:47+00:00,yfinance 1.2.0 get_earnings_dates
AMZN,2014-07-24T16:00:00-04:00,2014-07-24,2026-10-02T01:21:47+00:00,yfinance 1.2.0 get_earnings_dates
AMZN,2014-10-23T16:00:00-04:00,2014-10-23,2026-10-02T01:21:47+00:00,yfinance 1.2.0 get_earnings_dates
AMZN,2015-01-29T16:00:00-05:00,2015-01-29,2026-10-02T01:21:47+00:00,yfinance 1.2.0 get_earnings_dates
AMZN,2015-04-23T16:00:00-04:00,2015-04-23,2026-10-02T01:21:47+00:00,yfinance 1.2.0 get_earnings_dates
AMZN,2015-07-23T16:00:00-04:00,2015-07-23,2026-10-02T01:21:47+00:00,yfinance 1.2.0 get_earnings_dates
AMZN,2015-10-22T16:00:00-04:00,2015-10-22,2026-10-02T01:21:47+00:00,yfinance 1.2.0 get_earnings_dates
AMZN,2016-01-28T16:00:00-05:00,2016-01-28,2026-10-02T01:21:47+00:00,yfinance 1.2.0 get_earnings_dates
AMZN,2016-04-28T16:00:00-04:00,2016-04-28,2026-10-02T01:21:47+00:00,yfinance 1.2.0 get_earnings_dates
AMZN,2016-07-28T16:00:00-04:00,2016-07-28,2026-10-02T01:21:47+00:00,yfinance 1.2.0 get_earnings_dates
AMZN,2016-10-27T16:00:00-04:00,2016-10-27,2026-10-02T01:21:47+00:00,yfinance 1.2.0 get_earnings_dates
AMZN,2017-02-02T16:00:00-05:00,2017-02-02,2026-10-02T01:21:47+00:00,yfinance 1.2.0 get_earnings_dates
AMZN,2017-04-27T16:00:00-04:00,2017-04-27,2026-10-02T01:21:47+00:00,yfinance 1.2.0 get_earnings_dates
AMZN,2017-07-27T16:00:00-04:00,2017-07-27,2026-10-02T01:21:47+00:00,yfinance 1.2.0 get_earnings_dates
AMZN,2017-10-26T16:00:00-04:00,2017-10-26,2026-10-02T01:21:47+00:00,yfinance 1.2.0 get_earnings_dates
AMZN,2018-02-01T16:00:00-05:00,2018-02-01,2026-10-02T01:21:47+00:00,yfinance 1.2.0 get_earnings_dates
AMZN,2018-04-26T16:00:00-04:00,2018-04-26,2026-10-02T01:21:47+00:00,yfinance 1.2.0 get_earnings_dates
AMZN,2018-07-26T16:00:00-04:00,2018-07-26,2026-10-02T01:21:47+00:00,yfinance 1.2.0 get_earnings_dates
AMZN,2018-10-25T16:00:00-04:00,2018-10-25,2026-10-02T01:21:47+00:00,yfinance 1.2.0 get_earnings_dates
AMZN,2019-01-31T16:00:00-05:00,2019-01-31,2026-10-02T01:21:47+00:00,yfinance 1.2.0 get_earnings_dates
AMZN,2019-04-25T16:00:00-04:00,2019-04-25,2026-10-02T01:21:47+00:00,yfinance 1.2.0 get_earnings_dates
AMZN,2019-07-25T16:00:00-04:00,2019-07-25,2026-10-02T01:21:47+00:00,yfinance 1.2.0 get_earnings_dates
AMZN,2019-10-24T16:00:00-04:00,2019-10-24,2026-10-02T01:21:47+00:00,yfinance 1.2.0 get_earnings_dates
AMZN,2020-01-30T16:00:00-05:00,2020-01-30,2026-10-02T01:21:47+00:00,yfinance 1.2.0 get_earnings_dates
AMZN,2020-04-30T17:00:00-04:00,2020-04-30,2026-10-02T01:21:47+00:00,yfinance 1.2.0 get_earnings_dates
AMZN,2020-07-30T16:00:00-04:00,2020-07-30,2026-10-02T01:21:47+00:00,yfinance 1.2.0 get_earnings_dates
AMZN,2020-10-29T16:00:00-04:00,2020-10-29,2026-10-02T01:21:47+00:00,yfinance 1.2.0 get_earnings_dates
AMZN,2021-02-02T16:00:00-05:00,2021-02-02,2026-10-02T01:21:47+00:00,yfinance 1.2.0 get_earnings_dates
AMZN,2021-04-29T16:00:00-04:00,2021-04-29,2026-10-02T01:21:47+00:00,yfinance 1.2.0 get_earnings_dates
AMZN,2021-07-29T16:00:00-04:00,2021-07-29,2026-10-02T01:21:47+00:00,yfinance 1.2.0 get_earnings_dates
AMZN,2021-10-28T16:00:00-04:00,2021-10-28,2026-10-02T01:21:47+00:00,yfinance 1.2.0 get_earnings_dates
AMZN,2022-02-03T16:00:00-05:00,2022-02-03,2026-10-02T01:21:47+00:00,yfinance 1.2.0 get_earnings_dates
AMZN,2022-04-28T16:00:00-04:00,2022-04-28,2026-10-02T01:21:47+00:00,yfinance 1.2.0 get_earnings_dates
AMZN,2022-07-28T16:00:00-04:00,2022-07-28,2026-10-02T01:21:47+00:00,yfinance 1.2.0 get_earnings_dates
AMZN,2022-10-27T16:00:00-04:00,2022-10-27,2026-10-02T01:21:47+00:00,yfinance 1.2.0 get_earnings_dates
AMZN,2023-02-02T16:00:00-05:00,2023-02-02,2026-10-02T01:21:47+00:00,yfinance 1.2.0 get_earnings_dates
AMZN,2023-04-27T16:00:00-04:00,2023-04-27,2026-10-02T01:21:47+00:00,yfinance 1.2.0 get_earnings_dates
AMZN,2023-08-03T16:00:00-04:00,2023-08-03,2026-10-02T01:21:47+00:00,yfinance 1.2.0 get_earnings_dates
AMZN,2023-10-26T16:00:00-04:00,2023-10-26,2026-10-02T01:21:47+00:00,yfinance 1.2.0 get_earnings_dates
AMZN,2024-02-01T16:00:00-05:00,2024-02-01,2026-10-02T01:21:47+00:00,yfinance 1.2.0 get_earnings_dates
AMZN,2024-04-30T16:00:00-04:00,2024-04-30,2026-10-02T01:21:47+00:00,yfinance 1.2.0 get_earnings_dates
AMZN,2024-08-01T12:00:00-04:00,2024-08-01,2026-10-02T01:21:47+00:00,yfinance 1.2.0 get_earnings_dates
AMZN,2024-10-31T16:00:00-04:00,2024-10-31,2026-10-02T01:21:47+00:00,yfinance 1.2.0 get_earnings_dates
AMZN,2025-02-06T16:00:00-05:00,2025-02-06,2026-10-02T01:21:47+00:00,yfinance 1.2.0 get_earnings_dates
AMZN,2025-05-01T16:00:00-04:00,2025-05-01,2026-10-02T01:21:47+00:00,yfinance 1.2.0 get_earnings_dates
AMZN,2025-07-31T16:00:00-04:00,2025-07-31,2026-10-02T01:21:47+00:00,yfinance 1.2.0 get_earnings_dates
AMZN,2025-10-30T16:00:00-04:00,2025-10-30,2026-10-02T01:21:47+00:00,yfinance 1.2.0 get_earnings_dates
AMZN,2026-02-05T16:00:00-05:00,2026-02-05,2026-10-02T01:21:47+00:00,yfinance 1.2.0 get_earnings_dates
AMZN,2026-04-29T16:00:00-04:00,2026-04-29,2026-10-02T01:21:47+00:00,yfinance 1.2.0 get_earnings_dates
AMZN,2026-07-30T16:00:00-04:00,2026-07-30,2026-10-02T01:21:47+00:00,yfinance 1.2.0 get_earnings_dates
AMZN,2026-10-29T16:00:00-04:00,2026-10-29,2026-10-02T01:21:47+00:00,yfinance 1.2.0 get_earnings_dates
DIS,2002-01-31T16:00:00-05:00,2002-01-31,2026-10-02T01:21:47+00:00,yfinance 1.2.0 get_earnings_dates
DIS,2002-04-25T16:00:00-04:00,2002-04-25,2026-10-02T01:21:47+00:00,yfinance 1.2.0 get_earnings_dates
DIS,2002-08-01T16:00:00-04:00,2002-08-01,2026-10-02T01:21:47+00:00,yfinance 1.2.0 get_earnings_dates
DIS,2002-11-07T16:00:00-05:00,2002-11-07,2026-10-02T01:21:47+00:00,yfinance 1.2.0 get_earnings_dates
DIS,2003-01-30T16:00:00-05:00,2003-01-30,2026-10-02T01:21:47+00:00,yfinance 1.2.0 get_earnings_dates
DIS,2003-05-01T16:00:00-04:00,2003-05-01,2026-10-02T01:21:47+00:00,yfinance 1.2.0 get_earnings_dates
DIS,2003-07-31T16:00:00-04:00,2003-07-31,2026-10-02T01:21:47+00:00,yfinance 1.2.0 get_earnings_dates
DIS,2003-11-20T16:00:00-05:00,2003-11-20,2026-10-02T01:21:47+00:00,yfinance 1.2.0 get_earnings_dates
DIS,2004-02-11T09:00:00-05:00,2004-02-11,2026-10-02T01:21:47+00:00,yfinance 1.2.0 get_earnings_dates
DIS,2004-05-12T16:00:00-04:00,2004-05-12,2026-10-02T01:21:47+00:00,yfinance 1.2.0 get_earnings_dates
DIS,2004-08-10T16:00:00-04:00,2004-08-10,2026-10-02T01:21:47+00:00,yfinance 1.2.0 get_earnings_dates
DIS,2004-11-18T16:00:00-05:00,2004-11-18,2026-10-02T01:21:47+00:00,yfinance 1.2.0 get_earnings_dates
DIS,2005-01-31T16:00:00-05:00,2005-01-31,2026-10-02T01:21:47+00:00,yfinance 1.2.0 get_earnings_dates
DIS,2005-05-11T14:00:00-04:00,2005-05-11,2026-10-02T01:21:47+00:00,yfinance 1.2.0 get_earnings_dates
DIS,2005-08-09T16:00:00-04:00,2005-08-09,2026-10-02T01:21:47+00:00,yfinance 1.2.0 get_earnings_dates
DIS,2005-11-17T16:00:00-05:00,2005-11-17,2026-10-02T01:21:47+00:00,yfinance 1.2.0 get_earnings_dates
DIS,2006-02-06T16:00:00-05:00,2006-02-06,2026-10-02T01:21:47+00:00,yfinance 1.2.0 get_earnings_dates
DIS,2006-05-09T16:00:00-04:00,2006-05-09,2026-10-02T01:21:47+00:00,yfinance 1.2.0 get_earnings_dates
DIS,2006-08-09T08:00:00-04:00,2006-08-09,2026-10-02T01:21:47+00:00,yfinance 1.2.0 get_earnings_dates
DIS,2006-11-09T16:00:00-05:00,2006-11-09,2026-10-02T01:21:47+00:00,yfinance 1.2.0 get_earnings_dates
DIS,2007-02-07T16:00:00-05:00,2007-02-07,2026-10-02T01:21:47+00:00,yfinance 1.2.0 get_earnings_dates
DIS,2007-05-08T16:00:00-04:00,2007-05-08,2026-10-02T01:21:47+00:00,yfinance 1.2.0 get_earnings_dates
DIS,2007-08-01T16:00:00-04:00,2007-08-01,2026-10-02T01:21:47+00:00,yfinance 1.2.0 get_earnings_dates
DIS,2007-11-08T16:00:00-05:00,2007-11-08,2026-10-02T01:21:47+00:00,yfinance 1.2.0 get_earnings_dates
DIS,2008-02-05T16:00:00-05:00,2008-02-05,2026-10-02T01:21:47+00:00,yfinance 1.2.0 get_earnings_dates
DIS,2008-05-06T16:00:00-04:00,2008-05-06,2026-10-02T01:21:47+00:00,yfinance 1.2.0 get_earnings_dates
DIS,2008-07-30T16:00:00-04:00,2008-07-30,2026-10-02T01:21:47+00:00,yfinance 1.2.0 get_earnings_dates
DIS,2008-11-06T16:00:00-05:00,2008-11-06,2026-10-02T01:21:47+00:00,yfinance 1.2.0 get_earnings_dates
DIS,2009-02-03T16:00:00-05:00,2009-02-03,2026-10-02T01:21:47+00:00,yfinance 1.2.0 get_earnings_dates
DIS,2009-05-05T16:00:00-04:00,2009-05-05,2026-10-02T01:21:47+00:00,yfinance 1.2.0 get_earnings_dates
DIS,2009-07-30T16:00:00-04:00,2009-07-30,2026-10-02T01:21:47+00:00,yfinance 1.2.0 get_earnings_dates
DIS,2009-11-12T16:00:00-05:00,2009-11-12,2026-10-02T01:21:47+00:00,yfinance 1.2.0 get_earnings_dates
DIS,2010-02-09T16:00:00-05:00,2010-02-09,2026-10-02T01:21:47+00:00,yfinance 1.2.0 get_earnings_dates
DIS,2010-05-11T16:00:00-04:00,2010-05-11,2026-10-02T01:21:47+00:00,yfinance 1.2.0 get_earnings_dates
DIS,2010-08-10T16:00:00-04:00,2010-08-10,2026-10-02T01:21:47+00:00,yfinance 1.2.0 get_earnings_dates
DIS,2010-11-11T16:00:00-05:00,2010-11-11,2026-10-02T01:21:47+00:00,yfinance 1.2.0 get_earnings_dates
DIS,2011-02-08T16:00:00-05:00,2011-02-08,2026-10-02T01:21:47+00:00,yfinance 1.2.0 get_earnings_dates
DIS,2011-05-10T16:00:00-04:00,2011-05-10,2026-10-02T01:21:47+00:00,yfinance 1.2.0 get_earnings_dates
DIS,2011-08-09T16:00:00-04:00,2011-08-09,2026-10-02T01:21:47+00:00,yfinance 1.2.0 get_earnings_dates
DIS,2011-11-10T16:00:00-05:00,2011-11-10,2026-10-02T01:21:47+00:00,yfinance 1.2.0 get_earnings_dates
DIS,2012-02-07T16:00:00-05:00,2012-02-07,2026-10-02T01:21:47+00:00,yfinance 1.2.0 get_earnings_dates
DIS,2012-05-08T16:00:00-04:00,2012-05-08,2026-10-02T01:21:47+00:00,yfinance 1.2.0 get_earnings_dates
DIS,2012-08-07T16:00:00-04:00,2012-08-07,2026-10-02T01:21:47+00:00,yfinance 1.2.0 get_earnings_dates
DIS,2012-11-08T16:00:00-05:00,2012-11-08,2026-10-02T01:21:47+00:00,yfinance 1.2.0 get_earnings_dates
DIS,2013-02-05T16:00:00-05:00,2013-02-05,2026-10-02T01:21:47+00:00,yfinance 1.2.0 get_earnings_dates
DIS,2013-05-07T16:00:00-04:00,2013-05-07,2026-10-02T01:21:47+00:00,yfinance 1.2.0 get_earnings_dates
DIS,2013-08-06T16:00:00-04:00,2013-08-06,2026-10-02T01:21:47+00:00,yfinance 1.2.0 get_earnings_dates
DIS,2013-11-07T16:00:00-05:00,2013-11-07,2026-10-02T01:21:47+00:00,yfinance 1.2.0 get_earnings_dates
DIS,2014-02-05T16:00:00-05:00,2014-02-05,2026-10-02T01:21:47+00:00,yfinance 1.2.0 get_earnings_dates
DIS,2014-05-06T16:00:00-04:00,2014-05-06,2026-10-02T01:21:47+00:00,yfinance 1.2.0 get_earnings_dates
DIS,2014-08-05T16:00:00-04:00,2014-08-05,2026-10-02T01:21:47+00:00,yfinance 1.2.0 get_earnings_dates
DIS,2014-11-06T16:00:00-05:00,2014-11-06,2026-10-02T01:21:47+00:00,yfinance 1.2.0 get_earnings_dates
DIS,2015-02-03T16:00:00-05:00,2015-02-03,2026-10-02T01:21:47+00:00,yfinance 1.2.0 get_earnings_dates
DIS,2015-05-05T08:00:00-04:00,2015-05-05,2026-10-02T01:21:47+00:00,yfinance 1.2.0 get_earnings_dates
DIS,2015-08-04T16:00:00-04:00,2015-08-04,2026-10-02T01:21:47+00:00,yfinance 1.2.0 get_earnings_dates
DIS,2015-11-05T16:00:00-05:00,2015-11-05,2026-10-02T01:21:47+00:00,yfinance 1.2.0 get_earnings_dates
DIS,2016-02-09T16:00:00-05:00,2016-02-09,2026-10-02T01:21:47+00:00,yfinance 1.2.0 get_earnings_dates
DIS,2016-05-10T16:00:00-04:00,2016-05-10,2026-10-02T01:21:47+00:00,yfinance 1.2.0 get_earnings_dates
DIS,2016-08-09T16:00:00-04:00,2016-08-09,2026-10-02T01:21:47+00:00,yfinance 1.2.0 get_earnings_dates
DIS,2016-11-10T16:00:00-05:00,2016-11-10,2026-10-02T01:21:47+00:00,yfinance 1.2.0 get_earnings_dates
DIS,2017-02-07T16:00:00-05:00,2017-02-07,2026-10-02T01:21:47+00:00,yfinance 1.2.0 get_earnings_dates
DIS,2017-05-09T16:00:00-04:00,2017-05-09,2026-10-02T01:21:47+00:00,yfinance 1.2.0 get_earnings_dates
DIS,2017-08-08T16:00:00-04:00,2017-08-08,2026-10-02T01:21:47+00:00,yfinance 1.2.0 get_earnings_dates
DIS,2017-11-09T16:00:00-05:00,2017-11-09,2026-10-02T01:21:47+00:00,yfinance 1.2.0 get_earnings_dates
DIS,2018-02-06T16:00:00-05:00,2018-02-06,2026-10-02T01:21:47+00:00,yfinance 1.2.0 get_earnings_dates
DIS,2018-05-08T16:00:00-04:00,2018-05-08,2026-10-02T01:21:47+00:00,yfinance 1.2.0 get_earnings_dates
DIS,2018-08-07T16:00:00-04:00,2018-08-07,2026-10-02T01:21:47+00:00,yfinance 1.2.0 get_earnings_dates
DIS,2018-11-08T16:00:00-05:00,2018-11-08,2026-10-02T01:21:47+00:00,yfinance 1.2.0 get_earnings_dates
DIS,2019-02-05T16:00:00-05:00,2019-02-05,2026-10-02T01:21:47+00:00,yfinance 1.2.0 get_earnings_dates
DIS,2019-05-08T16:00:00-04:00,2019-05-08,2026-10-02T01:21:47+00:00,yfinance 1.2.0 get_earnings_dates
DIS,2019-08-06T16:00:00-04:00,2019-08-06,2026-10-02T01:21:47+00:00,yfinance 1.2.0 get_earnings_dates
DIS,2019-11-07T16:00:00-05:00,2019-11-07,2026-10-02T01:21:47+00:00,yfinance 1.2.0 get_earnings_dates
DIS,2020-02-04T16:00:00-05:00,2020-02-04,2026-10-02T01:21:47+00:00,yfinance 1.2.0 get_earnings_dates
DIS,2020-05-05T17:00:00-04:00,2020-05-05,2026-10-02T01:21:47+00:00,yfinance 1.2.0 get_earnings_dates
DIS,2020-08-04T16:00:00-04:00,2020-08-04,2026-10-02T01:21:47+00:00,yfinance 1.2.0 get_earnings_dates
DIS,2020-11-12T16:00:00-05:00,2020-11-12,2026-10-02T01:21:47+00:00,yfinance 1.2.0 get_earnings_dates
DIS,2021-02-11T16:00:00-05:00,2021-02-11,2026-10-02T01:21:47+00:00,yfinance 1.2.0 get_earnings_dates
DIS,2021-05-13T16:00:00-04:00,2021-05-13,2026-10-02T01:21:47+00:00,yfinance 1.2.0 get_earnings_dates
DIS,2021-08-12T16:00:00-04:00,2021-08-12,2026-10-02T01:21:47+00:00,yfinance 1.2.0 get_earnings_dates
DIS,2021-11-10T16:00:00-05:00,2021-11-10,2026-10-02T01:21:47+00:00,yfinance 1.2.0 get_earnings_dates
DIS,2022-02-09T16:00:00-05:00,2022-02-09,2026-10-02T01:21:47+00:00,yfinance 1.2.0 get_earnings_dates
DIS,2022-05-11T16:00:00-04:00,2022-05-11,2026-10-02T01:21:47+00:00,yfinance 1.2.0 get_earnings_dates
DIS,2022-08-10T16:00:00-04:00,2022-08-10,2026-10-02T01:21:47+00:00,yfinance 1.2.0 get_earnings_dates
DIS,2022-11-08T16:00:00-05:00,2022-11-08,2026-10-02T01:21:47+00:00,yfinance 1.2.0 get_earnings_dates
DIS,2023-02-08T16:00:00-05:00,2023-02-08,2026-10-02T01:21:47+00:00,yfinance 1.2.0 get_earnings_dates
DIS,2023-05-10T16:00:00-04:00,2023-05-10,2026-10-02T01:21:47+00:00,yfinance 1.2.0 get_earnings_dates
DIS,2023-08-09T16:00:00-04:00,2023-08-09,2026-10-02T01:21:47+00:00,yfinance 1.2.0 get_earnings_dates
DIS,2023-11-08T16:00:00-05:00,2023-11-08,2026-10-02T01:21:47+00:00,yfinance 1.2.0 get_earnings_dates
DIS,2024-02-07T16:00:00-05:00,2024-02-07,2026-10-02T01:21:47+00:00,yfinance 1.2.0 get_earnings_dates
DIS,2024-05-07T06:00:00-04:00,2024-05-07,2026-10-02T01:21:47+00:00,yfinance 1.2.0 get_earnings_dates
DIS,2024-08-07T06:00:00-04:00,2024-08-07,2026-10-02T01:21:47+00:00,yfinance 1.2.0 get_earnings_dates
DIS,2024-11-14T06:00:00-05:00,2024-11-14,2026-10-02T01:21:47+00:00,yfinance 1.2.0 get_earnings_dates
DIS,2025-02-05T06:00:00-05:00,2025-02-05,2026-10-02T01:21:47+00:00,yfinance 1.2.0 get_earnings_dates
DIS,2025-05-07T06:00:00-04:00,2025-05-07,2026-10-02T01:21:47+00:00,yfinance 1.2.0 get_earnings_dates
DIS,2025-08-06T06:00:00-04:00,2025-08-06,2026-10-02T01:21:47+00:00,yfinance 1.2.0 get_earnings_dates
DIS,2025-11-13T06:00:00-05:00,2025-11-13,2026-10-02T01:21:47+00:00,yfinance 1.2.0 get_earnings_dates
DIS,2026-02-02T06:00:00-05:00,2026-02-02,2026-10-02T01:21:47+00:00,yfinance 1.2.0 get_earnings_dates
DIS,2026-05-06T06:00:00-04:00,2026-05-06,2026-10-02T01:21:47+00:00,yfinance 1.2.0 get_earnings_dates
DIS,2026-08-05T06:00:00-04:00,2026-08-05,2026-10-02T01:21:47+00:00,yfinance 1.2.0 get_earnings_dates
DIS,2026-11-12T07:00:00-05:00,2026-11-12,2026-10-02T01:21:47+00:00,yfinance 1.2.0 get_earnings_dates
GOOGL,2004-10-21T16:00:00-04:00,2004-10-21,2026-10-02T01:21:47+00:00,yfinance 1.2.0 get_earnings_dates
GOOGL,2005-02-01T16:00:00-05:00,2005-02-01,2026-10-02T01:21:47+00:00,yfinance 1.2.0 get_earnings_dates
GOOGL,2005-04-21T16:00:00-04:00,2005-04-21,2026-10-02T01:21:47+00:00,yfinance 1.2.0 get_earnings_dates
GOOGL,2005-07-21T16:00:00-04:00,2005-07-21,2026-10-02T01:21:47+00:00,yfinance 1.2.0 get_earnings_dates
GOOGL,2005-10-20T16:00:00-04:00,2005-10-20,2026-10-02T01:21:47+00:00,yfinance 1.2.0 get_earnings_dates
GOOGL,2006-01-31T16:00:00-05:00,2006-01-31,2026-10-02T01:21:47+00:00,yfinance 1.2.0 get_earnings_dates
GOOGL,2006-04-20T16:00:00-04:00,2006-04-20,2026-10-02T01:21:47+00:00,yfinance 1.2.0 get_earnings_dates
GOOGL,2006-07-20T16:00:00-04:00,2006-07-20,2026-10-02T01:21:47+00:00,yfinance 1.2.0 get_earnings_dates
GOOGL,2006-10-19T16:00:00-04:00,2006-10-19,2026-10-02T01:21:47+00:00,yfinance 1.2.0 get_earnings_dates
GOOGL,2007-01-31T16:00:00-05:00,2007-01-31,2026-10-02T01:21:47+00:00,yfinance 1.2.0 get_earnings_dates
GOOGL,2007-04-19T16:00:00-04:00,2007-04-19,2026-10-02T01:21:47+00:00,yfinance 1.2.0 get_earnings_dates
GOOGL,2007-07-19T16:00:00-04:00,2007-07-19,2026-10-02T01:21:47+00:00,yfinance 1.2.0 get_earnings_dates
GOOGL,2007-10-18T16:00:00-04:00,2007-10-18,2026-10-02T01:21:47+00:00,yfinance 1.2.0 get_earnings_dates
GOOGL,2008-01-31T16:00:00-05:00,2008-01-31,2026-10-02T01:21:47+00:00,yfinance 1.2.0 get_earnings_dates
GOOGL,2008-04-17T16:00:00-04:00,2008-04-17,2026-10-02T01:21:47+00:00,yfinance 1.2.0 get_earnings_dates
GOOGL,2008-07-17T16:00:00-04:00,2008-07-17,2026-10-02T01:21:47+00:00,yfinance 1.2.0 get_earnings_dates
GOOGL,2008-10-16T16:00:00-04:00,2008-10-16,2026-10-02T01:21:47+00:00,yfinance 1.2.0 get_earnings_dates
GOOGL,2009-01-22T16:00:00-05:00,2009-01-22,2026-10-02T01:21:47+00:00,yfinance 1.2.0 get_earnings_dates
GOOGL,2009-04-16T16:00:00-04:00,2009-04-16,2026-10-02T01:21:47+00:00,yfinance 1.2.0 get_earnings_dates
GOOGL,2009-07-16T16:00:00-04:00,2009-07-16,2026-10-02T01:21:47+00:00,yfinance 1.2.0 get_earnings_dates
GOOGL,2009-10-15T16:00:00-04:00,2009-10-15,2026-10-02T01:21:47+00:00,yfinance 1.2.0 get_earnings_dates
GOOGL,2010-01-21T16:00:00-05:00,2010-01-21,2026-10-02T01:21:47+00:00,yfinance 1.2.0 get_earnings_dates
GOOGL,2010-05-05T19:00:00-04:00,2010-05-05,2026-10-02T01:21:47+00:00,yfinance 1.2.0 get_earnings_dates
GOOGL,2010-07-15T16:00:00-04:00,2010-07-15,2026-10-02T01:21:47+00:00,yfinance 1.2.0 get_earnings_dates
GOOGL,2010-10-14T16:00:00-04:00,2010-10-14,2026-10-02T01:21:47+00:00,yfinance 1.2.0 get_earnings_dates
GOOGL,2011-01-20T16:00:00-05:00,2011-01-20,2026-10-02T01:21:47+00:00,yfinance 1.2.0 get_earnings_dates
GOOGL,2011-04-14T16:00:00-04:00,2011-04-14,2026-10-02T01:21:47+00:00,yfinance 1.2.0 get_earnings_dates
GOOGL,2011-07-14T16:00:00-04:00,2011-07-14,2026-10-02T01:21:47+00:00,yfinance 1.2.0 get_earnings_dates
GOOGL,2011-10-13T16:00:00-04:00,2011-10-13,2026-10-02T01:21:47+00:00,yfinance 1.2.0 get_earnings_dates
GOOGL,2012-01-19T16:00:00-05:00,2012-01-19,2026-10-02T01:21:47+00:00,yfinance 1.2.0 get_earnings_dates
GOOGL,2012-04-12T16:00:00-04:00,2012-04-12,2026-10-02T01:21:47+00:00,yfinance 1.2.0 get_earnings_dates
GOOGL,2012-07-19T16:00:00-04:00,2012-07-19,2026-10-02T01:21:47+00:00,yfinance 1.2.0 get_earnings_dates
GOOGL,2012-10-18T12:00:00-04:00,2012-10-18,2026-10-02T01:21:47+00:00,yfinance 1.2.0 get_earnings_dates
GOOGL,2013-01-22T16:00:00-05:00,2013-01-22,2026-10-02T01:21:47+00:00,yfinance 1.2.0 get_earnings_dates
GOOGL,2013-04-18T16:00:00-04:00,2013-04-18,2026-10-02T01:21:47+00:00,yfinance 1.2.0 get_earnings_dates
GOOGL,2013-07-18T16:00:00-04:00,2013-07-18,2026-10-02T01:21:47+00:00,yfinance 1.2.0 get_earnings_dates
GOOGL,2013-10-17T16:00:00-04:00,2013-10-17,2026-10-02T01:21:47+00:00,yfinance 1.2.0 get_earnings_dates
GOOGL,2014-01-30T16:00:00-05:00,2014-01-30,2026-10-02T01:21:47+00:00,yfinance 1.2.0 get_earnings_dates
GOOGL,2014-04-16T16:00:00-04:00,2014-04-16,2026-10-02T01:21:47+00:00,yfinance 1.2.0 get_earnings_dates
GOOGL,2014-07-17T16:00:00-04:00,2014-07-17,2026-10-02T01:21:47+00:00,yfinance 1.2.0 get_earnings_dates
GOOGL,2014-10-16T16:00:00-04:00,2014-10-16,2026-10-02T01:21:47+00:00,yfinance 1.2.0 get_earnings_dates
GOOGL,2015-01-29T16:00:00-05:00,2015-01-29,2026-10-02T01:21:47+00:00,yfinance 1.2.0 get_earnings_dates
GOOGL,2015-04-23T16:00:00-04:00,2015-04-23,2026-10-02T01:21:47+00:00,yfinance 1.2.0 get_earnings_dates
GOOGL,2015-07-16T16:00:00-04:00,2015-07-16,2026-10-02T01:21:47+00:00,yfinance 1.2.0 get_earnings_dates
GOOGL,2015-10-22T16:00:00-04:00,2015-10-22,2026-10-02T01:21:47+00:00,yfinance 1.2.0 get_earnings_dates
GOOGL,2016-02-01T16:00:00-05:00,2016-02-01,2026-10-02T01:21:47+00:00,yfinance 1.2.0 get_earnings_dates
GOOGL,2016-04-21T16:00:00-04:00,2016-04-21,2026-10-02T01:21:47+00:00,yfinance 1.2.0 get_earnings_dates
GOOGL,2016-07-28T16:00:00-04:00,2016-07-28,2026-10-02T01:21:47+00:00,yfinance 1.2.0 get_earnings_dates
GOOGL,2016-10-27T16:00:00-04:00,2016-10-27,2026-10-02T01:21:47+00:00,yfinance 1.2.0 get_earnings_dates
GOOGL,2017-01-26T16:00:00-05:00,2017-01-26,2026-10-02T01:21:47+00:00,yfinance 1.2.0 get_earnings_dates
GOOGL,2017-04-27T16:00:00-04:00,2017-04-27,2026-10-02T01:21:47+00:00,yfinance 1.2.0 get_earnings_dates
GOOGL,2017-07-24T16:00:00-04:00,2017-07-24,2026-10-02T01:21:47+00:00,yfinance 1.2.0 get_earnings_dates
GOOGL,2017-10-26T16:00:00-04:00,2017-10-26,2026-10-02T01:21:47+00:00,yfinance 1.2.0 get_earnings_dates
GOOGL,2018-02-01T16:00:00-05:00,2018-02-01,2026-10-02T01:21:47+00:00,yfinance 1.2.0 get_earnings_dates
GOOGL,2018-04-23T16:00:00-04:00,2018-04-23,2026-10-02T01:21:47+00:00,yfinance 1.2.0 get_earnings_dates
GOOGL,2018-07-23T16:00:00-04:00,2018-07-23,2026-10-02T01:21:47+00:00,yfinance 1.2.0 get_earnings_dates
GOOGL,2018-10-25T16:00:00-04:00,2018-10-25,2026-10-02T01:21:47+00:00,yfinance 1.2.0 get_earnings_dates
GOOGL,2019-02-04T16:00:00-05:00,2019-02-04,2026-10-02T01:21:47+00:00,yfinance 1.2.0 get_earnings_dates
GOOGL,2019-04-29T16:00:00-04:00,2019-04-29,2026-10-02T01:21:47+00:00,yfinance 1.2.0 get_earnings_dates
GOOGL,2019-07-25T16:00:00-04:00,2019-07-25,2026-10-02T01:21:47+00:00,yfinance 1.2.0 get_earnings_dates
GOOGL,2019-10-28T16:00:00-04:00,2019-10-28,2026-10-02T01:21:47+00:00,yfinance 1.2.0 get_earnings_dates
GOOGL,2020-02-03T16:00:00-05:00,2020-02-03,2026-10-02T01:21:47+00:00,yfinance 1.2.0 get_earnings_dates
GOOGL,2020-04-28T16:00:00-04:00,2020-04-28,2026-10-02T01:21:47+00:00,yfinance 1.2.0 get_earnings_dates
GOOGL,2020-07-30T16:00:00-04:00,2020-07-30,2026-10-02T01:21:47+00:00,yfinance 1.2.0 get_earnings_dates
GOOGL,2020-10-29T16:00:00-04:00,2020-10-29,2026-10-02T01:21:47+00:00,yfinance 1.2.0 get_earnings_dates
GOOGL,2021-02-02T16:00:00-05:00,2021-02-02,2026-10-02T01:21:47+00:00,yfinance 1.2.0 get_earnings_dates
GOOGL,2021-04-27T16:00:00-04:00,2021-04-27,2026-10-02T01:21:47+00:00,yfinance 1.2.0 get_earnings_dates
GOOGL,2021-07-27T16:00:00-04:00,2021-07-27,2026-10-02T01:21:47+00:00,yfinance 1.2.0 get_earnings_dates
GOOGL,2021-10-26T16:00:00-04:00,2021-10-26,2026-10-02T01:21:47+00:00,yfinance 1.2.0 get_earnings_dates
GOOGL,2022-02-01T16:00:00-05:00,2022-02-01,2026-10-02T01:21:47+00:00,yfinance 1.2.0 get_earnings_dates
GOOGL,2022-04-26T16:00:00-04:00,2022-04-26,2026-10-02T01:21:47+00:00,yfinance 1.2.0 get_earnings_dates
GOOGL,2022-07-26T16:00:00-04:00,2022-07-26,2026-10-02T01:21:47+00:00,yfinance 1.2.0 get_earnings_dates
GOOGL,2022-10-25T16:00:00-04:00,2022-10-25,2026-10-02T01:21:47+00:00,yfinance 1.2.0 get_earnings_dates
GOOGL,2023-02-02T16:00:00-05:00,2023-02-02,2026-10-02T01:21:47+00:00,yfinance 1.2.0 get_earnings_dates
GOOGL,2023-04-25T16:00:00-04:00,2023-04-25,2026-10-02T01:21:47+00:00,yfinance 1.2.0 get_earnings_dates
GOOGL,2023-07-25T16:00:00-04:00,2023-07-25,2026-10-02T01:21:47+00:00,yfinance 1.2.0 get_earnings_dates
GOOGL,2023-10-24T16:00:00-04:00,2023-10-24,2026-10-02T01:21:47+00:00,yfinance 1.2.0 get_earnings_dates
GOOGL,2024-01-30T16:00:00-05:00,2024-01-30,2026-10-02T01:21:47+00:00,yfinance 1.2.0 get_earnings_dates
GOOGL,2024-04-25T16:00:00-04:00,2024-04-25,2026-10-02T01:21:47+00:00,yfinance 1.2.0 get_earnings_dates
GOOGL,2024-07-23T16:00:00-04:00,2024-07-23,2026-10-02T01:21:47+00:00,yfinance 1.2.0 get_earnings_dates
GOOGL,2024-10-29T16:00:00-04:00,2024-10-29,2026-10-02T01:21:47+00:00,yfinance 1.2.0 get_earnings_dates
GOOGL,2025-02-04T16:00:00-05:00,2025-02-04,2026-10-02T01:21:47+00:00,yfinance 1.2.0 get_earnings_dates
GOOGL,2025-04-24T16:00:00-04:00,2025-04-24,2026-10-02T01:21:47+00:00,yfinance 1.2.0 get_earnings_dates
GOOGL,2025-07-23T16:00:00-04:00,2025-07-23,2026-10-02T01:21:47+00:00,yfinance 1.2.0 get_earnings_dates
GOOGL,2025-10-29T16:00:00-04:00,2025-10-29,2026-10-02T01:21:47+00:00,yfinance 1.2.0 get_earnings_dates
GOOGL,2026-02-04T16:00:00-05:00,2026-02-04,2026-10-02T01:21:47+00:00,yfinance 1.2.0 get_earnings_dates
GOOGL,2026-04-29T16:00:00-04:00,2026-04-29,2026-10-02T01:21:47+00:00,yfinance 1.2.0 get_earnings_dates
GOOGL,2026-07-22T16:00:00-04:00,2026-07-22,2026-10-02T01:21:47+00:00,yfinance 1.2.0 get_earnings_dates
GOOGL,2026-10-28T16:00:00-04:00,2026-10-28,2026-10-02T01:21:47+00:00,yfinance 1.2.0 get_earnings_dates
JNJ,2002-01-22T08:00:00-05:00,2002-01-22,2026-10-02T01:21:47+00:00,yfinance 1.2.0 get_earnings_dates
JNJ,2002-04-16T08:00:00-04:00,2002-04-16,2026-10-02T01:21:47+00:00,yfinance 1.2.0 get_earnings_dates
JNJ,2002-07-16T08:00:00-04:00,2002-07-16,2026-10-02T01:21:47+00:00,yfinance 1.2.0 get_earnings_dates
JNJ,2002-10-15T08:00:00-04:00,2002-10-15,2026-10-02T01:21:47+00:00,yfinance 1.2.0 get_earnings_dates
JNJ,2003-01-21T08:00:00-05:00,2003-01-21,2026-10-02T01:21:47+00:00,yfinance 1.2.0 get_earnings_dates
JNJ,2003-04-15T08:00:00-04:00,2003-04-15,2026-10-02T01:21:47+00:00,yfinance 1.2.0 get_earnings_dates
JNJ,2003-07-15T08:00:00-04:00,2003-07-15,2026-10-02T01:21:47+00:00,yfinance 1.2.0 get_earnings_dates
JNJ,2003-10-14T08:00:00-04:00,2003-10-14,2026-10-02T01:21:47+00:00,yfinance 1.2.0 get_earnings_dates
JNJ,2004-01-20T08:00:00-05:00,2004-01-20,2026-10-02T01:21:47+00:00,yfinance 1.2.0 get_earnings_dates
JNJ,2004-04-13T08:00:00-04:00,2004-04-13,2026-10-02T01:21:47+00:00,yfinance 1.2.0 get_earnings_dates
JNJ,2004-07-13T08:00:00-04:00,2004-07-13,2026-10-02T01:21:47+00:00,yfinance 1.2.0 get_earnings_dates
JNJ,2004-10-12T08:00:00-04:00,2004-10-12,2026-10-02T01:21:47+00:00,yfinance 1.2.0 get_earnings_dates
JNJ,2005-01-25T08:00:00-05:00,2005-01-25,2026-10-02T01:21:47+00:00,yfinance 1.2.0 get_earnings_dates
JNJ,2005-04-19T08:00:00-04:00,2005-04-19,2026-10-02T01:21:47+00:00,yfinance 1.2.0 get_earnings_dates
JNJ,2005-07-19T08:00:00-04:00,2005-07-19,2026-10-02T01:21:47+00:00,yfinance 1.2.0 get_earnings_dates
JNJ,2005-10-18T08:00:00-04:00,2005-10-18,2026-10-02T01:21:47+00:00,yfinance 1.2.0 get_earnings_dates
JNJ,2006-01-24T08:00:00-05:00,2006-01-24,2026-10-02T01:21:47+00:00,yfinance 1.2.0 get_earnings_dates
JNJ,2006-04-18T08:00:00-04:00,2006-04-18,2026-10-02T01:21:47+00:00,yfinance 1.2.0 get_earnings_dates
JNJ,2006-07-18T08:00:00-04:00,2006-07-18,2026-10-02T01:21:47+00:00,yfinance 1.2.0 get_earnings_dates
JNJ,2006-10-17T08:00:00-04:00,2006-10-17,2026-10-02T01:21:47+00:00,yfinance 1.2.0 get_earnings_dates
JNJ,2007-01-23T08:00:00-05:00,2007-01-23,2026-10-02T01:21:47+00:00,yfinance 1.2.0 get_earnings_dates
JNJ,2007-04-17T08:00:00-04:00,2007-04-17,2026-10-02T01:21:47+00:00,yfinance 1.2.0 get_earnings_dates
JNJ,2007-07-16T19:00:00-04:00,2007-07-16,2026-10-02T01:21:47+00:00,yfinance 1.2.0 get_earnings_dates
JNJ,2007-10-16T07:00:00-04:00,2007-10-16,2026-10-02T01:21:47+00:00,yfinance 1.2.0 get_earnings_dates
JNJ,2008-01-22T07:00:00-05:00,2008-01-22,2026-10-02T01:21:47+00:00,yfinance 1.2.0 get_earnings_dates
JNJ,2008-04-15T08:00:00-04:00,2008-04-15,2026-10-02T01:21:47+00:00,yfinance 1.2.0 get_earnings_dates
JNJ,2008-07-15T07:00:00-04:00,2008-07-15,2026-10-02T01:21:47+00:00,yfinance 1.2.0 get_earnings_dates
JNJ,2008-10-14T07:00:00-04:00,2008-10-14,2026-10-02T01:21:47+00:00,yfinance 1.2.0 get_earnings_dates
JNJ,2009-01-20T07:00:00-05:00,2009-01-20,2026-10-02T01:21:47+00:00,yfinance 1.2.0 get_earnings_dates
JNJ,2009-04-14T07:00:00-04:00,2009-04-14,2026-10-02T01:21:47+00:00,yfinance 1.2.0 get_earnings_dates
JNJ,2009-07-14T07:00:00-04:00,2009-07-14,2026-10-02T01:21:47+00:00,yfinance 1.2.0 get_earnings_dates
JNJ,2009-10-13T07:00:00-04:00,2009-10-13,2026-10-02T01:21:47+00:00,yfinance 1.2.0 get_earnings_dates
JNJ,2010-01-26T07:00:00-05:00,2010-01-26,2026-10-02T01:21:47+00:00,yfinance 1.2.0 get_earnings_dates
JNJ,2010-04-20T06:00:00-04:00,2010-04-20,2026-10-02T01:21:47+00:00,yfinance 1.2.0 get_earnings_dates
JNJ,2010-07-20T07:00:00-04:00,2010-07-20,2026-10-02T01:21:47+00:00,yfinance 1.2.0 get_earnings_dates
JNJ,2010-10-19T07:00:00-04:00,2010-10-19,2026-10-02T01:21:47+00:00,yfinance 1.2.0 get_earnings_dates
JNJ,2011-01-25T07:00:00-05:00,2011-01-25,2026-10-02T01:21:47+00:00,yfinance 1.2.0 get_earnings_dates
JNJ,2011-04-19T07:00:00-04:00,2011-04-19,2026-10-02T01:21:47+00:00,yfinance 1.2.0 get_earnings_dates
JNJ,2011-07-19T07:00:00-04:00,2011-07-19,2026-10-02T01:21:47+00:00,yfinance 1.2.0 get_earnings_dates
JNJ,2011-10-18T07:00:00-04:00,2011-10-18,2026-10-02T01:21:47+00:00,yfinance 1.2.0 get_earnings_dates
JNJ,2012-01-24T07:00:00-05:00,2012-01-24,2026-10-02T01:21:47+00:00,yfinance 1.2.0 get_earnings_dates
JNJ,2012-04-17T07:00:00-04:00,2012-04-17,2026-10-02T01:21:47+00:00,yfinance 1.2.0 get_earnings_dates
JNJ,2012-07-17T07:00:00-04:00,2012-07-17,2026-10-02T01:21:47+00:00,yfinance 1.2.0 get_earnings_dates
JNJ,2012-10-16T07:00:00-04:00,2012-10-16,2026-10-02T01:21:47+00:00,yfinance 1.2.0 get_earnings_dates
JNJ,2013-01-22T07:00:00-05:00,2013-01-22,2026-10-02T01:21:47+00:00,yfinance 1.2.0 get_earnings_dates
JNJ,2013-04-16T07:00:00-04:00,2013-04-16,2026-10-02T01:21:47+00:00,yfinance 1.2.0 get_earnings_dates
JNJ,2013-07-16T07:00:00-04:00,2013-07-16,2026-10-02T01:21:47+00:00,yfinance 1.2.0 get_earnings_dates
JNJ,2013-10-15T07:00:00-04:00,2013-10-15,2026-10-02T01:21:47+00:00,yfinance 1.2.0 get_earnings_dates
JNJ,2014-01-21T07:00:00-05:00,2014-01-21,2026-10-02T01:21:47+00:00,yfinance 1.2.0 get_earnings_dates
JNJ,2014-04-15T07:00:00-04:00,2014-04-15,2026-10-02T01:21:47+00:00,yfinance 1.2.0 get_earnings_dates
JNJ,2014-07-15T07:00:00-04:00,2014-07-15,2026-10-02T01:21:47+00:00,yfinance 1.2.0 get_earnings_dates
JNJ,2014-10-14T07:00:00-04:00,2014-10-14,2026-10-02T01:21:47+00:00,yfinance 1.2.0 get_earnings_dates
JNJ,2015-01-20T07:00:00-05:00,2015-01-20,2026-10-02T01:21:47+00:00,yfinance 1.2.0 get_earnings_dates
JNJ,2015-04-14T07:00:00-04:00,2015-04-14,2026-10-02T01:21:47+00:00,yfinance 1.2.0 get_earnings_dates
JNJ,2015-07-14T07:00:00-04:00,2015-07-14,2026-10-02T01:21:47+00:00,yfinance 1.2.0 get_earnings_dates
JNJ,2015-10-13T07:00:00-04:00,2015-10-13,2026-10-02T01:21:47+00:00,yfinance 1.2.0 get_earnings_dates
JNJ,2016-01-26T06:00:00-05:00,2016-01-26,2026-10-02T01:21:47+00:00,yfinance 1.2.0 get_earnings_dates
JNJ,2016-04-19T06:00:00-04:00,2016-04-19,2026-10-02T01:21:47+00:00,yfinance 1.2.0 get_earnings_dates
JNJ,2016-07-19T06:00:00-04:00,2016-07-19,2026-10-02T01:21:47+00:00,yfinance 1.2.0 get_earnings_dates
JNJ,2016-10-18T06:00:00-04:00,2016-10-18,2026-10-02T01:21:47+00:00,yfinance 1.2.0 get_earnings_dates
JNJ,2017-01-24T06:00:00-05:00,2017-01-24,2026-10-02T01:21:47+00:00,yfinance 1.2.0 get_earnings_dates
JNJ,2017-04-18T06:00:00-04:00,2017-04-18,2026-10-02T01:21:47+00:00,yfinance 1.2.0 get_earnings_dates
JNJ,2017-07-18T06:00:00-04:00,2017-07-18,2026-10-02T01:21:47+00:00,yfinance 1.2.0 get_earnings_dates
JNJ,2017-10-17T06:00:00-04:00,2017-10-17,2026-10-02T01:21:47+00:00,yfinance 1.2.0 get_earnings_dates
JNJ,2018-01-23T06:00:00-05:00,2018-01-23,2026-10-02T01:21:47+00:00,yfinance 1.2.0 get_earnings_dates
JNJ,2018-04-17T06:00:00-04:00,2018-04-17,2026-10-02T01:21:47+00:00,yfinance 1.2.0 get_earnings_dates
JNJ,2018-07-17T06:00:00-04:00,2018-07-17,2026-10-02T01:21:47+00:00,yfinance 1.2.0 get_earnings_dates
JNJ,2018-10-16T06:00:00-04:00,2018-10-16,2026-10-02T01:21:47+00:00,yfinance 1.2.0 get_earnings_dates
JNJ,2019-01-22T06:00:00-05:00,2019-01-22,2026-10-02T01:21:47+00:00,yfinance 1.2.0 get_earnings_dates
JNJ,2019-04-16T06:00:00-04:00,2019-04-16,2026-10-02T01:21:47+00:00,yfinance 1.2.0 get_earnings_dates
JNJ,2019-07-16T06:00:00-04:00,2019-07-16,2026-10-02T01:21:47+00:00,yfinance 1.2.0 get_earnings_dates
JNJ,2019-10-15T06:00:00-04:00,2019-10-15,2026-10-02T01:21:47+00:00,yfinance 1.2.0 get_earnings_dates
JNJ,2020-01-22T06:00:00-05:00,2020-01-22,2026-10-02T01:21:47+00:00,yfinance 1.2.0 get_earnings_dates
JNJ,2020-04-14T07:00:00-04:00,2020-04-14,2026-10-02T01:21:47+00:00,yfinance 1.2.0 get_earnings_dates
JNJ,2020-07-16T06:00:00-04:00,2020-07-16,2026-10-02T01:21:47+00:00,yfinance 1.2.0 get_earnings_dates
JNJ,2020-10-13T06:00:00-04:00,2020-10-13,2026-10-02T01:21:47+00:00,yfinance 1.2.0 get_earnings_dates
JNJ,2021-01-26T06:00:00-05:00,2021-01-26,2026-10-02T01:21:47+00:00,yfinance 1.2.0 get_earnings_dates
JNJ,2021-04-20T06:00:00-04:00,2021-04-20,2026-10-02T01:21:47+00:00,yfinance 1.2.0 get_earnings_dates
JNJ,2021-07-21T06:00:00-04:00,2021-07-21,2026-10-02T01:21:47+00:00,yfinance 1.2.0 get_earnings_dates
JNJ,2021-10-19T06:00:00-04:00,2021-10-19,2026-10-02T01:21:47+00:00,yfinance 1.2.0 get_earnings_dates
JNJ,2022-01-25T06:00:00-05:00,2022-01-25,2026-10-02T01:21:47+00:00,yfinance 1.2.0 get_earnings_dates
JNJ,2022-04-19T06:00:00-04:00,2022-04-19,2026-10-02T01:21:47+00:00,yfinance 1.2.0 get_earnings_dates
JNJ,2022-07-19T06:00:00-04:00,2022-07-19,2026-10-02T01:21:47+00:00,yfinance 1.2.0 get_earnings_dates
JNJ,2022-10-18T06:00:00-04:00,2022-10-18,2026-10-02T01:21:47+00:00,yfinance 1.2.0 get_earnings_dates
JNJ,2023-01-24T06:00:00-05:00,2023-01-24,2026-10-02T01:21:47+00:00,yfinance 1.2.0 get_earnings_dates
JNJ,2023-04-18T06:00:00-04:00,2023-04-18,2026-10-02T01:21:47+00:00,yfinance 1.2.0 get_earnings_dates
JNJ,2023-07-20T06:00:00-04:00,2023-07-20,2026-10-02T01:21:47+00:00,yfinance 1.2.0 get_earnings_dates
JNJ,2023-10-17T06:00:00-04:00,2023-10-17,2026-10-02T01:21:47+00:00,yfinance 1.2.0 get_earnings_dates
JNJ,2024-01-23T06:00:00-05:00,2024-01-23,2026-10-02T01:21:47+00:00,yfinance 1.2.0 get_earnings_dates
JNJ,2024-04-16T06:00:00-04:00,2024-04-16,2026-10-02T01:21:47+00:00,yfinance 1.2.0 get_earnings_dates
JNJ,2024-07-17T06:00:00-04:00,2024-07-17,2026-10-02T01:21:47+00:00,yfinance 1.2.0 get_earnings_dates
JNJ,2024-10-15T06:00:00-04:00,2024-10-15,2026-10-02T01:21:47+00:00,yfinance 1.2.0 get_earnings_dates
JNJ,2025-01-22T06:00:00-05:00,2025-01-22,2026-10-02T01:21:47+00:00,yfinance 1.2.0 get_earnings_dates
JNJ,2025-04-15T06:00:00-04:00,2025-04-15,2026-10-02T01:21:47+00:00,yfinance 1.2.0 get_earnings_dates
JNJ,2025-07-16T06:00:00-04:00,2025-07-16,2026-10-02T01:21:47+00:00,yfinance 1.2.0 get_earnings_dates
JNJ,2025-10-14T06:00:00-04:00,2025-10-14,2026-10-02T01:21:47+00:00,yfinance 1.2.0 get_earnings_dates
JNJ,2026-01-21T06:00:00-05:00,2026-01-21,2026-10-02T01:21:47+00:00,yfinance 1.2.0 get_earnings_dates
JNJ,2026-04-14T06:00:00-04:00,2026-04-14,2026-10-02T01:21:47+00:00,yfinance 1.2.0 get_earnings_dates
JNJ,2026-07-15T06:00:00-04:00,2026-07-15,2026-10-02T01:21:47+00:00,yfinance 1.2.0 get_earnings_dates
JNJ,2026-10-13T08:00:00-04:00,2026-10-13,2026-10-02T01:21:47+00:00,yfinance 1.2.0 get_earnings_dates
JPM,2002-01-16T07:00:00-05:00,2002-01-16,2026-10-02T01:21:47+00:00,yfinance 1.2.0 get_earnings_dates
JPM,2002-04-17T07:00:00-04:00,2002-04-17,2026-10-02T01:21:47+00:00,yfinance 1.2.0 get_earnings_dates
JPM,2002-07-17T07:00:00-04:00,2002-07-17,2026-10-02T01:21:47+00:00,yfinance 1.2.0 get_earnings_dates
JPM,2002-10-16T07:00:00-04:00,2002-10-16,2026-10-02T01:21:47+00:00,yfinance 1.2.0 get_earnings_dates
JPM,2003-01-22T07:00:00-05:00,2003-01-22,2026-10-02T01:21:47+00:00,yfinance 1.2.0 get_earnings_dates
JPM,2003-04-16T07:00:00-04:00,2003-04-16,2026-10-02T01:21:47+00:00,yfinance 1.2.0 get_earnings_dates
JPM,2003-07-16T07:00:00-04:00,2003-07-16,2026-10-02T01:21:47+00:00,yfinance 1.2.0 get_earnings_dates
JPM,2003-10-22T07:00:00-04:00,2003-10-22,2026-10-02T01:21:47+00:00,yfinance 1.2.0 get_earnings_dates
JPM,2004-01-21T07:00:00-05:00,2004-01-21,2026-10-02T01:21:47+00:00,yfinance 1.2.0 get_earnings_dates
JPM,2004-04-21T07:00:00-04:00,2004-04-21,2026-10-02T01:21:47+00:00,yfinance 1.2.0 get_earnings_dates
JPM,2004-07-21T06:00:00-04:00,2004-07-21,2026-10-02T01:21:47+00:00,yfinance 1.2.0 get_earnings_dates
JPM,2004-10-20T07:00:00-04:00,2004-10-20,2026-10-02T01:21:47+00:00,yfinance 1.2.0 get_earnings_dates
JPM,2005-01-19T06:00:00-05:00,2005-01-19,2026-10-02T01:21:47+00:00,yfinance 1.2.0 get_earnings_dates
JPM,2005-04-20T06:00:00-04:00,2005-04-20,2026-10-02T01:21:47+00:00,yfinance 1.2.0 get_earnings_dates
JPM,2005-07-20T06:00:00-04:00,2005-07-20,2026-10-02T01:21:47+00:00,yfinance 1.2.0 get_earnings_dates
JPM,2005-10-19T06:00:00-04:00,2005-10-19,2026-10-02T01:21:47+00:00,yfinance 1.2.0 get_earnings_dates
JPM,2006-01-18T07:00:00-05:00,2006-01-18,2026-10-02T01:21:47+00:00,yfinance 1.2.0 get_earnings_dates
JPM,2006-04-19T06:00:00-04:00,2006-04-19,2026-10-02T01:21:47+00:00,yfinance 1.2.0 get_earnings_dates
JPM,2006-07-19T06:00:00-04:00,2006-07-19,2026-10-02T01:21:47+00:00,yfinance 1.2.0 get_earnings_dates
JPM,2006-10-18T06:00:00-04:00,2006-10-18,2026-10-02T01:21:47+00:00,yfinance 1.2.0 get_earnings_dates
JPM,2007-01-17T07:00:00-05:00,2007-01-17,2026-10-02T01:21:47+00:00,yfinance 1.2.0 get_earnings_dates
JPM,2007-04-18T06:00:00-04:00,2007-04-18,2026-10-02T01:21:47+00:00,yfinance 1.2.0 get_earnings_dates
JPM,2007-07-18T06:00:00-04:00,2007-07-18,2026-10-02T01:21:47+00:00,yfinance 1.2.0 get_earnings_dates
JPM,2007-10-17T06:00:00-04:00,2007-10-17,2026-10-02T01:21:47+00:00,yfinance 1.2.0 get_earnings_dates
JPM,2008-01-16T06:00:00-05:00,2008-01-16,2026-10-02T01:21:47+00:00,yfinance 1.2.0 get_earnings_dates
JPM,2008-04-16T06:00:00-04:00,2008-04-16,2026-10-02T01:21:47+00:00,yfinance 1.2.0 get_earnings_dates
JPM,2008-07-17T06:00:00-04:00,2008-07-17,2026-10-02T01:21:47+00:00,yfinance 1.2.0 get_earnings_dates
JPM,2008-10-15T06:00:00-04:00,2008-10-15,2026-10-02T01:21:47+00:00,yfinance 1.2.0 get_earnings_dates
JPM,2009-01-15T06:00:00-05:00,2009-01-15,2026-10-02T01:21:47+00:00,yfinance 1.2.0 get_earnings_dates
JPM,2009-04-16T06:00:00-04:00,2009-04-16,2026-10-02T01:21:47+00:00,yfinance 1.2.0 get_earnings_dates
JPM,2009-07-16T06:00:00-04:00,2009-07-16,2026-10-02T01:21:47+00:00,yfinance 1.2.0 get_earnings_dates
JPM,2009-10-14T06:00:00-04:00,2009-10-14,2026-10-02T01:21:47+00:00,yfinance 1.2.0 get_earnings_dates
JPM,2010-01-15T06:00:00-05:00,2010-01-15,2026-10-02T01:21:47+00:00,yfinance 1.2.0 get_earnings_dates
JPM,2010-04-14T05:00:00-04:00,2010-04-14,2026-10-02T01:21:47+00:00,yfinance 1.2.0 get_earnings_dates
JPM,2010-07-15T06:00:00-04:00,2010-07-15,2026-10-02T01:21:47+00:00,yfinance 1.2.0 get_earnings_dates
JPM,2010-10-13T06:00:00-04:00,2010-10-13,2026-10-02T01:21:47+00:00,yfinance 1.2.0 get_earnings_dates
JPM,2011-01-14T07:00:00-05:00,2011-01-14,2026-10-02T01:21:47+00:00,yfinance 1.2.0 get_earnings_dates
JPM,2011-04-13T06:00:00-04:00,2011-04-13,2026-10-02T01:21:47+00:00,yfinance 1.2.0 get_earnings_dates
JPM,2011-07-14T06:00:00-04:00,2011-07-14,2026-10-02T01:21:47+00:00,yfinance 1.2.0 get_earnings_dates
JPM,2011-10-13T06:00:00-04:00,2011-10-13,2026-10-02T01:21:47+00:00,yfinance 1.2.0 get_earnings_dates
JPM,2012-01-13T06:00:00-05:00,2012-01-13,2026-10-02T01:21:47+00:00,yfinance 1.2.0 get_earnings_dates
JPM,2012-04-13T07:00:00-04:00,2012-04-13,2026-10-02T01:21:47+00:00,yfinance 1.2.0 get_earnings_dates
JPM,2012-07-13T06:00:00-04:00,2012-07-13,2026-10-02T01:21:47+00:00,yfinance 1.2.0 get_earnings_dates
JPM,2012-10-12T06:00:00-04:00,2012-10-12,2026-10-02T01:21:47+00:00,yfinance 1.2.0 get_earnings_dates
JPM,2013-01-16T06:00:00-05:00,2013-01-16,2026-10-02T01:21:47+00:00,yfinance 1.2.0 get_earnings_dates
JPM,2013-04-12T06:00:00-04:00,2013-04-12,2026-10-02T01:21:47+00:00,yfinance 1.2.0 get_earnings_dates
JPM,2013-07-12T06:00:00-04:00,2013-07-12,2026-10-02T01:21:47+00:00,yfinance 1.2.0 get_earnings_dates
JPM,2013-10-11T06:00:00-04:00,2013-10-11,2026-10-02T01:21:47+00:00,yfinance 1.2.0 get_earnings_dates
JPM,2014-01-14T06:00:00-05:00,2014-01-14,2026-10-02T01:21:47+00:00,yfinance 1.2.0 get_earnings_dates
JPM,2014-04-11T07:00:00-04:00,2014-04-11,2026-10-02T01:21:47+00:00,yfinance 1.2.0 get_earnings_dates
JPM,2014-07-15T06:00:00-04:00,2014-07-15,2026-10-02T01:21:47+00:00,yfinance 1.2.0 get_earnings_dates
JPM,2014-10-14T06:00:00-04:00,2014-10-14,2026-10-02T01:21:47+00:00,yfinance 1.2.0 get_earnings_dates
JPM,2015-01-14T06:00:00-05:00,2015-01-14,2026-10-02T01:21:47+00:00,yfinance 1.2.0 get_earnings_dates
JPM,2015-04-14T07:00:00-04:00,2015-04-14,2026-10-02T01:21:47+00:00,yfinance 1.2.0 get_earnings_dates
JPM,2015-07-14T07:00:00-04:00,2015-07-14,2026-10-02T01:21:47+00:00,yfinance 1.2.0 get_earnings_dates
JPM,2015-10-13T16:00:00-04:00,2015-10-13,2026-10-02T01:21:47+00:00,yfinance 1.2.0 get_earnings_dates
JPM,2016-01-14T06:00:00-05:00,2016-01-14,2026-10-02T01:21:47+00:00,yfinance 1.2.0 get_earnings_dates
JPM,2016-04-13T06:00:00-04:00,2016-04-13,2026-10-02T01:21:47+00:00,yfinance 1.2.0 get_earnings_dates
JPM,2016-07-14T06:00:00-04:00,2016-07-14,2026-10-02T01:21:47+00:00,yfinance 1.2.0 get_earnings_dates
JPM,2016-10-14T02:00:00-04:00,2016-10-14,2026-10-02T01:21:47+00:00,yfinance 1.2.0 get_earnings_dates
JPM,2017-01-13T07:00:00-05:00,2017-01-13,2026-10-02T01:21:47+00:00,yfinance 1.2.0 get_earnings_dates
JPM,2017-04-13T06:00:00-04:00,2017-04-13,2026-10-02T01:21:47+00:00,yfinance 1.2.0 get_earnings_dates
JPM,2017-07-14T06:00:00-04:00,2017-07-14,2026-10-02T01:21:47+00:00,yfinance 1.2.0 get_earnings_dates
JPM,2017-10-12T06:00:00-04:00,2017-10-12,2026-10-02T01:21:47+00:00,yfinance 1.2.0 get_earnings_dates
JPM,2018-01-12T06:00:00-05:00,2018-01-12,2026-10-02T01:21:47+00:00,yfinance 1.2.0 get_earnings_dates
JPM,2018-04-13T06:00:00-04:00,2018-04-13,2026-10-02T01:21:47+00:00,yfinance 1.2.0 get_earnings_dates
JPM,2018-07-13T06:00:00-04:00,2018-07-13,2026-10-02T01:21:47+00:00,yfinance 1.2.0 get_earnings_dates
JPM,2018-10-12T06:00:00-04:00,2018-10-12,2026-10-02T01:21:47+00:00,yfinance 1.2.0 get_earnings_dates
JPM,2019-01-15T06:00:00-05:00,2019-01-15,2026-10-02T01:21:47+00:00,yfinance 1.2.0 get_earnings_dates
JPM,2019-04-12T06:00:00-04:00,2019-04-12,2026-10-02T01:21:47+00:00,yfinance 1.2.0 get_earnings_dates
JPM,2019-07-16T06:00:00-04:00,2019-07-16,2026-10-02T01:21:47+00:00,yfinance 1.2.0 get_earnings_dates
JPM,2019-10-15T06:00:00-04:00,2019-10-15,2026-10-02T01:21:47+00:00,yfinance 1.2.0 get_earnings_dates
JPM,2020-01-14T06:00:00-05:00,2020-01-14,2026-10-02T01:21:47+00:00,yfinance 1.2.0 get_earnings_dates
JPM,2020-04-14T06:00:00-04:00,2020-04-14,2026-10-02T01:21:47+00:00,yfinance 1.2.0 get_earnings_dates
JPM,2020-07-14T06:00:00-04:00,2020-07-14,2026-10-02T01:21:47+00:00,yfinance 1.2.0 get_earnings_dates
JPM,2020-10-13T06:00:00-04:00,2020-10-13,2026-10-02T01:21:47+00:00,yfinance 1.2.0 get_earnings_dates
JPM,2021-01-15T06:00:00-05:00,2021-01-15,2026-10-02T01:21:47+00:00,yfinance 1.2.0 get_earnings_dates
JPM,2021-04-14T06:00:00-04:00,2021-04-14,2026-10-02T01:21:47+00:00,yfinance 1.2.0 get_earnings_dates
JPM,2021-07-13T06:00:00-04:00,2021-07-13,2026-10-02T01:21:47+00:00,yfinance 1.2.0 get_earnings_dates
JPM,2021-10-13T06:00:00-04:00,2021-10-13,2026-10-02T01:21:47+00:00,yfinance 1.2.0 get_earnings_dates
JPM,2022-01-14T06:00:00-05:00,2022-01-14,2026-10-02T01:21:47+00:00,yfinance 1.2.0 get_earnings_dates
JPM,2022-04-13T06:00:00-04:00,2022-04-13,2026-10-02T01:21:47+00:00,yfinance 1.2.0 get_earnings_dates
JPM,2022-07-14T06:00:00-04:00,2022-07-14,2026-10-02T01:21:47+00:00,yfinance 1.2.0 get_earnings_dates
JPM,2022-10-14T06:00:00-04:00,2022-10-14,2026-10-02T01:21:47+00:00,yfinance 1.2.0 get_earnings_dates
JPM,2023-01-13T06:00:00-05:00,2023-01-13,2026-10-02T01:21:47+00:00,yfinance 1.2.0 get_earnings_dates
JPM,2023-04-14T06:00:00-04:00,2023-04-14,2026-10-02T01:21:47+00:00,yfinance 1.2.0 get_earnings_dates
JPM,2023-07-14T06:00:00-04:00,2023-07-14,2026-10-02T01:21:47+00:00,yfinance 1.2.0 get_earnings_dates
JPM,2023-10-13T06:00:00-04:00,2023-10-13,2026-10-02T01:21:47+00:00,yfinance 1.2.0 get_earnings_dates
JPM,2024-01-12T06:00:00-05:00,2024-01-12,2026-10-02T01:21:47+00:00,yfinance 1.2.0 get_earnings_dates
JPM,2024-04-12T06:00:00-04:00,2024-04-12,2026-10-02T01:21:47+00:00,yfinance 1.2.0 get_earnings_dates
JPM,2024-07-12T06:00:00-04:00,2024-07-12,2026-10-02T01:21:47+00:00,yfinance 1.2.0 get_earnings_dates
JPM,2024-10-11T06:00:00-04:00,2024-10-11,2026-10-02T01:21:47+00:00,yfinance 1.2.0 get_earnings_dates
JPM,2025-01-15T06:00:00-05:00,2025-01-15,2026-10-02T01:21:47+00:00,yfinance 1.2.0 get_earnings_dates
JPM,2025-04-11T06:00:00-04:00,2025-04-11,2026-10-02T01:21:47+00:00,yfinance 1.2.0 get_earnings_dates
JPM,2025-07-15T06:00:00-04:00,2025-07-15,2026-10-02T01:21:47+00:00,yfinance 1.2.0 get_earnings_dates
JPM,2025-10-14T06:00:00-04:00,2025-10-14,2026-10-02T01:21:47+00:00,yfinance 1.2.0 get_earnings_dates
JPM,2026-01-13T06:00:00-05:00,2026-01-13,2026-10-02T01:21:47+00:00,yfinance 1.2.0 get_earnings_dates
JPM,2026-04-14T06:00:00-04:00,2026-04-14,2026-10-02T01:21:47+00:00,yfinance 1.2.0 get_earnings_dates
JPM,2026-07-14T06:00:00-04:00,2026-07-14,2026-10-02T01:21:47+00:00,yfinance 1.2.0 get_earnings_dates
JPM,2026-10-13T08:00:00-04:00,2026-10-13,2026-10-02T01:21:47+00:00,yfinance 1.2.0 get_earnings_dates
KO,2002-01-29T07:00:00-05:00,2002-01-29,2026-10-02T01:21:47+00:00,yfinance 1.2.0 get_earnings_dates
KO,2002-04-16T07:00:00-04:00,2002-04-16,2026-10-02T01:21:47+00:00,yfinance 1.2.0 get_earnings_dates
KO,2002-07-17T07:00:00-04:00,2002-07-17,2026-10-02T01:21:47+00:00,yfinance 1.2.0 get_earnings_dates
KO,2002-10-16T07:00:00-04:00,2002-10-16,2026-10-02T01:21:47+00:00,yfinance 1.2.0 get_earnings_dates
KO,2003-02-12T07:00:00-05:00,2003-02-12,2026-10-02T01:21:47+00:00,yfinance 1.2.0 get_earnings_dates
KO,2003-04-16T07:00:00-04:00,2003-04-16,2026-10-02T01:21:47+00:00,yfinance 1.2.0 get_earnings_dates
KO,2003-07-17T06:00:00-04:00,2003-07-17,2026-10-02T01:21:47+00:00,yfinance 1.2.0 get_earnings_dates
KO,2003-10-16T06:00:00-04:00,2003-10-16,2026-10-02T01:21:47+00:00,yfinance 1.2.0 get_earnings_dates
KO,2004-02-11T06:00:00-05:00,2004-02-11,2026-10-02T01:21:47+00:00,yfinance 1.2.0 get_earnings_dates
KO,2004-04-21T06:00:00-04:00,2004-04-21,2026-10-02T01:21:47+00:00,yfinance 1.2.0 get_earnings_dates
KO,2004-07-22T16:00:00-04:00,2004-07-22,2026-10-02T01:21:47+00:00,yfinance 1.2.0 get_earnings_dates
KO,2004-10-21T16:00:00-04:00,2004-10-21,2026-10-02T01:21:47+00:00,yfinance 1.2.0 get_earnings_dates
KO,2005-02-16T07:00:00-05:00,2005-02-16,2026-10-02T01:21:47+00:00,yfinance 1.2.0 get_earnings_dates
KO,2005-04-19T06:00:00-04:00,2005-04-19,2026-10-02T01:21:47+00:00,yfinance 1.2.0 get_earnings_dates
KO,2005-07-21T06:00:00-04:00,2005-07-21,2026-10-02T01:21:47+00:00,yfinance 1.2.0 get_earnings_dates
KO,2005-10-20T06:00:00-04:00,2005-10-20,2026-10-02T01:21:47+00:00,yfinance 1.2.0 get_earnings_dates
KO,2006-02-07T06:00:00-05:00,2006-02-07,2026-10-02T01:21:47+00:00,yfinance 1.2.0 get_earnings_dates
KO,2006-04-19T06:00:00-04:00,2006-04-19,2026-10-02T01:21:47+00:00,yfinance 1.2.0 get_earnings_dates
KO,2006-07-18T07:00:00-04:00,2006-07-18,2026-10-02T01:21:47+00:00,yfinance 1.2.0 get_earnings_dates
KO,2006-10-19T06:00:00-04:00,2006-10-19,2026-10-02T01:21:47+00:00,yfinance 1.2.0 get_earnings_dates
KO,2007-02-14T06:00:00-05:00,2007-02-14,2026-10-02T01:21:47+00:00,yfinance 1.2.0 get_earnings_dates
KO,2007-04-17T06:00:00-04:00,2007-04-17,2026-10-02T01:21:47+00:00,yfinance 1.2.0 get_earnings_dates
KO,2007-07-17T07:00:00-04:00,2007-07-17,2026-10-02T01:21:47+00:00,yfinance 1.2.0 get_earnings_dates
KO,2007-10-17T07:00:00-04:00,2007-10-17,2026-10-02T01:21:47+00:00,yfinance 1.2.0 get_earnings_dates
KO,2008-02-13T07:00:00-05:00,2008-02-13,2026-10-02T01:21:47+00:00,yfinance 1.2.0 get_earnings_dates
KO,2008-04-16T07:00:00-04:00,2008-04-16,2026-10-02T01:21:47+00:00,yfinance 1.2.0 get_earnings_dates
KO,2008-07-17T06:00:00-04:00,2008-07-17,2026-10-02T01:21:47+00:00,yfinance 1.2.0 get_earnings_dates
KO,2008-10-15T07:00:00-04:00,2008-10-15,2026-10-02T01:21:47+00:00,yfinance 1.2.0 get_earnings_dates
KO,2009-02-12T08:00:00-05:00,2009-02-12,2026-10-02T01:21:47+00:00,yfinance 1.2.0 get_earnings_dates
KO,2009-04-21T07:00:00-04:00,2009-04-21,2026-10-02T01:21:47+00:00,yfinance 1.2.0 get_earnings_dates
KO,2009-07-21T07:00:00-04:00,2009-07-21,2026-10-02T01:21:47+00:00,yfinance 1.2.0 get_earnings_dates
KO,2009-10-20T07:00:00-04:00,2009-10-20,2026-10-02T01:21:47+00:00,yfinance 1.2.0 get_earnings_dates
KO,2010-02-09T07:00:00-05:00,2010-02-09,2026-10-02T01:21:47+00:00,yfinance 1.2.0 get_earnings_dates
KO,2010-04-20T06:00:00-04:00,2010-04-20,2026-10-02T01:21:47+00:00,yfinance 1.2.0 get_earnings_dates
KO,2010-07-21T07:00:00-04:00,2010-07-21,2026-10-02T01:21:47+00:00,yfinance 1.2.0 get_earnings_dates
KO,2010-10-19T07:00:00-04:00,2010-10-19,2026-10-02T01:21:47+00:00,yfinance 1.2.0 get_earnings_dates
KO,2011-02-09T07:00:00-05:00,2011-02-09,2026-10-02T01:21:47+00:00,yfinance 1.2.0 get_earnings_dates
KO,2011-04-26T07:00:00-04:00,2011-04-26,2026-10-02T01:21:47+00:00,yfinance 1.2.0 get_earnings_dates
KO,2011-07-19T07:00:00-04:00,2011-07-19,2026-10-02T01:21:47+00:00,yfinance 1.2.0 get_earnings_dates
KO,2011-10-18T07:00:00-04:00,2011-10-18,2026-10-02T01:21:47+00:00,yfinance 1.2.0 get_earnings_dates
KO,2012-02-07T07:00:00-05:00,2012-02-07,2026-10-02T01:21:47+00:00,yfinance 1.2.0 get_earnings_dates
KO,2012-04-17T07:00:00-04:00,2012-04-17,2026-10-02T01:21:47+00:00,yfinance 1.2.0 get_earnings_dates
KO,2012-07-17T07:00:00-04:00,2012-07-17,2026-10-02T01:21:47+00:00,yfinance 1.2.0 get_earnings_dates
KO,2012-10-16T07:00:00-04:00,2012-10-16,2026-10-02T01:21:47+00:00,yfinance 1.2.0 get_earnings_dates
KO,2013-02-12T07:00:00-05:00,2013-02-12,2026-10-02T01:21:47+00:00,yfinance 1.2.0 get_earnings_dates
KO,2013-04-16T07:00:00-04:00,2013-04-16,2026-10-02T01:21:47+00:00,yfinance 1.2.0 get_earnings_dates
KO,2013-07-16T07:00:00-04:00,2013-07-16,2026-10-02T01:21:47+00:00,yfinance 1.2.0 get_earnings_dates
KO,2013-10-15T07:00:00-04:00,2013-10-15,2026-10-02T01:21:47+00:00,yfinance 1.2.0 get_earnings_dates
KO,2014-02-18T07:00:00-05:00,2014-02-18,2026-10-02T01:21:47+00:00,yfinance 1.2.0 get_earnings_dates
KO,2014-04-15T07:00:00-04:00,2014-04-15,2026-10-02T01:21:47+00:00,yfinance 1.2.0 get_earnings_dates
KO,2014-07-22T07:00:00-04:00,2014-07-22,2026-10-02T01:21:47+00:00,yfinance 1.2.0 get_earnings_dates
KO,2014-10-21T07:00:00-04:00,2014-10-21,2026-10-02T01:21:47+00:00,yfinance 1.2.0 get_earnings_dates
KO,2015-02-10T07:00:00-05:00,2015-02-10,2026-10-02T01:21:47+00:00,yfinance 1.2.0 get_earnings_dates
KO,2015-04-22T07:00:00-04:00,2015-04-22,2026-10-02T01:21:47+00:00,yfinance 1.2.0 get_earnings_dates
KO,2015-07-22T07:00:00-04:00,2015-07-22,2026-10-02T01:21:47+00:00,yfinance 1.2.0 get_earnings_dates
KO,2015-10-21T07:00:00-04:00,2015-10-21,2026-10-02T01:21:47+00:00,yfinance 1.2.0 get_earnings_dates
KO,2016-02-09T06:00:00-05:00,2016-02-09,2026-10-02T01:21:47+00:00,yfinance 1.2.0 get_earnings_dates
KO,2016-04-20T06:00:00-04:00,2016-04-20,2026-10-02T01:21:47+00:00,yfinance 1.2.0 get_earnings_dates
KO,2016-07-27T06:00:00-04:00,2016-07-27,2026-10-02T01:21:47+00:00,yfinance 1.2.0 get_earnings_dates
KO,2016-10-26T06:00:00-04:00,2016-10-26,2026-10-02T01:21:47+00:00,yfinance 1.2.0 get_earnings_dates
KO,2017-02-09T07:00:00-05:00,2017-02-09,2026-10-02T01:21:47+00:00,yfinance 1.2.0 get_earnings_dates
KO,2017-04-25T06:00:00-04:00,2017-04-25,2026-10-02T01:21:47+00:00,yfinance 1.2.0 get_earnings_dates
KO,2017-07-26T06:00:00-04:00,2017-07-26,2026-10-02T01:21:47+00:00,yfinance 1.2.0 get_earnings_dates
KO,2017-10-25T06:00:00-04:00,2017-10-25,2026-10-02T01:21:47+00:00,yfinance 1.2.0 get_earnings_dates
KO,2018-02-16T07:00:00-05:00,2018-02-16,2026-10-02T01:21:47+00:00,yfinance 1.2.0 get_earnings_dates
KO,2018-04-24T07:00:00-04:00,2018-04-24,2026-10-02T01:21:47+00:00,yfinance 1.2.0 get_earnings_dates
KO,2018-07-25T07:00:00-04:00,2018-07-25,2026-10-02T01:21:47+00:00,yfinance 1.2.0 get_earnings_dates
KO,2018-10-30T07:00:00-04:00,2018-10-30,2026-10-02T01:21:47+00:00,yfinance 1.2.0 get_earnings_dates
KO,2019-02-14T07:00:00-05:00,2019-02-14,2026-10-02T01:21:47+00:00,yfinance 1.2.0 get_earnings_dates
KO,2019-04-23T07:00:00-04:00,2019-04-23,2026-10-02T01:21:47+00:00,yfinance 1.2.0 get_earnings_dates
KO,2019-07-23T06:00:00-04:00,2019-07-23,2026-10-02T01:21:47+00:00,yfinance 1.2.0 get_earnings_dates
KO,2019-10-18T06:00:00-04:00,2019-10-18,2026-10-02T01:21:47+00:00,yfinance 1.2.0 get_earnings_dates
KO,2020-01-30T06:00:00-05:00,2020-01-30,2026-10-02T01:21:47+00:00,yfinance 1.2.0 get_earnings_dates
KO,2020-04-21T06:00:00-04:00,2020-04-21,2026-10-02T01:21:47+00:00,yfinance 1.2.0 get_earnings_dates
KO,2020-07-21T06:00:00-04:00,2020-07-21,2026-10-02T01:21:47+00:00,yfinance 1.2.0 get_earnings_dates
KO,2020-10-22T06:00:00-04:00,2020-10-22,2026-10-02T01:21:47+00:00,yfinance 1.2.0 get_earnings_dates
KO,2021-02-10T06:00:00-05:00,2021-02-10,2026-10-02T01:21:47+00:00,yfinance 1.2.0 get_earnings_dates
KO,2021-04-19T07:00:00-04:00,2021-04-19,2026-10-02T01:21:47+00:00,yfinance 1.2.0 get_earnings_dates
KO,2021-07-21T07:00:00-04:00,2021-07-21,2026-10-02T01:21:47+00:00,yfinance 1.2.0 get_earnings_dates
KO,2021-10-27T06:00:00-04:00,2021-10-27,2026-10-02T01:21:47+00:00,yfinance 1.2.0 get_earnings_dates
KO,2022-02-10T06:00:00-05:00,2022-02-10,2026-10-02T01:21:47+00:00,yfinance 1.2.0 get_earnings_dates
KO,2022-04-25T06:00:00-04:00,2022-04-25,2026-10-02T01:21:47+00:00,yfinance 1.2.0 get_earnings_dates
KO,2022-07-26T07:00:00-04:00,2022-07-26,2026-10-02T01:21:47+00:00,yfinance 1.2.0 get_earnings_dates
KO,2022-10-25T06:00:00-04:00,2022-10-25,2026-10-02T01:21:47+00:00,yfinance 1.2.0 get_earnings_dates
KO,2023-02-14T06:00:00-05:00,2023-02-14,2026-10-02T01:21:47+00:00,yfinance 1.2.0 get_earnings_dates
KO,2023-04-24T06:00:00-04:00,2023-04-24,2026-10-02T01:21:47+00:00,yfinance 1.2.0 get_earnings_dates
KO,2023-07-26T06:00:00-04:00,2023-07-26,2026-10-02T01:21:47+00:00,yfinance 1.2.0 get_earnings_dates
KO,2023-10-24T06:00:00-04:00,2023-10-24,2026-10-02T01:21:47+00:00,yfinance 1.2.0 get_earnings_dates
KO,2024-02-13T06:00:00-05:00,2024-02-13,2026-10-02T01:21:47+00:00,yfinance 1.2.0 get_earnings_dates
KO,2024-04-30T06:00:00-04:00,2024-04-30,2026-10-02T01:21:47+00:00,yfinance 1.2.0 get_earnings_dates
KO,2024-07-23T06:00:00-04:00,2024-07-23,2026-10-02T01:21:47+00:00,yfinance 1.2.0 get_earnings_dates
KO,2024-10-23T06:00:00-04:00,2024-10-23,2026-10-02T01:21:47+00:00,yfinance 1.2.0 get_earnings_dates
KO,2025-02-11T06:00:00-05:00,2025-02-11,2026-10-02T01:21:47+00:00,yfinance 1.2.0 get_earnings_dates
KO,2025-04-29T06:00:00-04:00,2025-04-29,2026-10-02T01:21:47+00:00,yfinance 1.2.0 get_earnings_dates
KO,2025-07-22T07:00:00-04:00,2025-07-22,2026-10-02T01:21:47+00:00,yfinance 1.2.0 get_earnings_dates
KO,2025-10-21T06:00:00-04:00,2025-10-21,2026-10-02T01:21:47+00:00,yfinance 1.2.0 get_earnings_dates
KO,2026-02-10T06:00:00-05:00,2026-02-10,2026-10-02T01:21:47+00:00,yfinance 1.2.0 get_earnings_dates
KO,2026-04-28T07:00:00-04:00,2026-04-28,2026-10-02T01:21:47+00:00,yfinance 1.2.0 get_earnings_dates
KO,2026-07-28T06:00:00-04:00,2026-07-28,2026-10-02T01:21:47+00:00,yfinance 1.2.0 get_earnings_dates
KO,2026-10-27T08:00:00-04:00,2026-10-27,2026-10-02T01:21:47+00:00,yfinance 1.2.0 get_earnings_dates
MSFT,2002-01-17T16:00:00-05:00,2002-01-17,2026-10-02T01:21:47+00:00,yfinance 1.2.0 get_earnings_dates
MSFT,2002-04-18T16:00:00-04:00,2002-04-18,2026-10-02T01:21:47+00:00,yfinance 1.2.0 get_earnings_dates
MSFT,2002-07-18T16:00:00-04:00,2002-07-18,2026-10-02T01:21:47+00:00,yfinance 1.2.0 get_earnings_dates
MSFT,2002-10-17T16:00:00-04:00,2002-10-17,2026-10-02T01:21:47+00:00,yfinance 1.2.0 get_earnings_dates
MSFT,2003-01-16T16:00:00-05:00,2003-01-16,2026-10-02T01:21:47+00:00,yfinance 1.2.0 get_earnings_dates
MSFT,2003-04-15T16:00:00-04:00,2003-04-15,2026-10-02T01:21:47+00:00,yfinance 1.2.0 get_earnings_dates
MSFT,2003-07-17T16:00:00-04:00,2003-07-17,2026-10-02T01:21:47+00:00,yfinance 1.2.0 get_earnings_dates
MSFT,2003-10-23T16:00:00-04:00,2003-10-23,2026-10-02T01:21:47+00:00,yfinance 1.2.0 get_earnings_dates
MSFT,2004-01-22T16:00:00-05:00,2004-01-22,2026-10-02T01:21:47+00:00,yfinance 1.2.0 get_earnings_dates
MSFT,2004-04-22T16:00:00-04:00,2004-04-22,2026-10-02T01:21:47+00:00,yfinance 1.2.0 get_earnings_dates
MSFT,2004-07-22T16:00:00-04:00,2004-07-22,2026-10-02T01:21:47+00:00,yfinance 1.2.0 get_earnings_dates
MSFT,2004-10-21T16:00:00-04:00,2004-10-21,2026-10-02T01:21:47+00:00,yfinance 1.2.0 get_earnings_dates
MSFT,2005-01-27T16:00:00-05:00,2005-01-27,2026-10-02T01:21:47+00:00,yfinance 1.2.0 get_earnings_dates
MSFT,2005-04-28T16:00:00-04:00,2005-04-28,2026-10-02T01:21:47+00:00,yfinance 1.2.0 get_earnings_dates
MSFT,2005-07-21T16:00:00-04:00,2005-07-21,2026-10-02T01:21:47+00:00,yfinance 1.2.0 get_earnings_dates
MSFT,2005-10-27T16:00:00-04:00,2005-10-27,2026-10-02T01:21:47+00:00,yfinance 1.2.0 get_earnings_dates
MSFT,2006-01-26T16:00:00-05:00,2006-01-26,2026-10-02T01:21:47+00:00,yfinance 1.2.0 get_earnings_dates
MSFT,2006-04-27T16:00:00-04:00,2006-04-27,2026-10-02T01:21:47+00:00,yfinance 1.2.0 get_earnings_dates
MSFT,2006-07-20T16:00:00-04:00,2006-07-20,2026-10-02T01:21:47+00:00,yfinance 1.2.0 get_earnings_dates
MSFT,2006-10-26T16:00:00-04:00,2006-10-26,2026-10-02T01:21:47+00:00,yfinance 1.2.0 get_earnings_dates
MSFT,2007-01-25T16:00:00-05:00,2007-01-25,2026-10-02T01:21:47+00:00,yfinance 1.2.0 get_earnings_dates
MSFT,2007-04-26T16:00:00-04:00,2007-04-26,2026-10-02T01:21:47+00:00,yfinance 1.2.0 get_earnings_dates
MSFT,2007-07-19T16:00:00-04:00,2007-07-19,2026-10-02T01:21:47+00:00,yfinance 1.2.0 get_earnings_dates
MSFT,2007-10-25T16:00:00-04:00,2007-10-25,2026-10-02T01:21:47+00:00,yfinance 1.2.0 get_earnings_dates
MSFT,2008-01-24T16:00:00-05:00,2008-01-24,2026-10-02T01:21:47+00:00,yfinance 1.2.0 get_earnings_dates
MSFT,2008-04-24T16:00:00-04:00,2008-04-24,2026-10-02T01:21:47+00:00,yfinance 1.2.0 get_earnings_dates
MSFT,2008-07-17T16:00:00-04:00,2008-07-17,2026-10-02T01:21:47+00:00,yfinance 1.2.0 get_earnings_dates
MSFT,2008-10-23T16:00:00-04:00,2008-10-23,2026-10-02T01:21:47+00:00,yfinance 1.2.0 get_earnings_dates
MSFT,2009-01-22T09:00:00-05:00,2009-01-22,2026-10-02T01:21:47+00:00,yfinance 1.2.0 get_earnings_dates
MSFT,2009-04-23T16:00:00-04:00,2009-04-23,2026-10-02T01:21:47+00:00,yfinance 1.2.0 get_earnings_dates
MSFT,2009-07-23T16:00:00-04:00,2009-07-23,2026-10-02T01:21:47+00:00,yfinance 1.2.0 get_earnings_dates
MSFT,2009-10-23T08:00:00-04:00,2009-10-23,2026-10-02T01:21:47+00:00,yfinance 1.2.0 get_earnings_dates
MSFT,2010-01-28T16:00:00-05:00,2010-01-28,2026-10-02T01:21:47+00:00,yfinance 1.2.0 get_earnings_dates
MSFT,2010-04-22T15:00:00-04:00,2010-04-22,2026-10-02T01:21:47+00:00,yfinance 1.2.0 get_earnings_dates
MSFT,2010-07-22T16:00:00-04:00,2010-07-22,2026-10-02T01:21:47+00:00,yfinance 1.2.0 get_earnings_dates
MSFT,2010-10-28T16:00:00-04:00,2010-10-28,2026-10-02T01:21:47+00:00,yfinance 1.2.0 get_earnings_dates
MSFT,2011-01-27T19:00:00-05:00,2011-01-27,2026-10-02T01:21:47+00:00,yfinance 1.2.0 get_earnings_dates
MSFT,2011-04-28T16:00:00-04:00,2011-04-28,2026-10-02T01:21:47+00:00,yfinance 1.2.0 get_earnings_dates
MSFT,2011-07-21T16:00:00-04:00,2011-07-21,2026-10-02T01:21:47+00:00,yfinance 1.2.0 get_earnings_dates
MSFT,2011-10-20T16:00:00-04:00,2011-10-20,2026-10-02T01:21:47+00:00,yfinance 1.2.0 get_earnings_dates
MSFT,2012-01-19T16:00:00-05:00,2012-01-19,2026-10-02T01:21:47+00:00,yfinance 1.2.0 get_earnings_dates
MSFT,2012-04-19T16:00:00-04:00,2012-04-19,2026-10-02T01:21:47+00:00,yfinance 1.2.0 get_earnings_dates
MSFT,2012-07-19T16:00:00-04:00,2012-07-19,2026-10-02T01:21:47+00:00,yfinance 1.2.0 get_earnings_dates
MSFT,2012-10-18T16:00:00-04:00,2012-10-18,2026-10-02T01:21:47+00:00,yfinance 1.2.0 get_earnings_dates
MSFT,2013-01-24T16:00:00-05:00,2013-01-24,2026-10-02T01:21:47+00:00,yfinance 1.2.0 get_earnings_dates
MSFT,2013-04-18T16:00:00-04:00,2013-04-18,2026-10-02T01:21:47+00:00,yfinance 1.2.0 get_earnings_dates
MSFT,2013-07-18T16:00:00-04:00,2013-07-18,2026-10-02T01:21:47+00:00,yfinance 1.2.0 get_earnings_dates
MSFT,2013-10-24T16:00:00-04:00,2013-10-24,2026-10-02T01:21:47+00:00,yfinance 1.2.0 get_earnings_dates
MSFT,2014-01-23T16:00:00-05:00,2014-01-23,2026-10-02T01:21:47+00:00,yfinance 1.2.0 get_earnings_dates
MSFT,2014-04-24T16:00:00-04:00,2014-04-24,2026-10-02T01:21:47+00:00,yfinance 1.2.0 get_earnings_dates
MSFT,2014-07-22T16:00:00-04:00,2014-07-22,2026-10-02T01:21:47+00:00,yfinance 1.2.0 get_earnings_dates
MSFT,2014-10-23T16:00:00-04:00,2014-10-23,2026-10-02T01:21:47+00:00,yfinance 1.2.0 get_earnings_dates
MSFT,2015-01-26T16:00:00-05:00,2015-01-26,2026-10-02T01:21:47+00:00,yfinance 1.2.0 get_earnings_dates
MSFT,2015-04-23T16:00:00-04:00,2015-04-23,2026-10-02T01:21:47+00:00,yfinance 1.2.0 get_earnings_dates
MSFT,2015-07-21T16:00:00-04:00,2015-07-21,2026-10-02T01:21:47+00:00,yfinance 1.2.0 get_earnings_dates
MSFT,2015-10-22T16:00:00-04:00,2015-10-22,2026-10-02T01:21:47+00:00,yfinance 1.2.0 get_earnings_dates
MSFT,2016-01-28T16:00:00-05:00,2016-01-28,2026-10-02T01:21:47+00:00,yfinance 1.2.0 get_earnings_dates
MSFT,2016-04-21T16:00:00-04:00,2016-04-21,2026-10-02T01:21:47+00:00,yfinance 1.2.0 get_earnings_dates
MSFT,2016-07-19T16:00:00-04:00,2016-07-19,2026-10-02T01:21:47+00:00,yfinance 1.2.0 get_earnings_dates
MSFT,2016-10-20T16:00:00-04:00,2016-10-20,2026-10-02T01:21:47+00:00,yfinance 1.2.0 get_earnings_dates
MSFT,2017-01-26T16:00:00-05:00,2017-01-26,2026-10-02T01:21:47+00:00,yfinance 1.2.0 get_earnings_dates
MSFT,2017-04-27T16:00:00-04:00,2017-04-27,2026-10-02T01:21:47+00:00,yfinance 1.2.0 get_earnings_dates
MSFT,2017-07-20T16:00:00-04:00,2017-07-20,2026-10-02T01:21:47+00:00,yfinance 1.2.0 get_earnings_dates
MSFT,2017-10-26T16:00:00-04:00,2017-10-26,2026-10-02T01:21:47+00:00,yfinance 1.2.0 get_earnings_dates
MSFT,2018-01-31T16:00:00-05:00,2018-01-31,2026-10-02T01:21:47+00:00,yfinance 1.2.0 get_earnings_dates
MSFT,2018-04-26T16:00:00-04:00,2018-04-26,2026-10-02T01:21:47+00:00,yfinance 1.2.0 get_earnings_dates
MSFT,2018-07-19T16:00:00-04:00,2018-07-19,2026-10-02T01:21:47+00:00,yfinance 1.2.0 get_earnings_dates
MSFT,2018-10-24T16:00:00-04:00,2018-10-24,2026-10-02T01:21:47+00:00,yfinance 1.2.0 get_earnings_dates
MSFT,2019-01-30T16:00:00-05:00,2019-01-30,2026-10-02T01:21:47+00:00,yfinance 1.2.0 get_earnings_dates
MSFT,2019-04-24T16:00:00-04:00,2019-04-24,2026-10-02T01:21:47+00:00,yfinance 1.2.0 get_earnings_dates
MSFT,2019-07-18T16:00:00-04:00,2019-07-18,2026-10-02T01:21:47+00:00,yfinance 1.2.0 get_earnings_dates
MSFT,2019-10-23T16:00:00-04:00,2019-10-23,2026-10-02T01:21:47+00:00,yfinance 1.2.0 get_earnings_dates
MSFT,2020-01-29T16:00:00-05:00,2020-01-29,2026-10-02T01:21:47+00:00,yfinance 1.2.0 get_earnings_dates
MSFT,2020-04-29T16:00:00-04:00,2020-04-29,2026-10-02T01:21:47+00:00,yfinance 1.2.0 get_earnings_dates
MSFT,2020-07-22T16:00:00-04:00,2020-07-22,2026-10-02T01:21:47+00:00,yfinance 1.2.0 get_earnings_dates
MSFT,2020-10-27T16:00:00-04:00,2020-10-27,2026-10-02T01:21:47+00:00,yfinance 1.2.0 get_earnings_dates
MSFT,2021-01-26T16:00:00-05:00,2021-01-26,2026-10-02T01:21:47+00:00,yfinance 1.2.0 get_earnings_dates
MSFT,2021-04-27T16:00:00-04:00,2021-04-27,2026-10-02T01:21:47+00:00,yfinance 1.2.0 get_earnings_dates
MSFT,2021-07-27T16:00:00-04:00,2021-07-27,2026-10-02T01:21:47+00:00,yfinance 1.2.0 get_earnings_dates
MSFT,2021-10-26T16:00:00-04:00,2021-10-26,2026-10-02T01:21:47+00:00,yfinance 1.2.0 get_earnings_dates
MSFT,2022-01-25T16:00:00-05:00,2022-01-25,2026-10-02T01:21:47+00:00,yfinance 1.2.0 get_earnings_dates
MSFT,2022-04-26T16:00:00-04:00,2022-04-26,2026-10-02T01:21:47+00:00,yfinance 1.2.0 get_earnings_dates
MSFT,2022-07-26T16:00:00-04:00,2022-07-26,2026-10-02T01:21:47+00:00,yfinance 1.2.0 get_earnings_dates
MSFT,2022-10-25T16:00:00-04:00,2022-10-25,2026-10-02T01:21:47+00:00,yfinance 1.2.0 get_earnings_dates
MSFT,2023-01-24T16:00:00-05:00,2023-01-24,2026-10-02T01:21:47+00:00,yfinance 1.2.0 get_earnings_dates
MSFT,2023-04-25T16:00:00-04:00,2023-04-25,2026-10-02T01:21:47+00:00,yfinance 1.2.0 get_earnings_dates
MSFT,2023-07-25T16:00:00-04:00,2023-07-25,2026-10-02T01:21:47+00:00,yfinance 1.2.0 get_earnings_dates
MSFT,2023-10-24T16:00:00-04:00,2023-10-24,2026-10-02T01:21:47+00:00,yfinance 1.2.0 get_earnings_dates
MSFT,2024-01-30T16:00:00-05:00,2024-01-30,2026-10-02T01:21:47+00:00,yfinance 1.2.0 get_earnings_dates
MSFT,2024-04-25T16:00:00-04:00,2024-04-25,2026-10-02T01:21:47+00:00,yfinance 1.2.0 get_earnings_dates
MSFT,2024-07-30T16:00:00-04:00,2024-07-30,2026-10-02T01:21:47+00:00,yfinance 1.2.0 get_earnings_dates
MSFT,2024-10-30T16:00:00-04:00,2024-10-30,2026-10-02T01:21:47+00:00,yfinance 1.2.0 get_earnings_dates
MSFT,2025-01-29T16:00:00-05:00,2025-01-29,2026-10-02T01:21:47+00:00,yfinance 1.2.0 get_earnings_dates
MSFT,2025-04-30T16:00:00-04:00,2025-04-30,2026-10-02T01:21:47+00:00,yfinance 1.2.0 get_earnings_dates
MSFT,2025-07-30T16:00:00-04:00,2025-07-30,2026-10-02T01:21:47+00:00,yfinance 1.2.0 get_earnings_dates
MSFT,2025-10-29T16:00:00-04:00,2025-10-29,2026-10-02T01:21:47+00:00,yfinance 1.2.0 get_earnings_dates
MSFT,2026-01-28T16:00:00-05:00,2026-01-28,2026-10-02T01:21:47+00:00,yfinance 1.2.0 get_earnings_dates
MSFT,2026-04-29T16:00:00-04:00,2026-04-29,2026-10-02T01:21:47+00:00,yfinance 1.2.0 get_earnings_dates
MSFT,2026-07-29T16:00:00-04:00,2026-07-29,2026-10-02T01:21:47+00:00,yfinance 1.2.0 get_earnings_dates
MSFT,2026-10-28T16:00:00-04:00,2026-10-28,2026-10-02T01:21:47+00:00,yfinance 1.2.0 get_earnings_dates
NVDA,2002-05-22T16:00:00-04:00,2002-05-22,2026-10-02T01:21:47+00:00,yfinance 1.2.0 get_earnings_dates
NVDA,2002-08-15T16:00:00-04:00,2002-08-15,2026-10-02T01:21:47+00:00,yfinance 1.2.0 get_earnings_dates
NVDA,2002-08-15T16:00:00-04:00,2002-08-15,2026-10-02T01:21:47+00:00,yfinance 1.2.0 get_earnings_dates
NVDA,2002-11-07T16:00:00-05:00,2002-11-07,2026-10-02T01:21:47+00:00,yfinance 1.2.0 get_earnings_dates
NVDA,2003-02-13T16:00:00-05:00,2003-02-13,2026-10-02T01:21:47+00:00,yfinance 1.2.0 get_earnings_dates
NVDA,2003-05-08T16:00:00-04:00,2003-05-08,2026-10-02T01:21:47+00:00,yfinance 1.2.0 get_earnings_dates
NVDA,2003-08-07T16:00:00-04:00,2003-08-07,2026-10-02T01:21:47+00:00,yfinance 1.2.0 get_earnings_dates
NVDA,2003-11-06T16:00:00-05:00,2003-11-06,2026-10-02T01:21:47+00:00,yfinance 1.2.0 get_earnings_dates
NVDA,2004-02-12T16:00:00-05:00,2004-02-12,2026-10-02T01:21:47+00:00,yfinance 1.2.0 get_earnings_dates
NVDA,2004-05-06T16:00:00-04:00,2004-05-06,2026-10-02T01:21:47+00:00,yfinance 1.2.0 get_earnings_dates
NVDA,2004-08-05T16:00:00-04:00,2004-08-05,2026-10-02T01:21:47+00:00,yfinance 1.2.0 get_earnings_dates
NVDA,2004-11-04T16:00:00-05:00,2004-11-04,2026-10-02T01:21:47+00:00,yfinance 1.2.0 get_earnings_dates
NVDA,2005-02-17T16:00:00-05:00,2005-02-17,2026-10-02T01:21:47+00:00,yfinance 1.2.0 get_earnings_dates
NVDA,2005-05-12T16:00:00-04:00,2005-05-12,2026-10-02T01:21:47+00:00,yfinance 1.2.0 get_earnings_dates
NVDA,2005-08-11T16:00:00-04:00,2005-08-11,2026-10-02T01:21:47+00:00,yfinance 1.2.0 get_earnings_dates
NVDA,2005-11-09T16:00:00-05:00,2005-11-09,2026-10-02T01:21:47+00:00,yfinance 1.2.0 get_earnings_dates
NVDA,2006-02-16T16:00:00-05:00,2006-02-16,2026-10-02T01:21:47+00:00,yfinance 1.2.0 get_earnings_dates
NVDA,2006-05-11T16:00:00-04:00,2006-05-11,2026-10-02T01:21:47+00:00,yfinance 1.2.0 get_earnings_dates
NVDA,2006-11-09T16:00:00-05:00,2006-11-09,2026-10-02T01:21:47+00:00,yfinance 1.2.0 get_earnings_dates
NVDA,2006-11-09T16:00:00-05:00,2006-11-09,2026-10-02T01:21:47+00:00,yfinance 1.2.0 get_earnings_dates
NVDA,2007-02-13T16:00:00-05:00,2007-02-13,2026-10-02T01:21:47+00:00,yfinance 1.2.0 get_earnings_dates
NVDA,2007-05-10T16:00:00-04:00,2007-05-10,2026-10-02T01:21:47+00:00,yfinance 1.2.0 get_earnings_dates
NVDA,2007-08-09T16:00:00-04:00,2007-08-09,2026-10-02T01:21:47+00:00,yfinance 1.2.0 get_earnings_dates
NVDA,2007-11-08T16:00:00-05:00,2007-11-08,2026-10-02T01:21:47+00:00,yfinance 1.2.0 get_earnings_dates
NVDA,2008-02-13T17:00:00-05:00,2008-02-13,2026-10-02T01:21:47+00:00,yfinance 1.2.0 get_earnings_dates
NVDA,2008-05-08T16:00:00-04:00,2008-05-08,2026-10-02T01:21:47+00:00,yfinance 1.2.0 get_earnings_dates
NVDA,2008-08-12T16:00:00-04:00,2008-08-12,2026-10-02T01:21:47+00:00,yfinance 1.2.0 get_earnings_dates
NVDA,2008-11-06T16:00:00-05:00,2008-11-06,2026-10-02T01:21:47+00:00,yfinance 1.2.0 get_earnings_dates
NVDA,2009-02-10T16:00:00-05:00,2009-02-10,2026-10-02T01:21:47+00:00,yfinance 1.2.0 get_earnings_dates
NVDA,2009-05-07T16:00:00-04:00,2009-05-07,2026-10-02T01:21:47+00:00,yfinance 1.2.0 get_earnings_dates
NVDA,2009-08-06T16:00:00-04:00,2009-08-06,2026-10-02T01:21:47+00:00,yfinance 1.2.0 get_earnings_dates
NVDA,2009-11-05T16:00:00-05:00,2009-11-05,2026-10-02T01:21:47+00:00,yfinance 1.2.0 get_earnings_dates
NVDA,2010-02-17T16:00:00-05:00,2010-02-17,2026-10-02T01:21:47+00:00,yfinance 1.2.0 get_earnings_dates
NVDA,2010-05-13T16:00:00-04:00,2010-05-13,2026-10-02T01:21:47+00:00,yfinance 1.2.0 get_earnings_dates
NVDA,2010-08-12T16:00:00-04:00,2010-08-12,2026-10-02T01:21:47+00:00,yfinance 1.2.0 get_earnings_dates
NVDA,2010-11-11T16:00:00-05:00,2010-11-11,2026-10-02T01:21:47+00:00,yfinance 1.2.0 get_earnings_dates
NVDA,2011-02-16T16:00:00-05:00,2011-02-16,2026-10-02T01:21:47+00:00,yfinance 1.2.0 get_earnings_dates
NVDA,2011-05-12T16:00:00-04:00,2011-05-12,2026-10-02T01:21:47+00:00,yfinance 1.2.0 get_earnings_dates
NVDA,2011-08-11T16:00:00-04:00,2011-08-11,2026-10-02T01:21:47+00:00,yfinance 1.2.0 get_earnings_dates
NVDA,2011-11-10T16:00:00-05:00,2011-11-10,2026-10-02T01:21:47+00:00,yfinance 1.2.0 get_earnings_dates
NVDA,2012-02-15T16:00:00-05:00,2012-02-15,2026-10-02T01:21:47+00:00,yfinance 1.2.0 get_earnings_dates
NVDA,2012-05-11T07:00:00-04:00,2012-05-11,2026-10-02T01:21:47+00:00,yfinance 1.2.0 get_earnings_dates
NVDA,2012-08-09T16:00:00-04:00,2012-08-09,2026-10-02T01:21:47+00:00,yfinance 1.2.0 get_earnings_dates
NVDA,2012-11-08T16:00:00-05:00,2012-11-08,2026-10-02T01:21:47+00:00,yfinance 1.2.0 get_earnings_dates
NVDA,2013-02-13T16:00:00-05:00,2013-02-13,2026-10-02T01:21:47+00:00,yfinance 1.2.0 get_earnings_dates
NVDA,2013-05-09T16:00:00-04:00,2013-05-09,2026-10-02T01:21:47+00:00,yfinance 1.2.0 get_earnings_dates
NVDA,2013-08-08T16:00:00-04:00,2013-08-08,2026-10-02T01:21:47+00:00,yfinance 1.2.0 get_earnings_dates
NVDA,2013-11-07T16:00:00-05:00,2013-11-07,2026-10-02T01:21:47+00:00,yfinance 1.2.0 get_earnings_dates
NVDA,2014-02-12T16:00:00-05:00,2014-02-12,2026-10-02T01:21:47+00:00,yfinance 1.2.0 get_earnings_dates
NVDA,2014-05-08T16:00:00-04:00,2014-05-08,2026-10-02T01:21:47+00:00,yfinance 1.2.0 get_earnings_dates
NVDA,2014-08-07T16:00:00-04:00,2014-08-07,2026-10-02T01:21:47+00:00,yfinance 1.2.0 get_earnings_dates
NVDA,2014-11-06T16:00:00-05:00,2014-11-06,2026-10-02T01:21:47+00:00,yfinance 1.2.0 get_earnings_dates
NVDA,2015-02-11T16:00:00-05:00,2015-02-11,2026-10-02T01:21:47+00:00,yfinance 1.2.0 get_earnings_dates
NVDA,2015-05-07T16:00:00-04:00,2015-05-07,2026-10-02T01:21:47+00:00,yfinance 1.2.0 get_earnings_dates
NVDA,2015-08-06T16:00:00-04:00,2015-08-06,2026-10-02T01:21:47+00:00,yfinance 1.2.0 get_earnings_dates
NVDA,2015-11-05T16:00:00-05:00,2015-11-05,2026-10-02T01:21:47+00:00,yfinance 1.2.0 get_earnings_dates
NVDA,2016-02-17T16:00:00-05:00,2016-02-17,2026-10-02T01:21:47+00:00,yfinance 1.2.0 get_earnings_dates
NVDA,2016-05-12T21:00:00-04:00,2016-05-12,2026-10-02T01:21:47+00:00,yfinance 1.2.0 get_earnings_dates
NVDA,2016-08-11T16:00:00-04:00,2016-08-11,2026-10-02T01:21:47+00:00,yfinance 1.2.0 get_earnings_dates
NVDA,2016-11-10T16:00:00-05:00,2016-11-10,2026-10-02T01:21:47+00:00,yfinance 1.2.0 get_earnings_dates
NVDA,2017-02-09T16:00:00-05:00,2017-02-09,2026-10-02T01:21:47+00:00,yfinance 1.2.0 get_earnings_dates
NVDA,2017-05-09T16:00:00-04:00,2017-05-09,2026-10-02T01:21:47+00:00,yfinance 1.2.0 get_earnings_dates
NVDA,2017-08-10T16:00:00-04:00,2017-08-10,2026-10-02T01:21:47+00:00,yfinance 1.2.0 get_earnings_dates
NVDA,2017-11-09T16:00:00-05:00,2017-11-09,2026-10-02T01:21:47+00:00,yfinance 1.2.0 get_earnings_dates
NVDA,2018-02-08T16:00:00-05:00,2018-02-08,2026-10-02T01:21:47+00:00,yfinance 1.2.0 get_earnings_dates
NVDA,2018-05-10T16:00:00-04:00,2018-05-10,2026-10-02T01:21:47+00:00,yfinance 1.2.0 get_earnings_dates
NVDA,2018-08-16T16:00:00-04:00,2018-08-16,2026-10-02T01:21:47+00:00,yfinance 1.2.0 get_earnings_dates
NVDA,2018-11-15T16:00:00-05:00,2018-11-15,2026-10-02T01:21:47+00:00,yfinance 1.2.0 get_earnings_dates
NVDA,2019-02-14T16:00:00-05:00,2019-02-14,2026-10-02T01:21:47+00:00,yfinance 1.2.0 get_earnings_dates
NVDA,2019-05-16T16:00:00-04:00,2019-05-16,2026-10-02T01:21:47+00:00,yfinance 1.2.0 get_earnings_dates
NVDA,2019-08-15T16:00:00-04:00,2019-08-15,2026-10-02T01:21:47+00:00,yfinance 1.2.0 get_earnings_dates
NVDA,2019-11-14T16:00:00-05:00,2019-11-14,2026-10-02T01:21:47+00:00,yfinance 1.2.0 get_earnings_dates
NVDA,2020-02-13T16:00:00-05:00,2020-02-13,2026-10-02T01:21:47+00:00,yfinance 1.2.0 get_earnings_dates
NVDA,2020-05-21T16:00:00-04:00,2020-05-21,2026-10-02T01:21:47+00:00,yfinance 1.2.0 get_earnings_dates
NVDA,2020-08-19T16:00:00-04:00,2020-08-19,2026-10-02T01:21:47+00:00,yfinance 1.2.0 get_earnings_dates
NVDA,2020-11-18T16:00:00-05:00,2020-11-18,2026-10-02T01:21:47+00:00,yfinance 1.2.0 get_earnings_dates
NVDA,2021-02-24T16:00:00-05:00,2021-02-24,2026-10-02T01:21:47+00:00,yfinance 1.2.0 get_earnings_dates
NVDA,2021-05-26T16:00:00-04:00,2021-05-26,2026-10-02T01:21:47+00:00,yfinance 1.2.0 get_earnings_dates
NVDA,2021-08-18T16:00:00-04:00,2021-08-18,2026-10-02T01:21:47+00:00,yfinance 1.2.0 get_earnings_dates
NVDA,2021-11-17T16:00:00-05:00,2021-11-17,2026-10-02T01:21:47+00:00,yfinance 1.2.0 get_earnings_dates
NVDA,2022-02-16T16:00:00-05:00,2022-02-16,2026-10-02T01:21:47+00:00,yfinance 1.2.0 get_earnings_dates
NVDA,2022-05-25T16:00:00-04:00,2022-05-25,2026-10-02T01:21:47+00:00,yfinance 1.2.0 get_earnings_dates
NVDA,2022-08-24T16:00:00-04:00,2022-08-24,2026-10-02T01:21:47+00:00,yfinance 1.2.0 get_earnings_dates
NVDA,2022-11-16T16:00:00-05:00,2022-11-16,2026-10-02T01:21:47+00:00,yfinance 1.2.0 get_earnings_dates
NVDA,2023-02-22T16:00:00-05:00,2023-02-22,2026-10-02T01:21:47+00:00,yfinance 1.2.0 get_earnings_dates
NVDA,2023-05-24T16:00:00-04:00,2023-05-24,2026-10-02T01:21:47+00:00,yfinance 1.2.0 get_earnings_dates
NVDA,2023-08-23T16:00:00-04:00,2023-08-23,2026-10-02T01:21:47+00:00,yfinance 1.2.0 get_earnings_dates
NVDA,2023-11-21T16:00:00-05:00,2023-11-21,2026-10-02T01:21:47+00:00,yfinance 1.2.0 get_earnings_dates
NVDA,2024-02-21T16:00:00-05:00,2024-02-21,2026-10-02T01:21:47+00:00,yfinance 1.2.0 get_earnings_dates
NVDA,2024-05-22T16:00:00-04:00,2024-05-22,2026-10-02T01:21:47+00:00,yfinance 1.2.0 get_earnings_dates
NVDA,2024-08-28T16:00:00-04:00,2024-08-28,2026-10-02T01:21:47+00:00,yfinance 1.2.0 get_earnings_dates
NVDA,2024-11-20T16:00:00-05:00,2024-11-20,2026-10-02T01:21:47+00:00,yfinance 1.2.0 get_earnings_dates
NVDA,2025-02-26T16:00:00-05:00,2025-02-26,2026-10-02T01:21:47+00:00,yfinance 1.2.0 get_earnings_dates
NVDA,2025-05-28T16:00:00-04:00,2025-05-28,2026-10-02T01:21:47+00:00,yfinance 1.2.0 get_earnings_dates
NVDA,2025-08-27T16:00:00-04:00,2025-08-27,2026-10-02T01:21:47+00:00,yfinance 1.2.0 get_earnings_dates
NVDA,2025-11-19T16:00:00-05:00,2025-11-19,2026-10-02T01:21:47+00:00,yfinance 1.2.0 get_earnings_dates
NVDA,2026-02-25T16:00:00-05:00,2026-02-25,2026-10-02T01:21:47+00:00,yfinance 1.2.0 get_earnings_dates
NVDA,2026-05-20T16:00:00-04:00,2026-05-20,2026-10-02T01:21:47+00:00,yfinance 1.2.0 get_earnings_dates
NVDA,2026-08-26T16:00:00-04:00,2026-08-26,2026-10-02T01:21:47+00:00,yfinance 1.2.0 get_earnings_dates
NVDA,2026-11-17T15:00:00-05:00,2026-11-17,2026-10-02T01:21:47+00:00,yfinance 1.2.0 get_earnings_dates
WMT,2002-05-14T07:00:00-04:00,2002-05-14,2026-10-02T01:21:47+00:00,yfinance 1.2.0 get_earnings_dates
WMT,2002-08-13T07:00:00-04:00,2002-08-13,2026-10-02T01:21:47+00:00,yfinance 1.2.0 get_earnings_dates
WMT,2002-08-13T07:00:00-04:00,2002-08-13,2026-10-02T01:21:47+00:00,yfinance 1.2.0 get_earnings_dates
WMT,2002-11-13T07:00:00-05:00,2002-11-13,2026-10-02T01:21:47+00:00,yfinance 1.2.0 get_earnings_dates
WMT,2003-02-18T07:00:00-05:00,2003-02-18,2026-10-02T01:21:47+00:00,yfinance 1.2.0 get_earnings_dates
WMT,2003-05-13T07:00:00-04:00,2003-05-13,2026-10-02T01:21:47+00:00,yfinance 1.2.0 get_earnings_dates
WMT,2003-08-13T06:00:00-04:00,2003-08-13,2026-10-02T01:21:47+00:00,yfinance 1.2.0 get_earnings_dates
WMT,2003-11-13T06:00:00-05:00,2003-11-13,2026-10-02T01:21:47+00:00,yfinance 1.2.0 get_earnings_dates
WMT,2004-02-19T07:00:00-05:00,2004-02-19,2026-10-02T01:21:47+00:00,yfinance 1.2.0 get_earnings_dates
WMT,2004-05-13T06:00:00-04:00,2004-05-13,2026-10-02T01:21:47+00:00,yfinance 1.2.0 get_earnings_dates
WMT,2004-08-12T06:00:00-04:00,2004-08-12,2026-10-02T01:21:47+00:00,yfinance 1.2.0 get_earnings_dates
WMT,2004-11-16T06:00:00-05:00,2004-11-16,2026-10-02T01:21:47+00:00,yfinance 1.2.0 get_earnings_dates
WMT,2005-02-17T06:00:00-05:00,2005-02-17,2026-10-02T01:21:47+00:00,yfinance 1.2.0 get_earnings_dates
WMT,2005-05-12T06:00:00-04:00,2005-05-12,2026-10-02T01:21:47+00:00,yfinance 1.2.0 get_earnings_dates
WMT,2005-08-16T06:00:00-04:00,2005-08-16,2026-10-02T01:21:47+00:00,yfinance 1.2.0 get_earnings_dates
WMT,2005-11-14T06:00:00-05:00,2005-11-14,2026-10-02T01:21:47+00:00,yfinance 1.2.0 get_earnings_dates
WMT,2006-02-21T06:00:00-05:00,2006-02-21,2026-10-02T01:21:47+00:00,yfinance 1.2.0 get_earnings_dates
WMT,2006-05-16T06:00:00-04:00,2006-05-16,2026-10-02T01:21:47+00:00,yfinance 1.2.0 get_earnings_dates
WMT,2006-08-15T06:00:00-04:00,2006-08-15,2026-10-02T01:21:47+00:00,yfinance 1.2.0 get_earnings_dates
WMT,2006-11-14T06:00:00-05:00,2006-11-14,2026-10-02T01:21:47+00:00,yfinance 1.2.0 get_earnings_dates
WMT,2007-02-20T06:00:00-05:00,2007-02-20,2026-10-02T01:21:47+00:00,yfinance 1.2.0 get_earnings_dates
WMT,2007-05-15T06:00:00-04:00,2007-05-15,2026-10-02T01:21:47+00:00,yfinance 1.2.0 get_earnings_dates
WMT,2007-08-14T06:00:00-04:00,2007-08-14,2026-10-02T01:21:47+00:00,yfinance 1.2.0 get_earnings_dates
WMT,2007-11-13T01:00:00-05:00,2007-11-13,2026-10-02T01:21:47+00:00,yfinance 1.2.0 get_earnings_dates
WMT,2008-02-19T06:00:00-05:00,2008-02-19,2026-10-02T01:21:47+00:00,yfinance 1.2.0 get_earnings_dates
WMT,2008-05-13T06:00:00-04:00,2008-05-13,2026-10-02T01:21:47+00:00,yfinance 1.2.0 get_earnings_dates
WMT,2008-08-14T06:00:00-04:00,2008-08-14,2026-10-02T01:21:47+00:00,yfinance 1.2.0 get_earnings_dates
WMT,2008-11-13T06:00:00-05:00,2008-11-13,2026-10-02T01:21:47+00:00,yfinance 1.2.0 get_earnings_dates
WMT,2009-02-17T07:00:00-05:00,2009-02-17,2026-10-02T01:21:47+00:00,yfinance 1.2.0 get_earnings_dates
WMT,2009-05-14T07:00:00-04:00,2009-05-14,2026-10-02T01:21:47+00:00,yfinance 1.2.0 get_earnings_dates
WMT,2009-08-13T07:00:00-04:00,2009-08-13,2026-10-02T01:21:47+00:00,yfinance 1.2.0 get_earnings_dates
WMT,2009-11-12T07:00:00-05:00,2009-11-12,2026-10-02T01:21:47+00:00,yfinance 1.2.0 get_earnings_dates
WMT,2010-02-18T07:00:00-05:00,2010-02-18,2026-10-02T01:21:47+00:00,yfinance 1.2.0 get_earnings_dates
WMT,2010-05-18T08:00:00-04:00,2010-05-18,2026-10-02T01:21:47+00:00,yfinance 1.2.0 get_earnings_dates
WMT,2010-08-17T07:00:00-04:00,2010-08-17,2026-10-02T01:21:47+00:00,yfinance 1.2.0 get_earnings_dates
WMT,2010-11-16T07:00:00-05:00,2010-11-16,2026-10-02T01:21:47+00:00,yfinance 1.2.0 get_earnings_dates
WMT,2011-02-22T07:00:00-05:00,2011-02-22,2026-10-02T01:21:47+00:00,yfinance 1.2.0 get_earnings_dates
WMT,2011-05-17T07:00:00-04:00,2011-05-17,2026-10-02T01:21:47+00:00,yfinance 1.2.0 get_earnings_dates
WMT,2011-08-16T07:00:00-04:00,2011-08-16,2026-10-02T01:21:47+00:00,yfinance 1.2.0 get_earnings_dates
WMT,2011-11-15T07:00:00-05:00,2011-11-15,2026-10-02T01:21:47+00:00,yfinance 1.2.0 get_earnings_dates
WMT,2012-02-21T07:00:00-05:00,2012-02-21,2026-10-02T01:21:47+00:00,yfinance 1.2.0 get_earnings_dates
WMT,2012-05-17T07:00:00-04:00,2012-05-17,2026-10-02T01:21:47+00:00,yfinance 1.2.0 get_earnings_dates
WMT,2012-08-16T07:00:00-04:00,2012-08-16,2026-10-02T01:21:47+00:00,yfinance 1.2.0 get_earnings_dates
WMT,2012-11-15T07:00:00-05:00,2012-11-15,2026-10-02T01:21:47+00:00,yfinance 1.2.0 get_earnings_dates
WMT,2013-02-21T07:00:00-05:00,2013-02-21,2026-10-02T01:21:47+00:00,yfinance 1.2.0 get_earnings_dates
WMT,2013-05-16T07:00:00-04:00,2013-05-16,2026-10-02T01:21:47+00:00,yfinance 1.2.0 get_earnings_dates
WMT,2013-08-15T07:00:00-04:00,2013-08-15,2026-10-02T01:21:47+00:00,yfinance 1.2.0 get_earnings_dates
WMT,2013-11-14T07:00:00-05:00,2013-11-14,2026-10-02T01:21:47+00:00,yfinance 1.2.0 get_earnings_dates
WMT,2014-02-20T07:00:00-05:00,2014-02-20,2026-10-02T01:21:47+00:00,yfinance 1.2.0 get_earnings_dates
WMT,2014-05-15T07:00:00-04:00,2014-05-15,2026-10-02T01:21:47+00:00,yfinance 1.2.0 get_earnings_dates
WMT,2014-08-14T07:00:00-04:00,2014-08-14,2026-10-02T01:21:47+00:00,yfinance 1.2.0 get_earnings_dates
WMT,2014-11-13T07:00:00-05:00,2014-11-13,2026-10-02T01:21:47+00:00,yfinance 1.2.0 get_earnings_dates
WMT,2015-02-19T08:00:00-05:00,2015-02-19,2026-10-02T01:21:47+00:00,yfinance 1.2.0 get_earnings_dates
WMT,2015-05-19T07:00:00-04:00,2015-05-19,2026-10-02T01:21:47+00:00,yfinance 1.2.0 get_earnings_dates
WMT,2015-08-18T07:00:00-04:00,2015-08-18,2026-10-02T01:21:47+00:00,yfinance 1.2.0 get_earnings_dates
WMT,2015-11-17T07:00:00-05:00,2015-11-17,2026-10-02T01:21:47+00:00,yfinance 1.2.0 get_earnings_dates
WMT,2016-02-18T07:00:00-05:00,2016-02-18,2026-10-02T01:21:47+00:00,yfinance 1.2.0 get_earnings_dates
WMT,2016-05-19T07:00:00-04:00,2016-05-19,2026-10-02T01:21:47+00:00,yfinance 1.2.0 get_earnings_dates
WMT,2016-08-18T07:00:00-04:00,2016-08-18,2026-10-02T01:21:47+00:00,yfinance 1.2.0 get_earnings_dates
WMT,2016-11-17T07:00:00-05:00,2016-11-17,2026-10-02T01:21:47+00:00,yfinance 1.2.0 get_earnings_dates
WMT,2017-02-21T07:00:00-05:00,2017-02-21,2026-10-02T01:21:47+00:00,yfinance 1.2.0 get_earnings_dates
WMT,2017-05-18T07:00:00-04:00,2017-05-18,2026-10-02T01:21:47+00:00,yfinance 1.2.0 get_earnings_dates
WMT,2017-08-17T06:00:00-04:00,2017-08-17,2026-10-02T01:21:47+00:00,yfinance 1.2.0 get_earnings_dates
WMT,2017-11-16T07:00:00-05:00,2017-11-16,2026-10-02T01:21:47+00:00,yfinance 1.2.0 get_earnings_dates
WMT,2018-02-20T06:00:00-05:00,2018-02-20,2026-10-02T01:21:47+00:00,yfinance 1.2.0 get_earnings_dates
WMT,2018-05-17T07:00:00-04:00,2018-05-17,2026-10-02T01:21:47+00:00,yfinance 1.2.0 get_earnings_dates
WMT,2018-08-16T07:00:00-04:00,2018-08-16,2026-10-02T01:21:47+00:00,yfinance 1.2.0 get_earnings_dates
WMT,2018-11-15T07:00:00-05:00,2018-11-15,2026-10-02T01:21:47+00:00,yfinance 1.2.0 get_earnings_dates
WMT,2019-02-19T07:00:00-05:00,2019-02-19,2026-10-02T01:21:47+00:00,yfinance 1.2.0 get_earnings_dates
WMT,2019-05-16T07:00:00-04:00,2019-05-16,2026-10-02T01:21:47+00:00,yfinance 1.2.0 get_earnings_dates
WMT,2019-08-15T07:00:00-04:00,2019-08-15,2026-10-02T01:21:47+00:00,yfinance 1.2.0 get_earnings_dates
WMT,2019-11-14T07:00:00-05:00,2019-11-14,2026-10-02T01:21:47+00:00,yfinance 1.2.0 get_earnings_dates
WMT,2020-02-18T06:00:00-05:00,2020-02-18,2026-10-02T01:21:47+00:00,yfinance 1.2.0 get_earnings_dates
WMT,2020-05-19T07:00:00-04:00,2020-05-19,2026-10-02T01:21:47+00:00,yfinance 1.2.0 get_earnings_dates
WMT,2020-08-18T06:00:00-04:00,2020-08-18,2026-10-02T01:21:47+00:00,yfinance 1.2.0 get_earnings_dates
WMT,2020-11-17T07:00:00-05:00,2020-11-17,2026-10-02T01:21:47+00:00,yfinance 1.2.0 get_earnings_dates
WMT,2021-02-18T06:00:00-05:00,2021-02-18,2026-10-02T01:21:47+00:00,yfinance 1.2.0 get_earnings_dates
WMT,2021-05-18T06:00:00-04:00,2021-05-18,2026-10-02T01:21:47+00:00,yfinance 1.2.0 get_earnings_dates
WMT,2021-08-17T07:00:00-04:00,2021-08-17,2026-10-02T01:21:47+00:00,yfinance 1.2.0 get_earnings_dates
WMT,2021-11-16T07:00:00-05:00,2021-11-16,2026-10-02T01:21:47+00:00,yfinance 1.2.0 get_earnings_dates
WMT,2022-02-17T07:00:00-05:00,2022-02-17,2026-10-02T01:21:47+00:00,yfinance 1.2.0 get_earnings_dates
WMT,2022-05-17T06:00:00-04:00,2022-05-17,2026-10-02T01:21:47+00:00,yfinance 1.2.0 get_earnings_dates
WMT,2022-08-16T07:00:00-04:00,2022-08-16,2026-10-02T01:21:47+00:00,yfinance 1.2.0 get_earnings_dates
WMT,2022-11-15T07:00:00-05:00,2022-11-15,2026-10-02T01:21:47+00:00,yfinance 1.2.0 get_earnings_dates
WMT,2023-02-21T07:00:00-05:00,2023-02-21,2026-10-02T01:21:47+00:00,yfinance 1.2.0 get_earnings_dates
WMT,2023-05-18T07:00:00-04:00,2023-05-18,2026-10-02T01:21:47+00:00,yfinance 1.2.0 get_earnings_dates
WMT,2023-08-17T06:00:00-04:00,2023-08-17,2026-10-02T01:21:47+00:00,yfinance 1.2.0 get_earnings_dates
WMT,2023-11-16T06:00:00-05:00,2023-11-16,2026-10-02T01:21:47+00:00,yfinance 1.2.0 get_earnings_dates
WMT,2024-02-20T06:00:00-05:00,2024-02-20,2026-10-02T01:21:47+00:00,yfinance 1.2.0 get_earnings_dates
WMT,2024-05-16T06:00:00-04:00,2024-05-16,2026-10-02T01:21:47+00:00,yfinance 1.2.0 get_earnings_dates
WMT,2024-08-15T06:00:00-04:00,2024-08-15,2026-10-02T01:21:47+00:00,yfinance 1.2.0 get_earnings_dates
WMT,2024-11-19T06:00:00-05:00,2024-11-19,2026-10-02T01:21:47+00:00,yfinance 1.2.0 get_earnings_dates
WMT,2025-02-20T06:00:00-05:00,2025-02-20,2026-10-02T01:21:47+00:00,yfinance 1.2.0 get_earnings_dates
WMT,2025-05-15T06:00:00-04:00,2025-05-15,2026-10-02T01:21:47+00:00,yfinance 1.2.0 get_earnings_dates
WMT,2025-08-21T06:00:00-04:00,2025-08-21,2026-10-02T01:21:47+00:00,yfinance 1.2.0 get_earnings_dates
WMT,2025-11-20T06:00:00-05:00,2025-11-20,2026-10-02T01:21:47+00:00,yfinance 1.2.0 get_earnings_dates
WMT,2026-02-19T06:00:00-05:00,2026-02-19,2026-10-02T01:21:47+00:00,yfinance 1.2.0 get_earnings_dates
WMT,2026-05-21T06:00:00-04:00,2026-05-21,2026-10-02T01:21:47+00:00,yfinance 1.2.0 get_earnings_dates
WMT,2026-08-20T06:00:00-04:00,2026-08-20,2026-10-02T01:21:47+00:00,yfinance 1.2.0 get_earnings_dates
WMT,2026-11-19T07:00:00-05:00,2026-11-19,2026-10-02T01:21:47+00:00,yfinance 1.2.0 get_earnings_dates
XOM,2002-01-23T08:00:00-05:00,2002-01-23,2026-10-02T01:21:47+00:00,yfinance 1.2.0 get_earnings_dates
XOM,2002-04-23T09:00:00-04:00,2002-04-23,2026-10-02T01:21:47+00:00,yfinance 1.2.0 get_earnings_dates
XOM,2002-08-01T08:00:00-04:00,2002-08-01,2026-10-02T01:21:47+00:00,yfinance 1.2.0 get_earnings_dates
XOM,2002-10-31T08:00:00-05:00,2002-10-31,2026-10-02T01:21:47+00:00,yfinance 1.2.0 get_earnings_dates
XOM,2003-01-30T08:00:00-05:00,2003-01-30,2026-10-02T01:21:47+00:00,yfinance 1.2.0 get_earnings_dates
XOM,2003-05-01T08:00:00-04:00,2003-05-01,2026-10-02T01:21:47+00:00,yfinance 1.2.0 get_earnings_dates
XOM,2003-07-31T08:00:00-04:00,2003-07-31,2026-10-02T01:21:47+00:00,yfinance 1.2.0 get_earnings_dates
XOM,2003-10-30T08:00:00-05:00,2003-10-30,2026-10-02T01:21:47+00:00,yfinance 1.2.0 get_earnings_dates
XOM,2004-01-29T08:00:00-05:00,2004-01-29,2026-10-02T01:21:47+00:00,yfinance 1.2.0 get_earnings_dates
XOM,2004-04-29T08:00:00-04:00,2004-04-29,2026-10-02T01:21:47+00:00,yfinance 1.2.0 get_earnings_dates
XOM,2004-07-29T08:00:00-04:00,2004-07-29,2026-10-02T01:21:47+00:00,yfinance 1.2.0 get_earnings_dates
XOM,2004-10-28T08:00:00-04:00,2004-10-28,2026-10-02T01:21:47+00:00,yfinance 1.2.0 get_earnings_dates
XOM,2005-01-31T08:00:00-05:00,2005-01-31,2026-10-02T01:21:47+00:00,yfinance 1.2.0 get_earnings_dates
XOM,2005-04-28T08:00:00-04:00,2005-04-28,2026-10-02T01:21:47+00:00,yfinance 1.2.0 get_earnings_dates
XOM,2005-07-28T08:00:00-04:00,2005-07-28,2026-10-02T01:21:47+00:00,yfinance 1.2.0 get_earnings_dates
XOM,2005-10-27T08:00:00-04:00,2005-10-27,2026-10-02T01:21:47+00:00,yfinance 1.2.0 get_earnings_dates
XOM,2006-01-30T08:00:00-05:00,2006-01-30,2026-10-02T01:21:47+00:00,yfinance 1.2.0 get_earnings_dates
XOM,2006-04-27T08:00:00-04:00,2006-04-27,2026-10-02T01:21:47+00:00,yfinance 1.2.0 get_earnings_dates
XOM,2006-07-27T08:00:00-04:00,2006-07-27,2026-10-02T01:21:47+00:00,yfinance 1.2.0 get_earnings_dates
XOM,2006-10-26T08:00:00-04:00,2006-10-26,2026-10-02T01:21:47+00:00,yfinance 1.2.0 get_earnings_dates
XOM,2007-02-01T09:00:00-05:00,2007-02-01,2026-10-02T01:21:47+00:00,yfinance 1.2.0 get_earnings_dates
XOM,2007-04-26T08:00:00-04:00,2007-04-26,2026-10-02T01:21:47+00:00,yfinance 1.2.0 get_earnings_dates
XOM,2007-07-26T09:00:00-04:00,2007-07-26,2026-10-02T01:21:47+00:00,yfinance 1.2.0 get_earnings_dates
XOM,2007-11-01T08:00:00-04:00,2007-11-01,2026-10-02T01:21:47+00:00,yfinance 1.2.0 get_earnings_dates
XOM,2008-02-01T08:00:00-05:00,2008-02-01,2026-10-02T01:21:47+00:00,yfinance 1.2.0 get_earnings_dates
XOM,2008-05-01T08:00:00-04:00,2008-05-01,2026-10-02T01:21:47+00:00,yfinance 1.2.0 get_earnings_dates
XOM,2008-07-31T08:00:00-04:00,2008-07-31,2026-10-02T01:21:47+00:00,yfinance 1.2.0 get_earnings_dates
XOM,2008-10-30T08:00:00-04:00,2008-10-30,2026-10-02T01:21:47+00:00,yfinance 1.2.0 get_earnings_dates
XOM,2009-01-30T08:00:00-05:00,2009-01-30,2026-10-02T01:21:47+00:00,yfinance 1.2.0 get_earnings_dates
XOM,2009-04-30T08:00:00-04:00,2009-04-30,2026-10-02T01:21:47+00:00,yfinance 1.2.0 get_earnings_dates
XOM,2009-07-30T08:00:00-04:00,2009-07-30,2026-10-02T01:21:47+00:00,yfinance 1.2.0 get_earnings_dates
XOM,2009-10-29T09:00:00-04:00,2009-10-29,2026-10-02T01:21:47+00:00,yfinance 1.2.0 get_earnings_dates
XOM,2010-02-01T09:00:00-05:00,2010-02-01,2026-10-02T01:21:47+00:00,yfinance 1.2.0 get_earnings_dates
XOM,2010-04-29T08:00:00-04:00,2010-04-29,2026-10-02T01:21:47+00:00,yfinance 1.2.0 get_earnings_dates
XOM,2010-07-29T08:00:00-04:00,2010-07-29,2026-10-02T01:21:47+00:00,yfinance 1.2.0 get_earnings_dates
XOM,2010-10-28T08:00:00-04:00,2010-10-28,2026-10-02T01:21:47+00:00,yfinance 1.2.0 get_earnings_dates
XOM,2011-01-31T08:00:00-05:00,2011-01-31,2026-10-02T01:21:47+00:00,yfinance 1.2.0 get_earnings_dates
XOM,2011-04-28T08:00:00-04:00,2011-04-28,2026-10-02T01:21:47+00:00,yfinance 1.2.0 get_earnings_dates
XOM,2011-07-28T08:00:00-04:00,2011-07-28,2026-10-02T01:21:47+00:00,yfinance 1.2.0 get_earnings_dates
XOM,2011-10-27T08:00:00-04:00,2011-10-27,2026-10-02T01:21:47+00:00,yfinance 1.2.0 get_earnings_dates
XOM,2012-01-31T13:00:00-05:00,2012-01-31,2026-10-02T01:21:47+00:00,yfinance 1.2.0 get_earnings_dates
XOM,2012-04-26T08:00:00-04:00,2012-04-26,2026-10-02T01:21:47+00:00,yfinance 1.2.0 get_earnings_dates
XOM,2012-07-26T08:00:00-04:00,2012-07-26,2026-10-02T01:21:47+00:00,yfinance 1.2.0 get_earnings_dates
XOM,2012-11-01T08:00:00-04:00,2012-11-01,2026-10-02T01:21:47+00:00,yfinance 1.2.0 get_earnings_dates
XOM,2013-02-01T08:00:00-05:00,2013-02-01,2026-10-02T01:21:47+00:00,yfinance 1.2.0 get_earnings_dates
XOM,2013-04-25T08:00:00-04:00,2013-04-25,2026-10-02T01:21:47+00:00,yfinance 1.2.0 get_earnings_dates
XOM,2013-08-01T08:00:00-04:00,2013-08-01,2026-10-02T01:21:47+00:00,yfinance 1.2.0 get_earnings_dates
XOM,2013-10-31T08:00:00-04:00,2013-10-31,2026-10-02T01:21:47+00:00,yfinance 1.2.0 get_earnings_dates
XOM,2014-01-30T08:00:00-05:00,2014-01-30,2026-10-02T01:21:47+00:00,yfinance 1.2.0 get_earnings_dates
XOM,2014-05-01T08:00:00-04:00,2014-05-01,2026-10-02T01:21:47+00:00,yfinance 1.2.0 get_earnings_dates
XOM,2014-07-31T08:00:00-04:00,2014-07-31,2026-10-02T01:21:47+00:00,yfinance 1.2.0 get_earnings_dates
XOM,2014-10-31T08:00:00-04:00,2014-10-31,2026-10-02T01:21:47+00:00,yfinance 1.2.0 get_earnings_dates
XOM,2015-02-02T08:00:00-05:00,2015-02-02,2026-10-02T01:21:47+00:00,yfinance 1.2.0 get_earnings_dates
XOM,2015-04-30T08:00:00-04:00,2015-04-30,2026-10-02T01:21:47+00:00,yfinance 1.2.0 get_earnings_dates
XOM,2015-07-31T08:00:00-04:00,2015-07-31,2026-10-02T01:21:47+00:00,yfinance 1.2.0 get_earnings_dates
XOM,2015-10-30T08:00:00-04:00,2015-10-30,2026-10-02T01:21:47+00:00,yfinance 1.2.0 get_earnings_dates
XOM,2016-02-02T08:00:00-05:00,2016-02-02,2026-10-02T01:21:47+00:00,yfinance 1.2.0 get_earnings_dates
XOM,2016-04-29T08:00:00-04:00,2016-04-29,2026-10-02T01:21:47+00:00,yfinance 1.2.0 get_earnings_dates
XOM,2016-07-29T08:00:00-04:00,2016-07-29,2026-10-02T01:21:47+00:00,yfinance 1.2.0 get_earnings_dates
XOM,2016-10-28T08:00:00-04:00,2016-10-28,2026-10-02T01:21:47+00:00,yfinance 1.2.0 get_earnings_dates
XOM,2017-01-31T08:00:00-05:00,2017-01-31,2026-10-02T01:21:47+00:00,yfinance 1.2.0 get_earnings_dates
XOM,2017-04-28T08:00:00-04:00,2017-04-28,2026-10-02T01:21:47+00:00,yfinance 1.2.0 get_earnings_dates
XOM,2017-07-28T08:00:00-04:00,2017-07-28,2026-10-02T01:21:47+00:00,yfinance 1.2.0 get_earnings_dates
XOM,2017-10-27T08:00:00-04:00,2017-10-27,2026-10-02T01:21:47+00:00,yfinance 1.2.0 get_earnings_dates
XOM,2018-02-02T08:00:00-05:00,2018-02-02,2026-10-02T01:21:47+00:00,yfinance 1.2.0 get_earnings_dates
XOM,2018-04-27T08:00:00-04:00,2018-04-27,2026-10-02T01:21:47+00:00,yfinance 1.2.0 get_earnings_dates
XOM,2018-07-27T08:00:00-04:00,2018-07-27,2026-10-02T01:21:47+00:00,yfinance 1.2.0 get_earnings_dates
XOM,2018-11-02T08:00:00-04:00,2018-11-02,2026-10-02T01:21:47+00:00,yfinance 1.2.0 get_earnings_dates
XOM,2019-02-01T08:00:00-05:00,2019-02-01,2026-10-02T01:21:47+00:00,yfinance 1.2.0 get_earnings_dates
XOM,2019-04-26T08:00:00-04:00,2019-04-26,2026-10-02T01:21:47+00:00,yfinance 1.2.0 get_earnings_dates
XOM,2019-08-02T07:00:00-04:00,2019-08-02,2026-10-02T01:21:47+00:00,yfinance 1.2.0 get_earnings_dates
XOM,2019-11-01T07:00:00-04:00,2019-11-01,2026-10-02T01:21:47+00:00,yfinance 1.2.0 get_earnings_dates
XOM,2020-01-31T07:00:00-05:00,2020-01-31,2026-10-02T01:21:47+00:00,yfinance 1.2.0 get_earnings_dates
XOM,2020-05-01T08:00:00-04:00,2020-05-01,2026-10-02T01:21:47+00:00,yfinance 1.2.0 get_earnings_dates
XOM,2020-07-31T07:00:00-04:00,2020-07-31,2026-10-02T01:21:47+00:00,yfinance 1.2.0 get_earnings_dates
XOM,2020-10-30T07:00:00-04:00,2020-10-30,2026-10-02T01:21:47+00:00,yfinance 1.2.0 get_earnings_dates
XOM,2021-02-02T07:00:00-05:00,2021-02-02,2026-10-02T01:21:47+00:00,yfinance 1.2.0 get_earnings_dates
XOM,2021-04-30T07:00:00-04:00,2021-04-30,2026-10-02T01:21:47+00:00,yfinance 1.2.0 get_earnings_dates
XOM,2021-07-30T07:00:00-04:00,2021-07-30,2026-10-02T01:21:47+00:00,yfinance 1.2.0 get_earnings_dates
XOM,2021-10-29T07:00:00-04:00,2021-10-29,2026-10-02T01:21:47+00:00,yfinance 1.2.0 get_earnings_dates
XOM,2022-02-01T07:00:00-05:00,2022-02-01,2026-10-02T01:21:47+00:00,yfinance 1.2.0 get_earnings_dates
XOM,2022-04-29T06:00:00-04:00,2022-04-29,2026-10-02T01:21:47+00:00,yfinance 1.2.0 get_earnings_dates
XOM,2022-07-29T06:00:00-04:00,2022-07-29,2026-10-02T01:21:47+00:00,yfinance 1.2.0 get_earnings_dates
XOM,2022-10-28T06:00:00-04:00,2022-10-28,2026-10-02T01:21:47+00:00,yfinance 1.2.0 get_earnings_dates
XOM,2023-01-31T06:00:00-05:00,2023-01-31,2026-10-02T01:21:47+00:00,yfinance 1.2.0 get_earnings_dates
XOM,2023-04-28T06:00:00-04:00,2023-04-28,2026-10-02T01:21:47+00:00,yfinance 1.2.0 get_earnings_dates
XOM,2023-07-28T06:00:00-04:00,2023-07-28,2026-10-02T01:21:47+00:00,yfinance 1.2.0 get_earnings_dates
XOM,2023-10-27T03:00:00-04:00,2023-10-27,2026-10-02T01:21:47+00:00,yfinance 1.2.0 get_earnings_dates
XOM,2024-02-02T06:00:00-05:00,2024-02-02,2026-10-02T01:21:47+00:00,yfinance 1.2.0 get_earnings_dates
XOM,2024-04-26T04:00:00-04:00,2024-04-26,2026-10-02T01:21:47+00:00,yfinance 1.2.0 get_earnings_dates
XOM,2024-08-02T06:00:00-04:00,2024-08-02,2026-10-02T01:21:47+00:00,yfinance 1.2.0 get_earnings_dates
XOM,2024-11-01T06:00:00-04:00,2024-11-01,2026-10-02T01:21:47+00:00,yfinance 1.2.0 get_earnings_dates
XOM,2025-01-31T06:00:00-05:00,2025-01-31,2026-10-02T01:21:47+00:00,yfinance 1.2.0 get_earnings_dates
XOM,2025-05-02T06:00:00-04:00,2025-05-02,2026-10-02T01:21:47+00:00,yfinance 1.2.0 get_earnings_dates
XOM,2025-08-01T06:00:00-04:00,2025-08-01,2026-10-02T01:21:47+00:00,yfinance 1.2.0 get_earnings_dates
XOM,2025-10-31T06:00:00-04:00,2025-10-31,2026-10-02T01:21:47+00:00,yfinance 1.2.0 get_earnings_dates
XOM,2026-01-30T06:00:00-05:00,2026-01-30,2026-10-02T01:21:47+00:00,yfinance 1.2.0 get_earnings_dates
XOM,2026-05-01T06:00:00-04:00,2026-05-01,2026-10-02T01:21:47+00:00,yfinance 1.2.0 get_earnings_dates
XOM,2026-07-31T06:00:00-04:00,2026-07-31,2026-10-02T01:21:47+00:00,yfinance 1.2.0 get_earnings_dates
XOM,2026-10-30T08:00:00-04:00,2026-10-30,2026-10-02T01:21:47+00:00,yfinance 1.2.0 get_earnings_dates
